Año,Sector,Código de sector,Entidad,Código de entidad,Tipo de gasto,Apropiación a precios corrientes,Apropiación a precios constantes (2026)
2013,Congreso de la república,1,Congreso de la república,101,Funcionamiento,383435000000.0,757327499999.9999
2013,Ambiente y desarrollo sostenible,32,"Instituto de hidrología, meteorología y estudios ambientales- ideam",3202,Funcionamiento,38264100000.0,75575926018.09953
2013,Ambiente y desarrollo sostenible,32,"Instituto de hidrología, meteorología y estudios ambientales- ideam",3202,Inversión,22550000000.0,44538800904.97737
2013,Ambiente y desarrollo sostenible,32,Fondo nacional ambiental,3204,Funcionamiento,19735290000.0,38979430248.868774
2013,Ambiente y desarrollo sostenible,32,Fondo nacional ambiental,3204,Inversión,35760000000.0,70630045248.86876
2013,Ambiente y desarrollo sostenible,32,Corporación autónoma regional de los valles del sinú y san jorge (cvs),3208,Funcionamiento,2351270000.0,4644024230.76923
2013,Ambiente y desarrollo sostenible,32,Corporación autónoma regional del quindío (crq),3209,Funcionamiento,3930300000.0,7762787104.072397
2013,Ambiente y desarrollo sostenible,32,Corporación para el desarrollo sostenible del urabá (corpourabá),3210,Funcionamiento,2618525000.0,5171883088.235293
2013,Ambiente y desarrollo sostenible,32,Corporación para el desarrollo sostenible del urabá (corpourabá),3210,Inversión,1000000000.0,1975113122.171945
2013,Ambiente y desarrollo sostenible,32,Corporación autónoma regional de caldas (corpocaldas),3211,Funcionamiento,2662415000.0,5258570803.167419
2013,Ambiente y desarrollo sostenible,32,Corporación autónoma regional para el desarrollo sostenible del choco (codechoco),3212,Funcionamiento,1467200000.0,2897885972.8506784
2013,Ambiente y desarrollo sostenible,32,Corporación autónoma regional para el desarrollo sostenible del choco (codechoco),3212,Inversión,657000000.0,1297649321.266968
2013,Ambiente y desarrollo sostenible,32,Corporación autónoma regional del tolima (cortolima),3214,Funcionamiento,1506500000.0,2975507918.552036
2013,Ambiente y desarrollo sostenible,32,Corporación autónoma regional de risaralda (carder),3215,Funcionamiento,1914693000.0,3781735269.2307687
2013,Ambiente y desarrollo sostenible,32,Corporación autónoma regional de nariño (corponariño),3216,Funcionamiento,1831900000.0,3618209728.506787
2013,Ambiente y desarrollo sostenible,32,Ministerio de ambiente y desarrollo sostenible,3201,Inversión,140576000000.0,277653502262.4434
2013,Ambiente y desarrollo sostenible,32,Corporación autónoma regional de la frontera nororiental (corponor),3217,Funcionamiento,2620340000.0,5175467918.552035
2013,Ambiente y desarrollo sostenible,32,Corporación autónoma regional del cesar (corpocesar),3219,Funcionamiento,2064166000.0,4076961352.941176
2013,Ambiente y desarrollo sostenible,32,Corporación autónoma regional del cauca (crc),3221,Funcionamiento,5063400000.0,10000787782.805428
2013,Ambiente y desarrollo sostenible,32,Corporación autónoma regional del magdalena (corpamag),3222,Funcionamiento,3463235000.0,6840280893.665157
2013,Ambiente y desarrollo sostenible,32,Corporación autónoma regional del magdalena (corpamag),3222,Inversión,17000000000.0,33576923076.923073
2013,Ambiente y desarrollo sostenible,32,Corporación para el desarrollo sostenible del sur de la amazonia (corpoamazonia),3223,Funcionamiento,1732200000.0,3421290950.226244
2013,Ambiente y desarrollo sostenible,32,Corporación para el desarrollo sostenible del sur de la amazonia (corpoamazonia),3223,Inversión,250000000.0,493778280.54298633
2013,Ambiente y desarrollo sostenible,32,Corporación  para el desarrollo sostenible del norte y oriente de la amazonia (cda),3224,Funcionamiento,1710100000.0,3377640950.226244
2013,Ambiente y desarrollo sostenible,32,Corporación  para el desarrollo sostenible del norte y oriente de la amazonia (cda),3224,Inversión,450000000.0,888800904.9773754
2013,Ambiente y desarrollo sostenible,32,"Corporación para el desarrollo sostenible del archipiélago de san andres, providencia y santa catalina (coralina)",3226,Funcionamiento,1679900000.0,3317992533.936651
2013,Ambiente y desarrollo sostenible,32,"Corporación para el desarrollo sostenible del archipiélago de san andres, providencia y santa catalina (coralina)",3226,Inversión,1200000000.0,2370135746.606334
2013,Ambiente y desarrollo sostenible,32,Corporación para el desarrollo sostenible del área de manejo especial la macarena (cormacarena),3227,Funcionamiento,1846440000.0,3646927873.303167
2013,Ambiente y desarrollo sostenible,32,Corporación para el desarrollo sostenible del área de manejo especial la macarena (cormacarena),3227,Inversión,500000000.0,987556561.0859728
2013,Ambiente y desarrollo sostenible,32,Corporación  para el desarrollo sostenible de la mojana y el san jorge (corpomojana),3228,Funcionamiento,1612001000.0,3183884328.054298
2013,Ambiente y desarrollo sostenible,32,Corporación autónoma regional de la orinoquia (corporinoquia),3229,Funcionamiento,1552840000.0,3067034660.6334834
2013,Ambiente y desarrollo sostenible,32,Corporación autónoma regional de la guajira (corpoguajira),3218,Funcionamiento,2782340000.0,5495436244.34389
2013,Ambiente y desarrollo sostenible,32,Ministerio de ambiente y desarrollo sostenible,3201,Funcionamiento,133450392000.0,263579620398.19
2013,Fiscalía,29,Instituto nacional de medicina legal y ciencias forenses,2902,Inversión,36330000000.0,71755859728.50677
2013,Fiscalía,29,Instituto nacional de medicina legal y ciencias forenses,2902,Funcionamiento,136805310246.0,270205963449.67868
2013,Tecnologías de la información y las comunicaciones,23,Fondo único de tecnologías de la información y las comunicaciones,2306,Inversión,993315800000.0,1961911071040.7236
2013,Tecnologías de la información y las comunicaciones,23,Agencia nacional del espectro - ane,2309,Funcionamiento,9664000000.0,19087493212.66968
2013,Tecnologías de la información y las comunicaciones,23,Agencia nacional del espectro - ane,2309,Inversión,18500000000.0,36539592760.18099
2013,Transporte,24,Ministerio de transporte,2401,Funcionamiento,101182300000.0,199846488461.5384
2013,Transporte,24,Ministerio de transporte,2401,Inversión,141894300000.0,280257293891.40265
2013,Transporte,24,Instituto nacional de vías,2402,Funcionamiento,118498600000.0,234048139819.0045
2013,Transporte,24,Instituto nacional de vías,2402,Deuda,59180100000.0,116887392081.44794
2013,Transporte,24,Instituto nacional de vías,2402,Inversión,3764202787083.0,7434726319283.843
2013,Transporte,24,Unidad administrativa especial de la aeronáutica civil,2412,Funcionamiento,251504300000.0,496749443212.6696
2013,Transporte,24,Unidad administrativa especial de la aeronáutica civil,2412,Deuda,1212600000.0,2395022171.945701
2013,Transporte,24,Unidad administrativa especial de la aeronáutica civil,2412,Inversión,454754397562.0,898191377990.1039
2013,Transporte,24,Agencia nacional de infraestructura,2413,Funcionamiento,79156720000.0,156343476380.09048
2013,Transporte,24,Agencia nacional de infraestructura,2413,Deuda,296770295000.0,586154903925.3392
2013,Transporte,24,Agencia nacional de infraestructura,2413,Inversión,2818364111869.0,5566587940410.942
2013,Organismos de control,25,Procuraduría general de la nación,2501,Funcionamiento,426007000000.0,841412015837.1039
2013,Organismos de control,25,Procuraduría general de la nación,2501,Inversión,34352000000.0,67849085972.85067
2013,Organismos de control,25,Defensoría del pueblo,2502,Funcionamiento,302406000000.0,597286058823.5293
2013,Fiscalía,29,Fiscalía general de la nación,2901,Inversión,143935072868.0,284288051162.36194
2013,Fiscalía,29,Fiscalía general de la nación,2901,Funcionamiento,1905322069125.0,3763226620692.59
2013,Registraduría,28,Fondo social de vivienda de la registraduría nacional del estado civil,2803,Funcionamiento,9513000000.0,18789251131.22172
2013,Registraduría,28,Fondo rotatorio de la registraduría,2802,Inversión,29459000000.0,58184857466.06334
2013,Registraduría,28,Fondo rotatorio de la registraduría,2802,Funcionamiento,16878000000.0,33335959276.018093
2013,Registraduría,28,Registraduría nacional del estado civil,2801,Inversión,46489944685.0,91822899796.3914
2013,Ambiente y desarrollo sostenible,32,Corporación autónoma regional de sucre (carsucre),3230,Funcionamiento,1730998000.0,3418916864.253393
2013,Registraduría,28,Registraduría nacional del estado civil,2801,Funcionamiento,345766000000.0,682926963800.9049
2013,Rama judicial,27,Rama judicial,2701,Funcionamiento,2342136081106.0,4625983707704.836
2013,Organismos de control,25,Fondo de bienestar social de la contraloría general de la república,2602,Inversión,6200000000.0,12245701357.46606
2013,Organismos de control,25,Fondo de bienestar social de la contraloría general de la república,2602,Funcionamiento,52864000000.0,104412380090.49773
2013,Organismos de control,25,Contraloría general de la república,2601,Inversión,70071000000.0,138398151583.7104
2013,Organismos de control,25,Contraloría general de la república,2601,Funcionamiento,386614000000.0,763606384615.3845
2013,Organismos de control,25,Defensoría del pueblo,2502,Inversión,15382000000.0,30381190045.248863
2013,Rama judicial,27,Rama judicial,2701,Inversión,331910058937.0,655559912787.3325
2013,Ambiente y desarrollo sostenible,32,Corporación autónoma regional de sucre (carsucre),3230,Inversión,500000000.0,987556561.0859728
2013,Ambiente y desarrollo sostenible,32,Corporación autónoma regional del centro de antioquia (corantioquia),3232,Funcionamiento,1757900000.0,3472051357.4660625
2013,Ambiente y desarrollo sostenible,32,Corporación autónoma regional del atlántico (cra),3233,Funcionamiento,1530064000.0,3022049484.162895
2013,Interior,37,Dirección nacional del derecho de autor,3703,Funcionamiento,2668258829.0,5270113026.509048
2013,Interior,37,Dirección nacional del derecho de autor,3703,Inversión,930585000.0,1838010644.79638
2013,Interior,37,Corporación nacional para la reconstrucción de la cuenca del rio páez y zonas aledañas nasa ki we,3704,Funcionamiento,2457723338.0,4854281615.552035
2013,Interior,37,Corporación nacional para la reconstrucción de la cuenca del rio páez y zonas aledañas nasa ki we,3704,Inversión,16700000000.0,32984389140.27149
2013,Interior,37,Unidad nacional de protección - unp,3708,Funcionamiento,242334631489.0,478638310610.6266
2013,Interior,37,Unidad nacional de protección - unp,3708,Inversión,3155000000.0,6231481900.452488
2013,Interior,37,Dirección nacional de bomberos,3709,Funcionamiento,9000000000.0,17776018099.54751
2013,Empleo público,5,Comisión nacional del servicio civil,3801,Funcionamiento,23801021000.0,47009708898.19004
2013,Empleo público,5,Comisión nacional del servicio civil,3801,Inversión,36539000000.0,72168658371.04071
2013,"Ciencia, tecnología e innovación",39,"Ministerio de ciencia, tecnología e innovación",3901,Funcionamiento,17628000000.0,34817294117.64705
2013,"Ciencia, tecnología e innovación",39,"Ministerio de ciencia, tecnología e innovación",3901,Inversión,370314600000.0,731413225791.8551
2013,"Vivienda, ciudad y territorio",40,"Ministerio de vivienda, ciudad y territorio",4001,Funcionamiento,1467428205544.0,2898336704615.185
2013,"Vivienda, ciudad y territorio",40,"Ministerio de vivienda, ciudad y territorio",4001,Inversión,793974330000.0,1568189117850.6785
2013,"Vivienda, ciudad y territorio",40,Fondo nacional de vivienda - fonvivienda,4002,Funcionamiento,59304310.0,117132720.88235292
2013,"Vivienda, ciudad y territorio",40,Fondo nacional de vivienda - fonvivienda,4002,Inversión,1300337000000.0,2568312671945.7007
2013,Inclusión social y reconciliación,41,Departamento administrativo para la prosperidad social,4101,Funcionamiento,113596000000.0,224364950226.2443
2013,Inclusión social y reconciliación,41,Departamento administrativo para la prosperidad social,4101,Inversión,2275163904206.0,4493706082289.226
2013,Deporte y recreación,43,Ministerio del deporte,4301,Inversión,312257000000.0,616742898190.0452
2013,Deporte y recreación,43,Ministerio del deporte,4301,Funcionamiento,22631914916.0,44700592130.47058
2013,Inteligencia,42,Departamento administrativo dirección nacional de inteligencia,4201,Inversión,35000000000.0,69128959276.01808
2013,Inteligencia,42,Departamento administrativo dirección nacional de inteligencia,4201,Funcionamiento,74973000000.0,148080156108.59726
2013,Igualdad y equidad,46,Instituto colombiano de bienestar familiar,4602,Inversión,4423951273783.0,8737804212698.096
2013,Igualdad y equidad,46,Instituto colombiano de bienestar familiar,4602,Funcionamiento,296822383924.0,586257785442.6515
2013,Interior,37,Fondo para la participación y el fortalecimiento de la democracia,3702,Funcionamiento,1633522905.0,3226392525.033936
2013,Inclusión social y reconciliación,41,Centro de memoria histórica,4105,Inversión,33031708000.0,65241359918.552025
2013,Inclusión social y reconciliación,41,Unidad de atención y reparación integral a las víctimas,4104,Inversión,754456000000.0,1490135945701.3572
2013,Inclusión social y reconciliación,41,Unidad de atención y reparación integral a las víctimas,4104,Funcionamiento,729737000000.0,1441313124434.389
2013,Inclusión social y reconciliación,41,Agencia nacional para la superación de la pobreza extrema,4103,Inversión,215000000000.0,424649321266.96826
2013,Inclusión social y reconciliación,41,Agencia nacional para la superación de la pobreza extrema,4103,Funcionamiento,22912000000.0,45253791855.20361
2013,Inclusión social y reconciliación,41,Unidad administrativa especial para la consolidación territorial,4102,Inversión,150000000000.0,296266968325.7918
2013,Inclusión social y reconciliación,41,Unidad administrativa especial para la consolidación territorial,4102,Funcionamiento,33499000000.0,66164314479.638
2013,Inclusión social y reconciliación,41,Centro de memoria histórica,4105,Funcionamiento,10490000000.0,20718936651.583706
2013,Tecnologías de la información y las comunicaciones,23,Fondo único de tecnologías de la información y las comunicaciones,2306,Funcionamiento,346709700000.0,684790878054.2985
2013,Interior,37,Ministerio del interior,3701,Inversión,58999893730.0,116531464312.87328
2013,Trabajo,36,Unidad administrativa especial de organizaciones solidarias,3612,Inversión,6171087174.0,12188595255.434387
2013,Ambiente y desarrollo sostenible,32,Corporación autónoma regional de santander (cas),3234,Funcionamiento,1494600000.0,2952004072.3981895
2013,Ambiente y desarrollo sostenible,32,Corporación autónoma regional de boyacá (corpoboyacá),3235,Funcionamiento,1661700000.0,3282045475.1131215
2013,Ambiente y desarrollo sostenible,32,Corporación autónoma regional de chivor (corpochivor),3236,Funcionamiento,1648349000.0,3255675739.819004
2013,Ambiente y desarrollo sostenible,32,Corporación autónoma regional del guavio (corpoguavio),3237,Funcionamiento,665525000.0,1314487160.633484
2013,Ambiente y desarrollo sostenible,32,Corporación autónoma regional del canal del dique (cardique),3238,Funcionamiento,1717587000.0,3392428622.171945
2013,Ambiente y desarrollo sostenible,32,Corporación autónoma regional del sur de bolívar (csb),3239,Funcionamiento,1875299000.0,3703927662.895927
2013,Cultura,33,"Ministerio de las culturas, las artes y los saberes ancestrales",3301,Funcionamiento,192846560988.0,380893773173.1312
2013,Cultura,33,"Ministerio de las culturas, las artes y los saberes ancestrales",3301,Inversión,163548000000.0,323025800904.9773
2013,Cultura,33,Archivo general de la nación,3304,Funcionamiento,9336749945.0,18441137334.80769
2013,Cultura,33,Archivo general de la nación,3304,Inversión,9580000000.0,18921583710.40724
2013,Cultura,33,Instituto colombiano de antropología e historia,3305,Funcionamiento,4755541445.0,9392732311.052034
2013,Cultura,33,Instituto colombiano de antropología e historia,3305,Inversión,5671000160.0,11200866831.855202
2013,Cultura,33,Instituto caro y cuervo,3307,Funcionamiento,5708710055.0,11275348140.305428
2013,Cultura,33,Instituto caro y cuervo,3307,Inversión,4373000000.0,8637169683.257917
2013,Organismos de control,25,Auditoría general de la republica,3401,Funcionamiento,20655000000.0,40795961538.46153
2013,Organismos de control,25,Auditoría general de la republica,3401,Inversión,4460000000.0,8809004524.886877
2013,"Comercio, industria y turismo",35,"Ministerio de comercio, industria y turismo",3501,Funcionamiento,384863061300.0,760148082612.8958
2013,Trabajo,36,Unidad administrativa especial de organizaciones solidarias,3612,Funcionamiento,7723448000.0,15254683493.212667
2013,Trabajo,36,Servicio nacional de aprendizaje (sena),3602,Inversión,2206069801000.0,4357237412382.352
2013,Trabajo,36,Servicio nacional de aprendizaje (sena),3602,Deuda,165400000.0,326683710.40723974
2013,Trabajo,36,Servicio nacional de aprendizaje (sena),3602,Funcionamiento,69345443000.0,136965094432.12668
2013,Trabajo,36,Ministerio del trabajo,3601,Inversión,1219651371000.0,2408949427337.1035
2013,Trabajo,36,Ministerio del trabajo,3601,Funcionamiento,15604522390000.0,30820696937714.93
2013,Interior,37,Ministerio del interior,3701,Funcionamiento,283642679304.0,560226377901.3392
2013,"Comercio, industria y turismo",35,Instituto nacional de metrología - inm,3505,Inversión,6085000000.0,12018563348.416288
2013,"Comercio, industria y turismo",35,Unidad administrativa especial junta central contadores,3504,Funcionamiento,5612334534.0,11084995584.12217
2013,"Comercio, industria y turismo",35,Superintendencia de industria y comercio,3503,Inversión,35327000000.0,69774821266.9683
2013,"Comercio, industria y turismo",35,Superintendencia de industria y comercio,3503,Funcionamiento,58842797000.0,116221180499.99998
2013,"Comercio, industria y turismo",35,Superintendencia de sociedades,3502,Inversión,11560000000.0,22832307692.30769
2013,"Comercio, industria y turismo",35,Superintendencia de sociedades,3502,Funcionamiento,102546142000.0,202540230692.30765
2013,"Comercio, industria y turismo",35,"Ministerio de comercio, industria y turismo",3501,Inversión,287644911486.0,568131239201.9863
2013,"Comercio, industria y turismo",35,Instituto nacional de metrología - inm,3505,Funcionamiento,10000192000.0,19751510443.43891
2013,Tecnologías de la información y las comunicaciones,23,Ministerio de tecnologías de la información y las comunicaciones,2301,Inversión,8550000000.0,16887217194.570131
2013,Ambiente y desarrollo sostenible,32,Corporación autónoma regional del alto magdalena (cam),3231,Funcionamiento,1637500000.0,3234247737.5565605
2013,Educación,22,"Instituto técnico nacional de comercio ""simón rodríguez"" de cali",2242,Inversión,287116568.0,567087701.0497737
2013,Justicia y del derecho,12,Ministerio de justicia y del derecho,1201,Funcionamiento,54680087196.0,107999357742.32578
2013,Justicia y del derecho,12,Ministerio de justicia y del derecho,1201,Inversión,52369975978.0,103436626761.97736
2013,Justicia y del derecho,12,Superintendencia de notariado y registro,1204,Funcionamiento,374715717755.0,740105931221.9795
2013,Justicia y del derecho,12,Superintendencia de notariado y registro,1204,Inversión,355311000000.0,701779418552.0361
2013,Justicia y del derecho,12,Instituto nacional penitenciario y carcelario - inpec,1208,Funcionamiento,886834038549.0,1751597546726.8708
2013,Justicia y del derecho,12,Instituto nacional penitenciario y carcelario - inpec,1208,Inversión,4430632570.0,8751000528.52941
2013,Justicia y del derecho,12,Dirección nacional de estupefacientes en liquidación,1209,Funcionamiento,231492057800.0,457223001039.36646
2013,Justicia y del derecho,12,Dirección nacional de estupefacientes en liquidación,1209,Inversión,59808000000.0,118127565610.85973
2013,Justicia y del derecho,12,Unidad administrativa especial agencia nacional de defensa jurídica del estado,1210,Funcionamiento,24839769682.0,49061355050.64705
2013,Justicia y del derecho,12,Unidad administrativa especial agencia nacional de defensa jurídica del estado,1210,Inversión,1072000000.0,2117321266.9683256
2013,Justicia y del derecho,12,Unidad de servicios penitenciarios y carcelarios - uspec,1211,Funcionamiento,381636487014.0,753775233400.9546
2013,Justicia y del derecho,12,Unidad de servicios penitenciarios y carcelarios - uspec,1211,Inversión,124900515028.0,246692646197.83707
2013,Hacienda,13,Ministerio de hacienda y crédito público,1301,Funcionamiento,10196721395655.0,20139678231689.625
2013,Hacienda,13,Ministerio de hacienda y crédito público,1301,Inversión,1281520325472.0,2531147611169.8096
2013,Hacienda,13,Unidad administrativa especial contaduría general de la nación,1308,Funcionamiento,9968562438.0,19689038480.48416
2013,Hacienda,13,Unidad administrativa especial contaduría general de la nación,1308,Inversión,8925290168.0,17628457730.00905
2013,Hacienda,13,Superintendencia de la economía solidaria,1309,Funcionamiento,8003640406.0,15808095191.036196
2013,Defensa y policía,15,Caja de retiro de las fuerzas militares,1503,Funcionamiento,1755362257450.0,3467039028854.864
2013,Defensa y policía,15,Ministerio de defensa nacional,1501,Inversión,2372393000000.0,4685744545248.868
2013,Defensa y policía,15,Ministerio de defensa nacional,1501,Funcionamiento,10273024534968.0,20290385563409.645
2013,Servicio de la deuda pública nacional,14,Servicio de la deuda pública nacional,1401,Deuda,45109198935564.0,89095770748297.2
2013,Hacienda,13,Fondo adaptación,1315,Inversión,1860000000000.0,3673710407239.8184
2013,Hacienda,13,Fondo adaptación,1315,Funcionamiento,20643000000.0,40772260180.99547
2013,Relaciones exteriores,11,Unidad administrativa especial migración colombia,1104,Funcionamiento,70433000000.0,139113142533.9366
2013,Hacienda,13,Unidad administrativa especial de gestión  pensional y contribuciones parafiscales de la protección social (ugppp),1314,Inversión,6450000000.0,12739479638.009048
2013,Hacienda,13,Superintendencia financiera de colombia,1313,Inversión,14897359000.0,29423969246.60633
2013,Hacienda,13,Superintendencia financiera de colombia,1313,Funcionamiento,165774000000.0,327422402714.93207
2013,Hacienda,13,Unidad de información y análisis financiero,1312,Funcionamiento,6676112721.0,13186077840.346151
2013,Hacienda,13,Unidad administrativa especial dirección de impuestos y aduanas nacionales,1310,Inversión,393499045796.0,777205128913.8188
2013,Hacienda,13,Unidad administrativa especial dirección de impuestos y aduanas nacionales,1310,Funcionamiento,1003604100000.0,1982231627375.5652
2013,Hacienda,13,Superintendencia de la economía solidaria,1309,Inversión,4041000000.0,7981432126.696831
2013,Hacienda,13,Unidad administrativa especial de gestión  pensional y contribuciones parafiscales de la protección social (ugppp),1314,Funcionamiento,167013000000.0,329869567873.3031
2013,Defensa y policía,15,Caja de retiro de las fuerzas militares,1503,Inversión,9040000000.0,17855022624.434387
2013,Relaciones exteriores,11,Fondo rotatorio del ministerio de relaciones exteriores,1102,Inversión,48255000000.0,95309083710.40724
2013,Relaciones exteriores,11,Ministerio de relaciones exteriores,1101,Funcionamiento,234237000000.0,462644572398.18994
2013,Tecnologías de la información y las comunicaciones,23,Ministerio de tecnologías de la información y las comunicaciones,2301,Funcionamiento,64534400000.0,127462740271.4932
2013,Congreso de la república,1,Congreso de la república,101,Inversión,71142317260.0,140514124361.94568
2013,Presidencia de la república,2,Presidencia de la república,201,Funcionamiento,153380609752.0,302944055007.9094
2013,Presidencia de la república,2,Presidencia de la república,201,Inversión,105666752705.0,208703789844.9434
2013,Presidencia de la república,2,"Agencia presidencial de cooperación internacional de colombia, apc - colombia",209,Funcionamiento,23052000000.0,45530307692.307686
2013,Presidencia de la república,2,"Agencia presidencial de cooperación internacional de colombia, apc - colombia",209,Inversión,50153000000.0,99057848416.28958
2013,Presidencia de la república,2,Unidad nacional para la gestión del riesgo de desastres,211,Funcionamiento,30449000000.0,60140219457.013565
2013,Presidencia de la república,2,Unidad nacional para la gestión del riesgo de desastres,211,Inversión,2392812678.0,4726075719.217194
2013,Presidencia de la república,2,Agencia para la reincorporación y la normalización - arn,212,Funcionamiento,152256000000.0,300722823529.4117
2013,Presidencia de la república,2,Agencia para la reincorporación y la normalización - arn,212,Inversión,4290000000.0,8473235294.117645
2013,Planeación,3,Departamento administrativo nacional de planeación,301,Funcionamiento,80672065183.0,159336454535.6538
2013,Planeación,3,Departamento administrativo nacional de planeación,301,Inversión,355962638202.0,703066477715.7148
2013,Planeación,3,Unidad administrativa especial  - agencia nacional de contratación pública - colombia compra eficiente,303,Funcionamiento,8831000000.0,17442223981.900448
2013,Planeación,3,Unidad administrativa especial  - agencia nacional de contratación pública - colombia compra eficiente,303,Inversión,15500000000.0,30614253393.665154
2013,Planeación,3,Superintendencia de servicios públicos domiciliarios,324,Funcionamiento,61151162000.0,120780462502.26242
2013,Planeación,3,Superintendencia de servicios públicos domiciliarios,324,Inversión,24814400000.0,49011247058.82352
2013,Planeación,3,Fondo nacional de regalías,325,Funcionamiento,3342000000.0,6600828054.298641
2013,DAS,6,Fondo rotatorio del departamento administrativo de seguridad,602,Inversión,8536540820.0,16860633791.538458
2013,DAS,6,Fondo rotatorio del departamento administrativo de seguridad,602,Funcionamiento,20991096000.0,41459789158.37103
2013,DAS,6,Departamento administrativo de seguridad (das) en supresión,601,Funcionamiento,74142862180.0,146440540007.10403
2013,Empleo público,5,Escuela superior de administración pública (esap),503,Inversión,86215272000.0,170284915058.8235
2013,Empleo público,5,Escuela superior de administración pública (esap),503,Funcionamiento,51383000000.0,101487237556.56108
2013,Empleo público,5,Departamento administrativo de la función pública,501,Inversión,5773000000.0,11402328054.29864
2013,Relaciones exteriores,11,Fondo rotatorio del ministerio de relaciones exteriores,1102,Funcionamiento,232440000000.0,459095294117.647
2013,Empleo público,5,Departamento administrativo de la función pública,501,Funcionamiento,13632550000.0,26925828393.665154
2013,Información estadística,4,Instituto geográfico agustín codazzi - igac,403,Funcionamiento,80240000000.0,158483076923.0769
2013,Información estadística,4,Fondo rotatorio del dane,402,Inversión,9500000000.0,18763574660.63348
2013,Información estadística,4,Fondo rotatorio del dane,402,Funcionamiento,1873400000.0,3700176923.0769224
2013,Información estadística,4,Departamento administrativo nacional de estadística (dane),401,Inversión,113181260052.0,223545791912.66055
2013,Información estadística,4,Departamento administrativo nacional de estadística (dane),401,Funcionamiento,73805588071.0,145774385488.6493
2013,Planeación,3,Fondo nacional de regalías,325,Inversión,408265000000.0,806369558823.5293
2013,Información estadística,4,Instituto geográfico agustín codazzi - igac,403,Inversión,145396846425.0,287175219296.4366
2013,Defensa y policía,15,Instituto casas fiscales del ejército,1507,Funcionamiento,20903385000.0,41286550011.31221
2013,Relaciones exteriores,11,Unidad administrativa especial migración colombia,1104,Inversión,13130000000.0,25933235294.11764
2013,Defensa y policía,15,Instituto casas fiscales del ejército,1507,Inversión,48316000000.0,95429565610.85973
2013,Salud y protección social,19,Fondo de previsión social del congreso ,1913,Funcionamiento,318542901000.0,629158263739.8188
2013,Salud y protección social,19,Fondo de previsión social del congreso ,1913,Inversión,636600000.0,1257357013.5746603
2013,Salud y protección social,19,Fondo pasivo social de ferrocarriles nacionales de colombia ,1914,Funcionamiento,416498052456.0,822630768764.9048
2013,Salud y protección social,19,Unidad administrativa especial comisión de regulación en salud - cres,1915,Funcionamiento,10484091000.0,20707265708.14479
2013,Salud y protección social,19,Unidad administrativa especial comisión de regulación en salud - cres,1915,Inversión,6945000000.0,13717160633.48416
2013,Minas y energía,21,Ministerio de minas y energía,2101,Funcionamiento,59648400000.0,117812337556.56108
2013,Minas y energía,21,Ministerio de minas y energía,2101,Inversión,2596610450000.0,5128599372963.8
2013,Minas y energía,21,Servicio geológico colombiano,2103,Funcionamiento,36702300000.0,72491194343.89139
2013,Minas y energía,21,Servicio geológico colombiano,2103,Inversión,133653400000.0,263980584162.89587
2013,Minas y energía,21,Unidad de planeacion minero energética - upme,2109,Funcionamiento,10952601000.0,21632625957.013573
2013,Minas y energía,21,Unidad de planeacion minero energética - upme,2109,Inversión,30742260000.0,60719441131.22171
2013,Minas y energía,21,Instituto de planificación y promoción de soluciones  energéticas para las zonas no interconectadas - ipse,2110,Funcionamiento,22400200000.0,44242928959.27601
2013,Minas y energía,21,Instituto de planificación y promoción de soluciones  energéticas para las zonas no interconectadas - ipse,2110,Inversión,36668600000.0,72424633031.6742
2013,Minas y energía,21,Agencia nacional de hidrocarburos - anh,2111,Inversión,313820000000.0,619829999999.9999
2013,Minas y energía,21,Agencia nacional de minería - anm,2112,Funcionamiento,62949500000.0,124332383484.16289
2013,Minas y energía,21,Agencia nacional de minería - anm,2112,Inversión,16408700000.0,32409038687.7828
2013,Educación,22,Ministerio de educación nacional,2201,Funcionamiento,23403735052458.0,46225024209945.32
2013,Educación,22,"Instituto técnico nacional de comercio ""simón rodríguez"" de cali",2242,Funcionamiento,4157198202.0,8210936720.239818
2013,Educación,22,Instituto tolimense de formación técnica profesional,2241,Inversión,600740000.0,1186529457.0135744
2013,Educación,22,Instituto tolimense de formación técnica profesional,2241,Funcionamiento,9748127797.0,19253655128.4638
2013,Educación,22,Instituto nacional de formación técnica profesional de san juan del cesar,2239,Inversión,1698315701.0,3354365626.635746
2013,Educación,22,Instituto nacional de formación técnica profesional de san juan del cesar,2239,Funcionamiento,3265827018.0,6450377797.995474
2013,Educación,22,Instituto nacional de formación técnica profesional de san andres y providencia,2238,Inversión,786950000.0,1554315271.4932125
2013,Salud y protección social,19,Instituto nacional de vigilancia de medicamentos y alimentos - invima,1912,Inversión,59990871333.0,118488757180.33708
2013,Educación,22,Instituto nacional de formación técnica profesional de san andres y providencia,2238,Funcionamiento,2588567943.0,5112714511.852941
2013,Educación,22,Escuela tecnológica instituto técnico central,2234,Funcionamiento,12710813248.0,25105294039.601807
2013,Igualdad y equidad,46,Instituto nacional para ciegos (inci),4604,Inversión,1543562139.0,3048709835.626696
2013,Igualdad y equidad,46,Instituto nacional para ciegos (inci),4604,Funcionamiento,3676117399.0,7260747713.409501
2013,Igualdad y equidad,46,Instituto nacional para sordos (insor),4603,Inversión,8259472410.0,16313392339.20814
2013,Igualdad y equidad,46,Instituto nacional para sordos (insor),4603,Funcionamiento,3557826459.0,7027109725.581447
2013,Educación,22,Ministerio de educación nacional,2201,Inversión,1496076676026.0,2954920674594.339
2013,Educación,22,Escuela tecnológica instituto técnico central,2234,Inversión,4069792971.0,8038301501.545247
2013,Salud y protección social,19,Instituto nacional de vigilancia de medicamentos y alimentos - invima,1912,Funcionamiento,97653500000.0,192876709276.01807
2013,Minas y energía,21,Agencia nacional de hidrocarburos - anh,2111,Funcionamiento,251008863000.0,495770899092.7601
2013,Defensa y policía,15,"Defensa civil colombiana, guillermo león valencia",1508,Inversión,1707000000.0,3371518099.5475106
2013,Defensa y policía,15,Policía nacional,1601,Inversión,432087000000.0,853420703619.9093
2013,Defensa y policía,15,Policía nacional,1601,Funcionamiento,6908123036777.0,13644324459516.56
2013,Defensa y policía,15,Agencia logística de las fuerzas militares,1520,Inversión,25800000000.0,50957918552.036194
2013,Defensa y policía,15,Agencia logística de las fuerzas militares,1520,Funcionamiento,952944357669.0,1882172905531.7576
2013,Defensa y policía,15,Hospital militar,1519,Funcionamiento,205925008000.0,406725185484.1629
2013,Defensa y policía,15,Superintendencia de vigilancia y seguridad privada,1516,Inversión,500000000.0,987556561.0859728
2013,Agricultura y desarrollo rural,17,Ministerio de agricultura y desarrollo rural,1701,Funcionamiento,180864126000.0,357227108592.76013
2013,Defensa y policía,15,Superintendencia de vigilancia y seguridad privada,1516,Funcionamiento,10150100000.0,20047595701.357464
2013,Defensa y policía,15,Fondo rotatorio de la policía,1512,Funcionamiento,313287000000.0,618777264705.8822
2013,Defensa y policía,15,Caja de sueldos de retiro de la policía nacional,1511,Inversión,1950000000.0,3851470588.2352934
2013,Defensa y policía,15,Caja de sueldos de retiro de la policía nacional,1511,Funcionamiento,2161155900000.0,4268527377149.32
2013,Defensa y policía,15,Club militar de oficiales,1510,Funcionamiento,36746653072.0,72578796678.40723
2013,Salud y protección social,19,Superintendencia nacional de salud,1910,Inversión,31623727546.0,62460439248.09501
2013,Defensa y policía,15,"Defensa civil colombiana, guillermo león valencia",1508,Funcionamiento,22393573000.0,44229839884.61538
2013,Defensa y policía,15,Fondo rotatorio de la policía,1512,Inversión,8000000000.0,15800904977.375565
2013,Agricultura y desarrollo rural,17,Ministerio de agricultura y desarrollo rural,1701,Inversión,1408671305470.0,2782285180260.882
2013,Defensa y policía,15,Hospital militar,1519,Inversión,9197000000.0,18165115384.615383
2013,Salud y protección social,19,Instituto nacional de salud (ins),1903,Inversión,37395759708.0,73860855712.85971
2013,Salud y protección social,19,Superintendencia nacional de salud,1910,Funcionamiento,72544600000.0,143283791402.7149
2013,Agricultura y desarrollo rural,17,Instituto colombiano agropecuario (ica),1702,Funcionamiento,93744772000.0,185156529312.21716
2013,Salud y protección social,19,Instituto nacional de salud (ins),1903,Funcionamiento,29997173076.0,59247810170.47058
2013,Salud y protección social,19,Ministerio de salud y protección social,1901,Inversión,3508640585375.0,6929962061159.218
2013,Salud y protección social,19,Ministerio de salud y protección social,1901,Funcionamiento,6976310393341.0,13779002202232.334
2013,Agricultura y desarrollo rural,17,Unidad administrativa especial de gestión de restitución de tierras despojadas,1716,Funcionamiento,48835000000.0,96454649321.26695
2013,Agricultura y desarrollo rural,17,Autoridad nacional de acuicultura y pesca - aunap,1715,Inversión,9869707320.0,19493788439.728504
2013,Agricultura y desarrollo rural,17,Unidad administrativa especial de gestión de restitución de tierras despojadas,1716,Inversión,202918632770.0,400787254317.2171
2013,Agricultura y desarrollo rural,17,Incoder,1713,Inversión,446764000000.0,882409438914.027
2013,Agricultura y desarrollo rural,17,Incoder,1713,Deuda,51000000.0,100730769.23076922
2013,Agricultura y desarrollo rural,17,Incoder,1713,Funcionamiento,50969057000.0,100669653305.42984
2013,Agricultura y desarrollo rural,17,Instituto colombiano agropecuario (ica),1702,Inversión,169449000000.0,334680943438.91394
2013,Agricultura y desarrollo rural,17,Instituto colombiano agropecuario (ica),1702,Deuda,238960000.0,471973031.6742081
2013,Agricultura y desarrollo rural,17,Autoridad nacional de acuicultura y pesca - aunap,1715,Funcionamiento,10066545000.0,19882565124.434387
2014,Ambiente y desarrollo sostenible,32,Corporación autónoma regional de risaralda (carder),3215,Funcionamiento,1980472000.0,3773631260.822117
2014,Ambiente y desarrollo sostenible,32,Corporación autónoma regional del cesar (corpocesar),3219,Funcionamiento,2136181000.0,4070322327.3917785
2014,Ambiente y desarrollo sostenible,32,Corporación autónoma regional de la guajira (corpoguajira),3218,Funcionamiento,2876255000.0,5480474241.542378
2014,Ambiente y desarrollo sostenible,32,Corporación autónoma regional de la frontera nororiental (corponor),3217,Funcionamiento,2712396000.0,5168254000.727537
2014,Ambiente y desarrollo sostenible,32,Corporación autónoma regional de nariño (corponariño),3216,Funcionamiento,1895742000.0,3612185011.2768273
2014,Ambiente y desarrollo sostenible,32,Corporación autónoma regional del tolima (cortolima),3214,Funcionamiento,1558297000.0,2969210507.8210254
2014,Ambiente y desarrollo sostenible,32,Corporación autónoma regional de los valles del sinú y san jorge (cvs),3208,Funcionamiento,2424897000.0,4620447612.222626
2014,Ambiente y desarrollo sostenible,32,Corporación autónoma regional para el desarrollo sostenible del choco (codechoco),3212,Funcionamiento,1518715000.0,2893790167.3335757
2014,Ambiente y desarrollo sostenible,32,Corporación autónoma regional de caldas (corpocaldas),3211,Funcionamiento,2755963000.0,5251267440.523827
2014,Ambiente y desarrollo sostenible,32,Corporación para el desarrollo sostenible del urabá (corpourabá),3210,Inversión,2200000000.0,4191924336.1222258
2014,Ambiente y desarrollo sostenible,32,Corporación para el desarrollo sostenible del urabá (corpourabá),3210,Funcionamiento,2709767000.0,5163244651.14587
2014,Ambiente y desarrollo sostenible,32,Corporación autónoma regional del quindío (crq),3209,Funcionamiento,4063113000.0,7741937393.233902
2014,Ambiente y desarrollo sostenible,32,Corporación autónoma regional del cauca (crc),3221,Funcionamiento,4206182000.0,8014543949.072389
2014,Ambiente y desarrollo sostenible,32,Corporación autónoma regional para el desarrollo sostenible del choco (codechoco),3212,Inversión,2168000000.0,4130950891.2331753
2014,Ambiente y desarrollo sostenible,32,Corporación autónoma regional del magdalena (corpamag),3222,Funcionamiento,2755984000.0,5251307454.347034
2014,Ambiente y desarrollo sostenible,32,Corporación autónoma regional del atlántico (cra),3233,Funcionamiento,1583807000.0,3017817775.9185157
2014,Ambiente y desarrollo sostenible,32,Corporación  para el desarrollo sostenible del norte y oriente de la amazonia (cda),3224,Funcionamiento,1769631000.0,3371890570.389232
2014,Ambiente y desarrollo sostenible,32,Fondo nacional ambiental,3204,Inversión,126118650000.0,240309017351.76425
2014,Ambiente y desarrollo sostenible,32,Corporación autónoma regional del centro de antioquia (corantioquia),3232,Funcionamiento,1819625000.0,3467150145.507457
2014,Ambiente y desarrollo sostenible,32,Corporación autónoma regional del alto magdalena (cam),3231,Inversión,1900000000.0,3620298290.287377
2014,Ambiente y desarrollo sostenible,32,Corporación autónoma regional del alto magdalena (cam),3231,Funcionamiento,1694748000.0,3229206993.0883956
2014,Ambiente y desarrollo sostenible,32,Corporación autónoma regional de sucre (carsucre),3230,Inversión,998000000.0,1901609312.477264
2014,Ambiente y desarrollo sostenible,32,Corporación autónoma regional de sucre (carsucre),3230,Funcionamiento,1790613000.0,3411870096.034921
2014,Ambiente y desarrollo sostenible,32,Corporación para el desarrollo sostenible del sur de la amazonia (corpoamazonia),3223,Funcionamiento,1788580000.0,3407996376.864314
2014,Ambiente y desarrollo sostenible,32,Corporación autónoma regional de la orinoquia (corporinoquia),3229,Funcionamiento,1606497000.0,3061051759.185158
2014,Ambiente y desarrollo sostenible,32,Corporación  para el desarrollo sostenible de la mojana y el san jorge (corpomojana),3228,Funcionamiento,1667092000.0,3176510693.3430333
2014,Ambiente y desarrollo sostenible,32,Corporación para el desarrollo sostenible del área de manejo especial la macarena (cormacarena),3227,Inversión,611000000.0,1164211713.3503091
2014,Ambiente y desarrollo sostenible,32,Corporación para el desarrollo sostenible del área de manejo especial la macarena (cormacarena),3227,Funcionamiento,1909954000.0,3639264842.488178
2014,Ambiente y desarrollo sostenible,32,"Corporación para el desarrollo sostenible del archipiélago de san andres, providencia y santa catalina (coralina)",3226,Inversión,1198000000.0,2282693343.03383
2014,Ambiente y desarrollo sostenible,32,"Corporación para el desarrollo sostenible del archipiélago de san andres, providencia y santa catalina (coralina)",3226,Funcionamiento,1736804000.0,3309341343.03383
2014,Ambiente y desarrollo sostenible,32,Corporación  para el desarrollo sostenible del norte y oriente de la amazonia (cda),3224,Inversión,1515000000.0,2886711531.465987
2014,Ambiente y desarrollo sostenible,32,Corporación  para el desarrollo sostenible de la mojana y el san jorge (corpomojana),3228,Inversión,1234000000.0,2351288468.5340123
2014,Ambiente y desarrollo sostenible,32,Fondo nacional ambiental,3204,Funcionamiento,27090957000.0,51619655425.97307
2014,Transporte,24,Ministerio de transporte,2401,Inversión,177689940000.0,338573992622.77185
2014,Ambiente y desarrollo sostenible,32,"Instituto de hidrología, meteorología y estudios ambientales- ideam",3202,Funcionamiento,52062566000.0,99201062461.98616
2014,Organismos de control,25,Defensoría del pueblo,2502,Funcionamiento,333346000000.0,635164186249.5452
2014,Organismos de control,25,Procuraduría general de la nación,2501,Inversión,18811290000.0,35843411065.84212
2014,Organismos de control,25,Procuraduría general de la nación,2501,Funcionamiento,481051000000.0,916604269916.3333
2014,Transporte,24,Agencia nacional de infraestructura,2413,Inversión,2236421163061.0,4261321954206.445
2014,Transporte,24,Agencia nacional de infraestructura,2413,Deuda,173908000000.0,331367807930.1564
2014,Transporte,24,Agencia nacional de infraestructura,2413,Funcionamiento,70466770939.0,134268805448.70206
2014,Organismos de control,25,Defensoría del pueblo,2502,Inversión,29821000000.0,56821534376.13677
2014,Transporte,24,Unidad administrativa especial de la aeronáutica civil,2412,Inversión,633614000000.0,1207300884685.34
2014,Transporte,24,Unidad administrativa especial de la aeronáutica civil,2412,Funcionamiento,287187051000.0,547211994593.67035
2014,Transporte,24,Instituto nacional de vías,2402,Inversión,4399471186851.0,8382841061013.29
2014,Transporte,24,Instituto nacional de vías,2402,Deuda,6970100000.0,13280969006.911602
2014,Transporte,24,Instituto nacional de vías,2402,Funcionamiento,150856600000.0,287445205820.2983
2014,Transporte,24,Ministerio de transporte,2401,Funcionamiento,105582500000.0,201179023281.19315
2014,Ambiente y desarrollo sostenible,32,Corporación autónoma regional de santander (cas),3234,Funcionamiento,1546056000.0,2945886259.73081
2014,Transporte,24,Unidad administrativa especial de la aeronáutica civil,2412,Deuda,884700000.0,1685725209.1669695
2014,Ambiente y desarrollo sostenible,32,"Instituto de hidrología, meteorología y estudios ambientales- ideam",3202,Inversión,20875000000.0,39775645689.341576
2014,Organismos de control,25,Contraloría general de la república,2601,Funcionamiento,436988500000.0,832646694434.3397
2014,Organismos de control,25,Fondo de bienestar social de la contraloría general de la república,2602,Funcionamiento,57592000000.0,109736957439.06874
2014,Ambiente y desarrollo sostenible,32,Ministerio de ambiente y desarrollo sostenible,3201,Inversión,158321910988.0,301669759823.6246
2014,Ambiente y desarrollo sostenible,32,Ministerio de ambiente y desarrollo sostenible,3201,Funcionamiento,160009547000.0,304885415491.4514
2014,Fiscalía,29,Instituto nacional de medicina legal y ciencias forenses,2902,Inversión,38284488793.0,72948036485.1706
2014,Fiscalía,29,Instituto nacional de medicina legal y ciencias forenses,2902,Funcionamiento,153761280546.0,292979842670.0429
2014,Fiscalía,29,Fiscalía general de la nación,2901,Inversión,118320464624.0,225450197781.1975
2014,Fiscalía,29,Fiscalía general de la nación,2901,Funcionamiento,2395703310117.0,4564821367185.466
2014,Organismos de control,25,Contraloría general de la república,2601,Inversión,29000000000.0,55257184430.702065
2014,Registraduría,28,Fondo social de vivienda de la registraduría nacional del estado civil,2803,Funcionamiento,9797000000.0,18667401236.813385
2014,Registraduría,28,Fondo rotatorio de la registraduría,2802,Funcionamiento,27915000000.0,53189803564.93269
2014,Registraduría,28,Registraduría nacional del estado civil,2801,Inversión,42632000000.0,81231871953.4376
2014,Registraduría,28,Registraduría nacional del estado civil,2801,Funcionamiento,697176000000.0,1328413200436.5222
2014,Rama judicial,27,Rama judicial,2701,Inversión,342000000846.0,651653693863.7133
2014,Rama judicial,27,Rama judicial,2701,Funcionamiento,2521229868312.0,4804002200879.686
2014,Organismos de control,25,Fondo de bienestar social de la contraloría general de la república,2602,Inversión,3442000000.0,6558456165.878501
2014,Registraduría,28,Fondo rotatorio de la registraduría,2802,Inversión,51120000000.0,97405078210.25829
2014,Ambiente y desarrollo sostenible,32,Corporación autónoma regional de boyacá (corpoboyacá),3235,Funcionamiento,1719271000.0,3275933611.4950886
2014,Deporte y recreación,43,Ministerio del deporte,4301,Funcionamiento,24635723772.0,46941404553.55984
2014,Ambiente y desarrollo sostenible,32,Corporación autónoma regional de chivor (corpochivor),3236,Funcionamiento,1705721000.0,3250115168.4248815
2014,"Vivienda, ciudad y territorio",40,"Ministerio de vivienda, ciudad y territorio",4001,Inversión,356010000000.0,678348628592.2153
2014,"Vivienda, ciudad y territorio",40,"Ministerio de vivienda, ciudad y territorio",4001,Funcionamiento,1522786341923.0,2901547784282.5293
2014,"Ciencia, tecnología e innovación",39,"Ministerio de ciencia, tecnología e innovación",3901,Inversión,353997250000.0,674513494179.7017
2014,"Ciencia, tecnología e innovación",39,"Ministerio de ciencia, tecnología e innovación",3901,Funcionamiento,22785000000.0,43414998181.15678
2014,Empleo público,5,Comisión nacional del servicio civil,3801,Inversión,37100000000.0,70691087668.243
2014,Empleo público,5,Comisión nacional del servicio civil,3801,Funcionamiento,18540130000.0,35326737337.21353
2014,"Vivienda, ciudad y territorio",40,Fondo nacional de vivienda - fonvivienda,4002,Funcionamiento,2206788000.0,4204858328.119315
2014,Interior,37,Dirección nacional de bomberos,3709,Inversión,10000000000.0,19054201527.8283
2014,Interior,37,Unidad nacional de protección - unp,3708,Inversión,3000000000.0,5716260458.34849
2014,Interior,37,Unidad nacional de protección - unp,3708,Funcionamiento,383375152284.0,730490741238.12
2014,Interior,37,Corporación nacional para la reconstrucción de la cuenca del rio páez y zonas aledañas nasa ki we,3704,Inversión,15934000000.0,30360964714.441612
2014,Interior,37,Corporación nacional para la reconstrucción de la cuenca del rio páez y zonas aledañas nasa ki we,3704,Funcionamiento,2518113250.0,4798063733.539469
2014,Interior,37,Dirección nacional del derecho de autor,3703,Inversión,831000000.0,1583404146.9625316
2014,Interior,37,Dirección nacional del derecho de autor,3703,Funcionamiento,3233183830.0,6160573627.333575
2014,Interior,37,Dirección nacional de bomberos,3709,Funcionamiento,4676021612.0,8909785814.352854
2014,Interior,37,Fondo para la participación y el fortalecimiento de la democracia,3702,Funcionamiento,7971532917.0,15189119468.623495
2014,"Vivienda, ciudad y territorio",40,Fondo nacional de vivienda - fonvivienda,4002,Inversión,1792754060000.0,3415949714907.239
2014,Inclusión social y reconciliación,41,Departamento administrativo para la prosperidad social,4101,Inversión,2906782847081.0,5538642616591.588
2014,Tecnologías de la información y las comunicaciones,23,ANTV,2310,Inversión,182745000000.0,348206005820.2983
2014,Deporte y recreación,43,Ministerio del deporte,4301,Inversión,331684320000.0,631997987690.0691
2014,Inteligencia,42,Departamento administrativo dirección nacional de inteligencia,4201,Inversión,19967000000.0,38045524190.61476
2014,Inteligencia,42,Departamento administrativo dirección nacional de inteligencia,4201,Funcionamiento,76545000000.0,145850385594.76172
2014,Igualdad y equidad,46,Instituto colombiano de bienestar familiar,4602,Inversión,4169315000000.0,7944296824299.744
2014,Igualdad y equidad,46,Instituto colombiano de bienestar familiar,4602,Funcionamiento,320320000000.0,610344183339.3961
2014,Inclusión social y reconciliación,41,Departamento administrativo para la prosperidad social,4101,Funcionamiento,171992000000.0,327717022917.4245
2014,Inclusión social y reconciliación,41,Centro de memoria histórica,4105,Inversión,30125000000.0,57400782102.58275
2014,Inclusión social y reconciliación,41,Unidad de atención y reparación integral a las víctimas,4104,Inversión,706199232608.0,1345606249691.0525
2014,Inclusión social y reconciliación,41,Unidad de atención y reparación integral a las víctimas,4104,Funcionamiento,702795000000.0,1339119756275.009
2014,Inclusión social y reconciliación,41,Agencia nacional para la superación de la pobreza extrema,4103,Inversión,139041700000.0,264932857257.1844
2014,Inclusión social y reconciliación,41,Agencia nacional para la superación de la pobreza extrema,4103,Funcionamiento,24374000000.0,46442710803.928696
2014,Inclusión social y reconciliación,41,Unidad administrativa especial para la consolidación territorial,4102,Inversión,150000000000.0,285813022917.4245
2014,Inclusión social y reconciliación,41,Unidad administrativa especial para la consolidación territorial,4102,Funcionamiento,35746000000.0,68111148781.37504
2014,Inclusión social y reconciliación,41,Centro de memoria histórica,4105,Funcionamiento,10840000000.0,20654754456.16587
2014,Ambiente y desarrollo sostenible,32,Corporación autónoma regional de boyacá (corpoboyacá),3235,Inversión,1000000000.0,1905420152.78283
2014,Interior,37,Ministerio del interior,3701,Inversión,83250202004.0,158626612621.66315
2014,Trabajo,36,Unidad administrativa especial del servicio público de empleo,3613,Inversión,10160000000.0,19359068752.273552
2014,Organismos de control,25,Auditoría general de la republica,3401,Inversión,5800000000.0,11051436886.140411
2014,Organismos de control,25,Auditoría general de la republica,3401,Funcionamiento,26323000000.0,50156374681.70243
2014,Cultura,33,Instituto caro y cuervo,3307,Inversión,3609815396.0,6878215003.364132
2014,Cultura,33,Instituto caro y cuervo,3307,Funcionamiento,5668263051.0,10800422648.649689
2014,Cultura,33,Instituto colombiano de antropología e historia,3305,Inversión,4607003439.0,8778277196.610403
2014,Cultura,33,Instituto colombiano de antropología e historia,3305,Funcionamiento,5119333390.0,9754481010.120045
2014,"Comercio, industria y turismo",35,"Ministerio de comercio, industria y turismo",3501,Funcionamiento,360751469281.0,687383119714.0334
2014,Cultura,33,Archivo general de la nación,3304,Inversión,9655410574.0,18397613891.09203
2014,Cultura,33,"Ministerio de las culturas, las artes y los saberes ancestrales",3301,Inversión,173811630000.0,331184182590.0327
2014,Cultura,33,"Ministerio de las culturas, las artes y los saberes ancestrales",3301,Funcionamiento,180640036369.0,344195165696.91595
2014,Ambiente y desarrollo sostenible,32,Corporación autónoma regional del sur de bolívar (csb),3239,Funcionamiento,1940650000.0,3697753619.497998
2014,Ambiente y desarrollo sostenible,32,Corporación autónoma regional del canal del dique (cardique),3238,Funcionamiento,1777394000.0,3386682347.035285
2014,Ambiente y desarrollo sostenible,32,Corporación autónoma regional del guavio (corpoguavio),3237,Inversión,345000000.0,657369952.7100763
2014,Ambiente y desarrollo sostenible,32,Corporación autónoma regional de chivor (corpochivor),3236,Inversión,380000000.0,724059658.0574753
2014,Cultura,33,Archivo general de la nación,3304,Funcionamiento,9658446008.0,18403397668.208073
2014,Interior,37,Ministerio del interior,3701,Funcionamiento,402860900434.0,767619278455.1807
2014,"Comercio, industria y turismo",35,"Ministerio de comercio, industria y turismo",3501,Inversión,210830410000.0,401720512033.4667
2014,"Comercio, industria y turismo",35,Superintendencia de sociedades,3502,Inversión,10511000000.0,20027871225.90033
2014,Trabajo,36,Unidad administrativa especial del servicio público de empleo,3613,Funcionamiento,9840000000.0,18749334303.383045
2014,Trabajo,36,Unidad administrativa especial de organizaciones solidarias,3612,Inversión,4536000000.0,8642985813.022917
2014,Trabajo,36,Unidad administrativa especial de organizaciones solidarias,3612,Funcionamiento,7813087000.0,14887213425.245544
2014,Trabajo,36,Servicio nacional de aprendizaje (sena),3602,Inversión,2625250640000.0,5002205475562.022
2014,Trabajo,36,Servicio nacional de aprendizaje (sena),3602,Deuda,168700000.0,321444379.7744634
2014,Trabajo,36,Servicio nacional de aprendizaje (sena),3602,Funcionamiento,71057322500.0,135394054294.28882
2014,"Comercio, industria y turismo",35,Superintendencia de sociedades,3502,Funcionamiento,105854000000.0,201696344852.67368
2014,Trabajo,36,Ministerio del trabajo,3601,Inversión,1351515051700.0,2575204016298.5083
2014,"Comercio, industria y turismo",35,Instituto nacional de metrología - inm,3505,Inversión,10000000000.0,19054201527.8283
2014,"Comercio, industria y turismo",35,Instituto nacional de metrología - inm,3505,Funcionamiento,11197500000.0,21335942160.785736
2014,"Comercio, industria y turismo",35,Unidad administrativa especial junta central contadores,3504,Inversión,14000000000.0,26675882138.959618
2014,"Comercio, industria y turismo",35,Unidad administrativa especial junta central contadores,3504,Funcionamiento,6469500000.0,12327115678.428518
2014,"Comercio, industria y turismo",35,Superintendencia de industria y comercio,3503,Inversión,57500000000.0,109561658785.01273
2014,"Comercio, industria y turismo",35,Superintendencia de industria y comercio,3503,Funcionamiento,60900800000.0,116041611640.59656
2014,Trabajo,36,Ministerio del trabajo,3601,Funcionamiento,20374282878167.0,38821569194557.56
2014,Tecnologías de la información y las comunicaciones,23,ANTV,2310,Funcionamiento,61903000000.0,117951223717.71552
2014,Ambiente y desarrollo sostenible,32,Corporación autónoma regional del guavio (corpoguavio),3237,Funcionamiento,685681000.0,1306510395.7802837
2014,Tecnologías de la información y las comunicaciones,23,Agencia nacional del espectro - ane,2309,Funcionamiento,11674823149.0,22245443308.280094
2014,Justicia y del derecho,12,Ministerio de justicia y del derecho,1201,Inversión,29120971780.0,55487686498.23208
2014,Justicia y del derecho,12,Superintendencia de notariado y registro,1204,Funcionamiento,352945941521.0,672510309817.0236
2014,Justicia y del derecho,12,Superintendencia de notariado y registro,1204,Inversión,374801122919.0,714153612895.4972
2014,Justicia y del derecho,12,Instituto nacional penitenciario y carcelario - inpec,1208,Funcionamiento,935995115725.0,1783463956408.7122
2014,Justicia y del derecho,12,Instituto nacional penitenciario y carcelario - inpec,1208,Inversión,3000000000.0,5716260458.34849
2014,Justicia y del derecho,12,Dirección nacional de estupefacientes en liquidación,1209,Funcionamiento,190513601469.0,363008455618.2692
2014,Justicia y del derecho,12,Dirección nacional de estupefacientes en liquidación,1209,Inversión,5757569396.0,10970588758.184065
2014,Justicia y del derecho,12,Unidad administrativa especial agencia nacional de defensa jurídica del estado,1210,Funcionamiento,37692760461.0,71820545396.40523
2014,Justicia y del derecho,12,Unidad administrativa especial agencia nacional de defensa jurídica del estado,1210,Inversión,3614000000.0,6886188432.157147
2014,Justicia y del derecho,12,Unidad de servicios penitenciarios y carcelarios - uspec,1211,Funcionamiento,433427916725.0,825862287306.4932
2014,Justicia y del derecho,12,Unidad de servicios penitenciarios y carcelarios - uspec,1211,Inversión,210000000000.0,400138232084.3943
2014,Hacienda,13,Ministerio de hacienda y crédito público,1301,Funcionamiento,15756434147245.0,30022627160156.168
2014,Hacienda,13,Ministerio de hacienda y crédito público,1301,Inversión,5490501333770.0,10461711890246.363
2014,Hacienda,13,Unidad administrativa especial contaduría general de la nación,1308,Funcionamiento,11589000000.0,22081914150.600216
2014,Hacienda,13,Unidad administrativa especial contaduría general de la nación,1308,Inversión,7000770168.0,13339408563.108038
2014,Hacienda,13,Superintendencia de la economía solidaria,1309,Funcionamiento,13258000000.0,25262060385.594757
2014,Hacienda,13,Superintendencia de la economía solidaria,1309,Inversión,4696000000.0,8947853037.46817
2014,Defensa y policía,15,Caja de retiro de las fuerzas militares,1503,Inversión,7928500000.0,15107123681.338669
2014,Defensa y policía,15,Caja de retiro de las fuerzas militares,1503,Funcionamiento,2053601000000.0,3912972731174.972
2014,Defensa y policía,15,Ministerio de defensa nacional,1501,Inversión,1885241240000.0,3592176651553.2915
2014,Defensa y policía,15,Ministerio de defensa nacional,1501,Funcionamiento,11191481800000.0,21324474961222.26
2014,Servicio de la deuda pública nacional,14,Servicio de la deuda pública nacional,1401,Deuda,42270051529146.0,80542208042803.47
2014,Hacienda,13,Fondo adaptación,1315,Inversión,1000000000000.0,1905420152782.8296
2014,Justicia y del derecho,12,Ministerio de justicia y del derecho,1201,Funcionamiento,66168868193.0,126079494941.773
2014,Hacienda,13,Fondo adaptación,1315,Funcionamiento,25601000000.0,48780661331.39323
2014,Hacienda,13,Unidad administrativa especial de gestión  pensional y contribuciones parafiscales de la protección social (ugppp),1314,Funcionamiento,152250000000.0,290100218261.18585
2014,Hacienda,13,Superintendencia financiera de colombia,1313,Inversión,18708562500.0,35647672017.09712
2014,Hacienda,13,Superintendencia financiera de colombia,1313,Funcionamiento,176797000000.0,336872566751.54596
2014,Hacienda,13,Unidad de información y análisis financiero,1312,Funcionamiento,7585000000.0,14452611858.857763
2014,Hacienda,13,Unidad administrativa especial dirección de impuestos y aduanas nacionales,1310,Inversión,236664616359.0,450945529461.0556
2014,Hacienda,13,Unidad administrativa especial dirección de impuestos y aduanas nacionales,1310,Funcionamiento,1001995000000.0,1909221465987.6316
2014,Hacienda,13,Unidad administrativa especial de gestión  pensional y contribuciones parafiscales de la protección social (ugppp),1314,Inversión,7450000000.0,14195380138.232082
2014,Relaciones exteriores,11,Unidad administrativa especial migración colombia,1104,Inversión,17327400000.0,33015977155.32921
2014,Relaciones exteriores,11,Unidad administrativa especial migración colombia,1104,Funcionamiento,77067000000.0,146845014914.51434
2014,Relaciones exteriores,11,Fondo rotatorio del ministerio de relaciones exteriores,1102,Inversión,39306700000.0,74895778319.38885
2014,Planeación,3,Unidad administrativa especial  - agencia nacional de contratación pública - colombia compra eficiente,303,Inversión,15220000000.0,29000494725.35467
2014,Planeación,3,Unidad administrativa especial  - agencia nacional de contratación pública - colombia compra eficiente,303,Funcionamiento,9068000000.0,17278349945.4347
2014,Planeación,3,Departamento administrativo nacional de planeación,301,Inversión,266603100800.0,507990921058.7122
2014,Planeación,3,Departamento administrativo nacional de planeación,301,Funcionamiento,76958000000.0,146637324117.86102
2014,Presidencia de la república,2,Agencia para la reincorporación y la normalización - arn,212,Inversión,3098000000.0,5902991633.321207
2014,Presidencia de la república,2,Agencia para la reincorporación y la normalización - arn,212,Funcionamiento,145731000000.0,277678784285.1946
2014,Planeación,3,Superintendencia de servicios públicos domiciliarios,324,Funcionamiento,105171000000.0,200394942888.323
2014,Presidencia de la república,2,Unidad nacional para la gestión del riesgo de desastres,211,Inversión,2228029086.0,4245331521.450709
2014,Presidencia de la república,2,"Agencia presidencial de cooperación internacional de colombia, apc - colombia",209,Inversión,24631047744.0,46932494755.573654
2014,Presidencia de la república,2,"Agencia presidencial de cooperación internacional de colombia, apc - colombia",209,Funcionamiento,23726000000.0,45207998544.92542
2014,Presidencia de la república,2,Presidencia de la república,201,Inversión,118094870333.0,225020345872.77335
2014,Presidencia de la república,2,Presidencia de la república,201,Funcionamiento,159750000000.0,304390869407.05707
2014,Congreso de la república,1,Congreso de la república,101,Inversión,78548594278.0,149668074510.0633
2014,Tecnologías de la información y las comunicaciones,23,Agencia nacional del espectro - ane,2309,Inversión,14420000000.0,27476158603.128407
2014,Presidencia de la república,2,Unidad nacional para la gestión del riesgo de desastres,211,Funcionamiento,105523000000.0,201065650782.10257
2014,Defensa y policía,15,Instituto casas fiscales del ejército,1507,Funcionamiento,27000000000.0,51446344125.136406
2014,Planeación,3,Superintendencia de servicios públicos domiciliarios,324,Inversión,17020000000.0,32430251000.36377
2014,Planeación,3,Fondo nacional de regalías,325,Inversión,389087000000.0,741374210985.813
2014,Relaciones exteriores,11,Fondo rotatorio del ministerio de relaciones exteriores,1102,Funcionamiento,241676500000.0,460495273554.0196
2014,Relaciones exteriores,11,Ministerio de relaciones exteriores,1101,Funcionamiento,268566000000.0,511731068752.2735
2014,DAS,6,Fondo rotatorio del departamento administrativo de seguridad,602,Inversión,246600000.0,469876609.67624587
2014,DAS,6,Fondo rotatorio del departamento administrativo de seguridad,602,Funcionamiento,53783500000.0,102480164787.19531
2014,Empleo público,5,Escuela superior de administración pública (esap),503,Inversión,86215272000.0,164276316746.45325
2014,Empleo público,5,Escuela superior de administración pública (esap),503,Funcionamiento,66391669000.0,126504024089.48708
2014,Planeación,3,Fondo nacional de regalías,325,Funcionamiento,3358000000.0,6398400873.044743
2014,Empleo público,5,Departamento administrativo de la función pública,501,Inversión,5041140000.0,9605489748.999636
2014,Información estadística,4,Instituto geográfico agustín codazzi - igac,403,Inversión,108260000000.0,206280785740.26917
2014,Información estadística,4,Instituto geográfico agustín codazzi - igac,403,Funcionamiento,54296000000.0,103456692615.49654
2014,Información estadística,4,Fondo rotatorio del dane,402,Inversión,10045000000.0,19139945434.70353
2014,Información estadística,4,Fondo rotatorio del dane,402,Funcionamiento,3176000000.0,6051614405.238268
2014,Información estadística,4,Departamento administrativo nacional de estadística (dane),401,Inversión,293561146839.0,559357325261.0702
2014,Información estadística,4,Departamento administrativo nacional de estadística (dane),401,Funcionamiento,78368000000.0,149323966533.28482
2014,Empleo público,5,Departamento administrativo de la función pública,501,Funcionamiento,15858625000.0,30217343670.42561
2014,Defensa y policía,15,Instituto casas fiscales del ejército,1507,Inversión,47947000000.0,91359180065.47836
2014,Congreso de la república,1,Congreso de la república,101,Funcionamiento,406553500000.0,774655232084.3943
2014,Defensa y policía,15,"Defensa civil colombiana, guillermo león valencia",1508,Inversión,1417000000.0,2699980356.49327
2014,Educación,22,Ministerio de educación nacional,2201,Inversión,1913581905577.0,3646177526886.9863
2014,Educación,22,Ministerio de educación nacional,2201,Funcionamiento,25018686027001.0,47671108551993.9
2014,Minas y energía,21,Agencia nacional de minería - anm,2112,Inversión,20968300000.0,39953421389.596214
2014,Minas y energía,21,Agencia nacional de minería - anm,2112,Funcionamiento,72592052000.0,138318358812.65912
2014,Minas y energía,21,Agencia nacional de hidrocarburos - anh,2111,Inversión,284536000000.0,542160628592.2153
2014,Minas y energía,21,Agencia nacional de hidrocarburos - anh,2111,Funcionamiento,258044294000.0,491682798098.21747
2014,Igualdad y equidad,46,Instituto nacional para sordos (insor),4603,Funcionamiento,3757233907.0,7159109205.116769
2014,Minas y energía,21,Instituto de planificación y promoción de soluciones  energéticas para las zonas no interconectadas - ipse,2110,Inversión,26581400000.0,50648735249.18152
2014,Minas y energía,21,Unidad de planeacion minero energética - upme,2109,Inversión,24125000000.0,45968261185.88577
2014,Minas y energía,21,Unidad de planeacion minero energética - upme,2109,Funcionamiento,12655313000.0,24113688429.974533
2014,Minas y energía,21,Servicio geológico colombiano,2103,Inversión,33000000000.0,62878865041.83339
2014,Minas y energía,21,Servicio geológico colombiano,2103,Funcionamiento,41569725000.0,79207791760.64023
2014,Minas y energía,21,Ministerio de minas y energía,2101,Inversión,2247544940000.0,4282517422961.076
2014,Minas y energía,21,Ministerio de minas y energía,2101,Funcionamiento,81970473000.0,156188191187.34082
2014,Minas y energía,21,Instituto de planificación y promoción de soluciones  energéticas para las zonas no interconectadas - ipse,2110,Funcionamiento,19824565000.0,37774125671.153145
2014,Salud y protección social,19,Fondo pasivo social de ferrocarriles nacionales de colombia ,1914,Funcionamiento,444317470000.0,846611461571.4805
2014,Igualdad y equidad,46,Instituto nacional para sordos (insor),4603,Inversión,1294179000.0,2465954747.90833
2014,Igualdad y equidad,46,Instituto nacional para ciegos (inci),4604,Inversión,1520004000.0,2896246253.9105124
2014,Defensa y policía,15,"Defensa civil colombiana, guillermo león valencia",1508,Funcionamiento,26572000000.0,50630824299.74535
2014,Tecnologías de la información y las comunicaciones,23,Fondo único de tecnologías de la información y las comunicaciones,2306,Funcionamiento,395959329600.0,754468886302.2189
2014,Tecnologías de la información y las comunicaciones,23,Ministerio de tecnologías de la información y las comunicaciones,2301,Inversión,9650000000.0,18387304474.35431
2014,Tecnologías de la información y las comunicaciones,23,Ministerio de tecnologías de la información y las comunicaciones,2301,Funcionamiento,111727300000.0,212887449036.01303
2014,Educación,22,"Instituto técnico nacional de comercio ""simón rodríguez"" de cali",2242,Inversión,1513578469.0,2884002917.6507816
2014,Educación,22,"Instituto técnico nacional de comercio ""simón rodríguez"" de cali",2242,Funcionamiento,4781195022.0,9110185349.303743
2014,Igualdad y equidad,46,Instituto nacional para ciegos (inci),4604,Funcionamiento,3940803047.0,7508885543.901782
2014,Educación,22,Instituto tolimense de formación técnica profesional,2241,Inversión,519563000.0,989985810.8403054
2014,Educación,22,Instituto nacional de formación técnica profesional de san juan del cesar,2239,Inversión,1749265172.0,3333085111.289923
2014,Educación,22,Instituto nacional de formación técnica profesional de san juan del cesar,2239,Funcionamiento,3488784071.0,6647599477.591124
2014,Educación,22,Instituto nacional de formación técnica profesional de san andres y providencia,2238,Inversión,1068308077.0,2035575739.296471
2014,Educación,22,Instituto nacional de formación técnica profesional de san andres y providencia,2238,Funcionamiento,2707985347.0,5159849853.614405
2014,Educación,22,Escuela tecnológica instituto técnico central,2234,Inversión,3780714101.0,7203848839.95562
2014,Educación,22,Escuela tecnológica instituto técnico central,2234,Funcionamiento,15069755352.0,28714215545.20771
2014,Educación,22,Instituto tolimense de formación técnica profesional,2241,Funcionamiento,9812468581.0,18696875382.78574
2014,Salud y protección social,19,Fondo de previsión social del congreso ,1913,Inversión,218600000.0,416524845.39832664
2014,Tecnologías de la información y las comunicaciones,23,Fondo único de tecnologías de la información y las comunicaciones,2306,Inversión,1300799955253.0,2478570449478.0693
2014,Salud y protección social,19,Instituto nacional de vigilancia de medicamentos y alimentos - invima,1912,Inversión,58351000000.0,111183171335.03091
2014,Agricultura y desarrollo rural,17,Ministerio de agricultura y desarrollo rural,1701,Funcionamiento,195369000000.0,372260029829.0287
2014,Defensa y policía,15,Policía nacional,1601,Inversión,379797000000.0,723672857766.4604
2014,Defensa y policía,15,Policía nacional,1601,Funcionamiento,7610161000000.0,14500554135321.934
2014,Defensa y policía,15,Agencia logística de las fuerzas militares,1520,Inversión,12572200000.0,23955323244.816296
2014,Defensa y policía,15,Agencia logística de las fuerzas militares,1520,Funcionamiento,1004374800000.0,1913755984867.224
2014,Defensa y policía,15,Hospital militar,1519,Funcionamiento,273911000000.0,521915539468.8977
2014,Agricultura y desarrollo rural,17,Ministerio de agricultura y desarrollo rural,1701,Inversión,897074696521.0,1709304205302.6543
2014,Defensa y policía,15,Superintendencia de vigilancia y seguridad privada,1516,Inversión,800000000.0,1524336122.226264
2014,Defensa y policía,15,Fondo rotatorio de la policía,1512,Inversión,8470000000.0,16138908694.07057
2014,Defensa y policía,15,Fondo rotatorio de la policía,1512,Funcionamiento,388436000000.0,740133782466.3513
2014,Defensa y policía,15,Caja de sueldos de retiro de la policía nacional,1511,Funcionamiento,2298021000000.0,4378695524918.1514
2014,Defensa y policía,15,Club militar de oficiales,1510,Inversión,1500000000.0,2858130229.174245
2014,Defensa y policía,15,Club militar de oficiales,1510,Funcionamiento,39180000000.0,74654361586.03128
2014,Salud y protección social,19,Fondo de previsión social del congreso ,1913,Funcionamiento,321489876000.0,612573288646.0531
2014,Defensa y policía,15,Superintendencia de vigilancia y seguridad privada,1516,Funcionamiento,13275000000.0,25294452528.192062
2014,Agricultura y desarrollo rural,17,Instituto colombiano agropecuario (ica),1702,Funcionamiento,109190949402.0,208054635492.0611
2014,Defensa y policía,15,Hospital militar,1519,Inversión,9073900000.0,17289591924.33612
2014,Agricultura y desarrollo rural,17,Instituto colombiano agropecuario (ica),1702,Inversión,131567168288.0,250690733900.52527
2014,Salud y protección social,19,Instituto nacional de vigilancia de medicamentos y alimentos - invima,1912,Funcionamiento,99250700000.0,189114283957.80283
2014,Agricultura y desarrollo rural,17,Instituto colombiano agropecuario (ica),1702,Deuda,207708323.0,395771624.5449254
2014,Salud y protección social,19,Superintendencia nacional de salud,1910,Funcionamiento,86211330000.0,164268805580.21097
2014,Salud y protección social,19,Instituto nacional de salud (ins),1903,Inversión,25830464000.0,49217886661.33139
2014,Salud y protección social,19,Instituto nacional de salud (ins),1903,Funcionamiento,30562260000.0,58233946118.58857
2014,Salud y protección social,19,Ministerio de salud y protección social,1901,Inversión,3891228843000.0,7414425856542.015
2014,Salud y protección social,19,Ministerio de salud y protección social,1901,Funcionamiento,7282817921741.0,13876828037133.268
2014,Salud y protección social,19,Superintendencia nacional de salud,1910,Inversión,48514100000.0,92439743834.12148
2014,Agricultura y desarrollo rural,17,Unidad administrativa especial de gestión de restitución de tierras despojadas,1716,Funcionamiento,50980977000.0,97140180984.35794
2014,Agricultura y desarrollo rural,17,Incoder,1713,Funcionamiento,53815897000.0,102541894683.88504
2014,Agricultura y desarrollo rural,17,Autoridad nacional de acuicultura y pesca - aunap,1715,Inversión,8981000000.0,17112578392.142595
2014,Agricultura y desarrollo rural,17,Autoridad nacional de acuicultura y pesca - aunap,1715,Funcionamiento,10188000000.0,19412420516.55147
2014,Agricultura y desarrollo rural,17,Incoder,1713,Inversión,190993696901.0,363923239129.66095
2014,Agricultura y desarrollo rural,17,Incoder,1713,Deuda,48408974.0,92239434.63514005
2014,Agricultura y desarrollo rural,17,Unidad administrativa especial de gestión de restitución de tierras despojadas,1716,Inversión,168160000000.0,320415452891.9607
2015,Ambiente y desarrollo sostenible,32,Corporación autónoma regional de la frontera nororiental (corponor),3217,Funcionamiento,2793769000.0,4985949581.601362
2015,Ambiente y desarrollo sostenible,32,Corporación autónoma regional de nariño (corponariño),3216,Funcionamiento,1927438000.0,3439836539.6933556
2015,Ambiente y desarrollo sostenible,32,Corporación autónoma regional de risaralda (carder),3215,Funcionamiento,2010684000.0,3588402995.5706983
2015,Ambiente y desarrollo sostenible,32,Corporación autónoma regional del tolima (cortolima),3214,Inversión,1500000000.0,2677001703.5775127
2015,Ambiente y desarrollo sostenible,32,Corporación autónoma regional del tolima (cortolima),3214,Funcionamiento,1582767000.0,2824713303.5775127
2015,Ambiente y desarrollo sostenible,32,Corporación autónoma regional para el desarrollo sostenible del choco (codechoco),3212,Inversión,1758000000.0,3137445996.5928445
2015,Ambiente y desarrollo sostenible,32,Corporación para el desarrollo sostenible del urabá (corpourabá),3210,Inversión,1780000000.0,3176708688.245315
2015,Ambiente y desarrollo sostenible,32,Corporación autónoma regional de caldas (corpocaldas),3211,Funcionamiento,2834828000.0,5059226256.899488
2015,Ambiente y desarrollo sostenible,32,Corporación para el desarrollo sostenible del urabá (corpourabá),3210,Funcionamiento,2784278000.0,4969011299.488926
2015,Ambiente y desarrollo sostenible,32,Corporación autónoma regional del quindío (crq),3209,Funcionamiento,4041717000.0,7213122196.252129
2015,Ambiente y desarrollo sostenible,32,Corporación autónoma regional de los valles del sinú y san jorge (cvs),3208,Funcionamiento,2318910000.0,4138484013.62862
2015,Ambiente y desarrollo sostenible,32,Fondo nacional ambiental,3204,Inversión,186552575728.0,332934375353.7526
2015,Ambiente y desarrollo sostenible,32,Corporación autónoma regional de la guajira (corpoguajira),3218,Funcionamiento,2936749000.0,5241121383.986371
2015,Ambiente y desarrollo sostenible,32,Corporación autónoma regional para el desarrollo sostenible del choco (codechoco),3212,Funcionamiento,1690753000.0,3017432440.88586
2015,Ambiente y desarrollo sostenible,32,Corporación autónoma regional del cesar (corpocesar),3219,Funcionamiento,2194905000.0,3917176282.7938666
2015,Ambiente y desarrollo sostenible,32,Corporación autónoma regional del alto magdalena (cam),3231,Inversión,1540000000.0,2748388415.672913
2015,Ambiente y desarrollo sostenible,32,Corporación autónoma regional del magdalena (corpamag),3222,Funcionamiento,3680012000.0,6567598928.79046
2015,Ambiente y desarrollo sostenible,32,Corporación autónoma regional del centro de antioquia (corantioquia),3232,Funcionamiento,1874214000.0,3344849380.579216
2015,Ambiente y desarrollo sostenible,32,Corporación autónoma regional del alto magdalena (cam),3231,Funcionamiento,1740302000.0,3105860945.826235
2015,Ambiente y desarrollo sostenible,32,Corporación autónoma regional de sucre (carsucre),3230,Inversión,808000000.0,1442011584.3270867
2015,Ambiente y desarrollo sostenible,32,Corporación autónoma regional de sucre (carsucre),3230,Funcionamiento,1889692000.0,3372472468.824531
2015,Ambiente y desarrollo sostenible,32,Corporación autónoma regional de la orinoquia (corporinoquia),3229,Funcionamiento,1636772000.0,2921094288.245315
2015,Ambiente y desarrollo sostenible,32,Corporación  para el desarrollo sostenible de la mojana y el san jorge (corpomojana),3228,Inversión,1065000000.0,1900671209.5400336
2015,Ambiente y desarrollo sostenible,32,Corporación autónoma regional del cauca (crc),3221,Funcionamiento,4332367000.0,7731835893.015331
2015,Ambiente y desarrollo sostenible,32,Corporación  para el desarrollo sostenible de la mojana y el san jorge (corpomojana),3228,Funcionamiento,1684627000.0,3006499565.9284496
2015,Ambiente y desarrollo sostenible,32,Corporación para el desarrollo sostenible del área de manejo especial la macarena (cormacarena),3227,Funcionamiento,1940594000.0,3463315629.3015327
2015,Ambiente y desarrollo sostenible,32,"Corporación para el desarrollo sostenible del archipiélago de san andres, providencia y santa catalina (coralina)",3226,Inversión,970000000.0,1731127768.3134582
2015,Ambiente y desarrollo sostenible,32,"Corporación para el desarrollo sostenible del archipiélago de san andres, providencia y santa catalina (coralina)",3226,Funcionamiento,1775961000.0,3169500414.991482
2015,Ambiente y desarrollo sostenible,32,Corporación  para el desarrollo sostenible del norte y oriente de la amazonia (cda),3224,Inversión,1410000000.0,2516381601.3628616
2015,Ambiente y desarrollo sostenible,32,Corporación  para el desarrollo sostenible del norte y oriente de la amazonia (cda),3224,Funcionamiento,1819259000.0,3246772961.499148
2015,Ambiente y desarrollo sostenible,32,Corporación para el desarrollo sostenible del sur de la amazonia (corpoamazonia),3223,Funcionamiento,1786990000.0,3189183516.183986
2015,Ambiente y desarrollo sostenible,32,Corporación para el desarrollo sostenible del área de manejo especial la macarena (cormacarena),3227,Inversión,560000000.0,999413969.3356048
2015,Ambiente y desarrollo sostenible,32,Fondo nacional ambiental,3204,Funcionamiento,26305746000.0,46947017903.91823
2015,Rama judicial,27,Rama judicial,2701,Inversión,342015000000.0,610383158432.7086
2015,Ambiente y desarrollo sostenible,32,"Instituto de hidrología, meteorología y estudios ambientales- ideam",3202,Funcionamiento,47546638000.0,84854953950.25552
2015,Organismos de control,25,Defensoría del pueblo,2502,Funcionamiento,389900600000.0,695843046950.5962
2015,Organismos de control,25,Procuraduría general de la nación,2501,Inversión,23811000000.0,42494725042.58943
2015,Organismos de control,25,Procuraduría general de la nación,2501,Funcionamiento,493785800000.0,881243618534.9232
2015,Transporte,24,Agencia nacional de seguridad vial,2416,Inversión,32000000000.0,57109369676.32027
2015,Transporte,24,Agencia nacional de seguridad vial,2416,Funcionamiento,16000000000.0,28554684838.160133
2015,Transporte,24,Comisión de regulación de infraestructura y transporte,2415,Funcionamiento,2500000000.0,4461669505.962521
2015,Organismos de control,25,Defensoría del pueblo,2502,Inversión,34821000000.0,62143917546.84837
2015,Transporte,24,Unidad de planeación del sector de infraestructura de transporte,2414,Funcionamiento,2500000000.0,4461669505.962521
2015,Transporte,24,Agencia nacional de infraestructura,2413,Deuda,280078681946.0,499847405803.4575
2015,Transporte,24,Agencia nacional de infraestructura,2413,Funcionamiento,71459940000.0,127532254078.36456
2015,Transporte,24,Unidad administrativa especial de la aeronáutica civil,2412,Inversión,809415207223.0,1444537259091.6775
2015,Transporte,24,Unidad administrativa especial de la aeronáutica civil,2412,Deuda,1380451840.0,2463647951.591141
2015,Ambiente y desarrollo sostenible,32,Corporación autónoma regional del atlántico (cra),3233,Funcionamiento,1631322000.0,2911367848.7223167
2015,Transporte,24,Unidad administrativa especial de la aeronáutica civil,2412,Funcionamiento,302698699930.0,540216623588.8722
2015,Transporte,24,Agencia nacional de infraestructura,2413,Inversión,1987977700000.0,3547879793049.4033
2015,Ambiente y desarrollo sostenible,32,"Instituto de hidrología, meteorología y estudios ambientales- ideam",3202,Inversión,22628450000.0,40384266132.87904
2015,Organismos de control,25,Contraloría general de la república,2601,Funcionamiento,391867000000.0,699352417717.206
2015,Organismos de control,25,Fondo de bienestar social de la contraloría general de la república,2602,Funcionamiento,56311600000.0,100497499420.78365
2015,Ambiente y desarrollo sostenible,32,Ministerio de ambiente y desarrollo sostenible,3201,Inversión,189640316762.0,338444967359.2354
2015,Ambiente y desarrollo sostenible,32,Ministerio de ambiente y desarrollo sostenible,3201,Funcionamiento,156104668000.0,278594974781.6013
2015,Fiscalía,29,Conocimiento e innovación para la justicia (cij),2903,Inversión,5001000000.0,8925123679.727427
2015,Fiscalía,29,Conocimiento e innovación para la justicia (cij),2903,Funcionamiento,18652784364.0,33289023679.26133
2015,Fiscalía,29,Instituto nacional de medicina legal y ciencias forenses,2902,Inversión,37719000000.0,67315884838.16013
2015,Fiscalía,29,Instituto nacional de medicina legal y ciencias forenses,2902,Funcionamiento,154910939782.0,276464566466.1383
2015,Organismos de control,25,Contraloría general de la república,2601,Inversión,109000000000.0,194528790459.9659
2015,Fiscalía,29,Fiscalía general de la nación,2901,Inversión,128064000000.0,228551697444.6337
2015,Registraduría,28,Fondo social de vivienda de la registraduría nacional del estado civil,2803,Funcionamiento,11777898537.0,21019636298.74139
2015,Registraduría,28,Fondo rotatorio de la registraduría,2802,Inversión,44123775259.0,78746281024.40953
2015,Registraduría,28,Fondo rotatorio de la registraduría,2802,Funcionamiento,30181382267.0,53863741163.388756
2015,Registraduría,28,Registraduría nacional del estado civil,2801,Inversión,42632000000.0,76083957751.27768
2015,Registraduría,28,Registraduría nacional del estado civil,2801,Funcionamiento,276954000000.0,494270886541.7376
2015,Rama judicial,27,Rama judicial,2701,Funcionamiento,2986793606633.0,5330434382127.31
2015,Fiscalía,29,Fiscalía general de la nación,2901,Funcionamiento,2693833015147.0,4807597047134.577
2015,Ambiente y desarrollo sostenible,32,Corporación autónoma regional de santander (cas),3234,Funcionamiento,1583368000.0,2825785888.926746
2015,Trabajo,36,Unidad administrativa especial del servicio público de empleo,3613,Inversión,16223400000.0,28953379625.212944
2015,Ambiente y desarrollo sostenible,32,Corporación autónoma regional de boyacá (corpoboyacá),3235,Inversión,810000000.0,1445580919.9318569
2015,Interior,37,Dirección nacional del derecho de autor,3703,Inversión,714500000.0,1275145144.8040886
2015,Interior,37,Corporación nacional para la reconstrucción de la cuenca del rio páez y zonas aledañas nasa ki we,3704,Funcionamiento,2523959671.0,4504429559.351959
2015,Interior,37,Corporación nacional para la reconstrucción de la cuenca del rio páez y zonas aledañas nasa ki we,3704,Inversión,15000000000.0,26770017035.775127
2015,Interior,37,Unidad nacional de protección - unp,3708,Funcionamiento,368251855905.0,657207230402.1771
2015,Interior,37,Unidad nacional de protección - unp,3708,Inversión,3000000000.0,5354003407.1550255
2015,Interior,37,Dirección nacional de bomberos,3709,Funcionamiento,4391551948.0,7837461364.096763
2015,Interior,37,Dirección nacional de bomberos,3709,Inversión,28982024614.0,51723286176.5356
2015,Empleo público,5,Comisión nacional del servicio civil,3801,Funcionamiento,18194280000.0,32470745703.57751
2015,Empleo público,5,Comisión nacional del servicio civil,3801,Inversión,39697232000.0,70846371794.20782
2015,"Ciencia, tecnología e innovación",39,"Ministerio de ciencia, tecnología e innovación",3901,Funcionamiento,21824700000.0,38949839386.71209
2015,"Ciencia, tecnología e innovación",39,"Ministerio de ciencia, tecnología e innovación",3901,Inversión,355228729121.0,633965275344.3945
2015,"Vivienda, ciudad y territorio",40,"Ministerio de vivienda, ciudad y territorio",4001,Funcionamiento,1602101235139.0,2859218490513.8267
2015,"Vivienda, ciudad y territorio",40,"Ministerio de vivienda, ciudad y territorio",4001,Inversión,314850313019.0,561903216215.8507
2015,"Vivienda, ciudad y territorio",40,Fondo nacional de vivienda - fonvivienda,4002,Funcionamiento,2266619000.0,4045161949.5741057
2015,"Vivienda, ciudad y territorio",40,Fondo nacional de vivienda - fonvivienda,4002,Inversión,2104659000000.0,3756117152299.829
2015,Inclusión social y reconciliación,41,Departamento administrativo para la prosperidad social,4101,Funcionamiento,117432500000.0,209578001703.57748
2015,Inclusión social y reconciliación,41,Departamento administrativo para la prosperidad social,4101,Inversión,3354805078611.0,5987212607074.759
2015,Deporte y recreación,43,Ministerio del deporte,4301,Inversión,459999640000.0,820946546616.695
2015,Deporte y recreación,43,Ministerio del deporte,4301,Funcionamiento,27849663300.0,49702397398.77342
2015,Inteligencia,42,Departamento administrativo dirección nacional de inteligencia,4201,Inversión,16871000000.0,30109130494.037476
2015,Inteligencia,42,Departamento administrativo dirección nacional de inteligencia,4201,Funcionamiento,76528400000.0,136577771448.04088
2015,Igualdad y equidad,46,Instituto colombiano de bienestar familiar,4602,Inversión,5115307823436.0,9129125171774.367
2015,Igualdad y equidad,46,Instituto colombiano de bienestar familiar,4602,Funcionamiento,339770000000.0,606376579216.3542
2015,Interior,37,Dirección nacional del derecho de autor,3703,Funcionamiento,3205246945.0,5720301021.434412
2015,Inclusión social y reconciliación,41,Centro de memoria histórica,4105,Inversión,31028750000.0,55376011073.25383
2015,Inclusión social y reconciliación,41,Unidad de atención y reparación integral a las víctimas,4104,Inversión,959529367443.0,1712441167518.376
2015,Inclusión social y reconciliación,41,Unidad de atención y reparación integral a las víctimas,4104,Funcionamiento,721434900000.0,1287521637546.8484
2015,Inclusión social y reconciliación,41,Agencia nacional para la superación de la pobreza extrema,4103,Inversión,223609411206.0,399068516489.6177
2015,Inclusión social y reconciliación,41,Agencia nacional para la superación de la pobreza extrema,4103,Funcionamiento,24076600000.0,42968732810.90289
2015,Inclusión social y reconciliación,41,Unidad administrativa especial para la consolidación territorial,4102,Inversión,165990000000.0,296237008517.8875
2015,Inclusión social y reconciliación,41,Unidad administrativa especial para la consolidación territorial,4102,Funcionamiento,35467700000.0,63298062214.650764
2015,Inclusión social y reconciliación,41,Centro de memoria histórica,4105,Funcionamiento,9898500000.0,17665534241.908005
2015,Interior,37,Fondo para la participación y el fortalecimiento de la democracia,3702,Funcionamiento,6641805249.0,11853415977.602043
2015,Interior,37,Ministerio del interior,3701,Inversión,90037475386.0,160686983329.4269
2015,Interior,37,Ministerio del interior,3701,Funcionamiento,399653911090.0,713249467219.5638
2015,Organismos de control,25,Auditoría general de la republica,3401,Funcionamiento,25622000000.0,45726758432.70869
2015,Cultura,33,Instituto caro y cuervo,3307,Inversión,3612368012.0,6446876881.381942
2015,Cultura,33,Instituto caro y cuervo,3307,Funcionamiento,5724889185.0,10217025400.691652
2015,Cultura,33,Instituto colombiano de antropología e historia,3305,Inversión,7364883577.0,13143870588.18603
2015,Cultura,33,Instituto colombiano de antropología e historia,3305,Funcionamiento,4932887844.0,8803566107.963202
2015,Cultura,33,Archivo general de la nación,3304,Inversión,24413088422.0,43569252863.52163
2015,Organismos de control,25,Auditoría general de la republica,3401,Inversión,4800000000.0,8566405451.44804
2015,Cultura,33,Archivo general de la nación,3304,Funcionamiento,9685180366.0,17284829559.49165
2015,Cultura,33,"Ministerio de las culturas, las artes y los saberes ancestrales",3301,Funcionamiento,188701383598.0,336769283572.85315
2015,Ambiente y desarrollo sostenible,32,Corporación autónoma regional del sur de bolívar (csb),3239,Funcionamiento,1988142000.0,3548173013.9693356
2015,Ambiente y desarrollo sostenible,32,Corporación autónoma regional del canal del dique (cardique),3238,Funcionamiento,1820909000.0,3249717663.373083
2015,Ambiente y desarrollo sostenible,32,Corporación autónoma regional del guavio (corpoguavio),3237,Inversión,280000000.0,499706984.66780233
2015,Ambiente y desarrollo sostenible,32,Corporación autónoma regional del guavio (corpoguavio),3237,Funcionamiento,641912000.0,1145599678.3645656
2015,Ambiente y desarrollo sostenible,32,Corporación autónoma regional de chivor (corpochivor),3236,Funcionamiento,1812689000.0,3235047694.0374784
2015,Cultura,33,"Ministerio de las culturas, las artes y los saberes ancestrales",3301,Inversión,202091294430.0,360665826311.5298
2015,Ambiente y desarrollo sostenible,32,Corporación autónoma regional de boyacá (corpoboyacá),3235,Funcionamiento,1755411000.0,3132825491.65247
2015,"Comercio, industria y turismo",35,"Ministerio de comercio, industria y turismo",3501,Funcionamiento,328443330000.0,586162235959.1141
2015,"Comercio, industria y turismo",35,Superintendencia de sociedades,3502,Funcionamiento,108340830000.0,193352390984.6678
2015,Trabajo,36,Unidad administrativa especial del servicio público de empleo,3613,Funcionamiento,9251641700.0,16511107061.192505
2015,Trabajo,36,Unidad administrativa especial de organizaciones solidarias,3612,Inversión,5478000000.0,9776410221.465076
2015,Trabajo,36,Unidad administrativa especial de organizaciones solidarias,3612,Funcionamiento,7749598628.0,13830459152.798635
2015,Trabajo,36,Servicio nacional de aprendizaje (sena),3602,Inversión,3118137613975.0,5564839803066.797
2015,Trabajo,36,Servicio nacional de aprendizaje (sena),3602,Deuda,190582000.0,340125559.1141397
2015,Trabajo,36,Servicio nacional de aprendizaje (sena),3602,Funcionamiento,73189054025.0,130618148205.4344
2015,"Comercio, industria y turismo",35,"Ministerio de comercio, industria y turismo",3501,Inversión,224350299346.0,400390755698.2446
2015,Trabajo,36,Ministerio del trabajo,3601,Inversión,1570681863767.0,2803145350055.041
2015,"Comercio, industria y turismo",35,Instituto nacional de metrología - inm,3505,Inversión,10000300000.0,17847213424.1908
2015,"Comercio, industria y turismo",35,Instituto nacional de metrología - inm,3505,Funcionamiento,11258040000.0,20091861505.96252
2015,"Comercio, industria y turismo",35,Unidad administrativa especial junta central contadores,3504,Funcionamiento,10213100000.0,18226990732.53833
2015,"Comercio, industria y turismo",35,Superintendencia de industria y comercio,3503,Inversión,66031000000.0,117843399659.28448
2015,"Comercio, industria y turismo",35,Superintendencia de industria y comercio,3503,Funcionamiento,64994780000.0,115994091189.09708
2015,"Comercio, industria y turismo",35,Superintendencia de sociedades,3502,Inversión,12709000000.0,22681343100.51107
2015,Trabajo,36,Ministerio del trabajo,3601,Funcionamiento,21779982314700.0,38870033173560.0
2015,Transporte,24,Instituto nacional de vías,2402,Deuda,6970100000.0,12439313049.403748
2015,Transporte,24,Instituto nacional de vías,2402,Inversión,3919080000000.0,6994255890971.039
2015,Transporte,24,Ministerio de transporte,2401,Inversión,359801000000.0,642125259965.9283
2015,Justicia y del derecho,12,Superintendencia de notariado y registro,1204,Inversión,458915141732.0,819011077476.0531
2015,Justicia y del derecho,12,Instituto nacional penitenciario y carcelario - inpec,1208,Funcionamiento,914348277109.0,1631807930322.6377
2015,Justicia y del derecho,12,Instituto nacional penitenciario y carcelario - inpec,1208,Inversión,3000000000.0,5354003407.1550255
2015,Justicia y del derecho,12,Unidad administrativa especial agencia nacional de defensa jurídica del estado,1210,Funcionamiento,35534227666.0,63416791998.128784
2015,Justicia y del derecho,12,Unidad administrativa especial agencia nacional de defensa jurídica del estado,1210,Inversión,6107000000.0,10898966269.165249
2015,Justicia y del derecho,12,Unidad de servicios penitenciarios y carcelarios - uspec,1211,Funcionamiento,503660768661.0,898867157153.771
2015,Justicia y del derecho,12,Unidad de servicios penitenciarios y carcelarios - uspec,1211,Inversión,275519340878.0,491710496599.3063
2015,Hacienda,13,Ministerio de hacienda y crédito público,1301,Funcionamiento,17005362819580.0,30348923491979.566
2015,Hacienda,13,Ministerio de hacienda y crédito público,1301,Inversión,2092581418103.0,3734562680757.5854
2015,Hacienda,13,Unidad administrativa especial contaduría general de la nación,1308,Funcionamiento,11049300000.0,19719329948.892673
2015,Hacienda,13,Unidad administrativa especial contaduría general de la nación,1308,Inversión,17356000000.0,30974694378.194206
2015,Hacienda,13,Superintendencia de la economía solidaria,1309,Funcionamiento,13364200000.0,23850657444.633728
2015,Hacienda,13,Superintendencia de la economía solidaria,1309,Inversión,10845000000.0,19354722316.865417
2015,Hacienda,13,Unidad administrativa especial dirección de impuestos y aduanas nacionales,1310,Funcionamiento,986456200000.0,1760496618603.0664
2015,Hacienda,13,Unidad administrativa especial dirección de impuestos y aduanas nacionales,1310,Inversión,362379945435.0,646727820847.8807
2015,Hacienda,13,Unidad de información y análisis financiero,1312,Funcionamiento,7418400000.0,13239379625.212946
2015,Hacienda,13,Superintendencia financiera de colombia,1313,Funcionamiento,180112000000.0,321440087223.16864
2015,Defensa y policía,15,"Defensa civil colombiana, guillermo león valencia",1508,Inversión,3461000000.0,6176735264.054514
2015,Defensa y policía,15,"Defensa civil colombiana, guillermo león valencia",1508,Funcionamiento,26482000000.0,47261572742.75979
2015,Defensa y policía,15,Instituto casas fiscales del ejército,1507,Inversión,16000000000.0,28554684838.160133
2015,Defensa y policía,15,Instituto casas fiscales del ejército,1507,Funcionamiento,25826000000.0,46090830664.395226
2015,Defensa y policía,15,Caja de retiro de las fuerzas militares,1503,Inversión,9354000000.0,16693782623.509369
2015,Defensa y policía,15,Caja de retiro de las fuerzas militares,1503,Funcionamiento,2105901000000.0,3758333709710.392
2015,Justicia y del derecho,12,Superintendencia de notariado y registro,1204,Funcionamiento,343131811648.0,612376296222.2228
2015,Defensa y policía,15,Ministerio de defensa nacional,1501,Inversión,1241483480880.0,2215635595519.4004
2015,Servicio de la deuda pública nacional,14,Servicio de la deuda pública nacional,1401,Deuda,47048110655546.0,83965248249999.97
2015,Hacienda,13,Fondo adaptación,1315,Inversión,1500000000000.0,2677001703577.5127
2015,Hacienda,13,Fondo adaptación,1315,Funcionamiento,25417900000.0,45362507734.241905
2015,Hacienda,13,Unidad administrativa especial de gestión  pensional y contribuciones parafiscales de la protección social (ugppp),1314,Inversión,8580000000.0,15312449744.463371
2015,Hacienda,13,Unidad administrativa especial de gestión  pensional y contribuciones parafiscales de la protección social (ugppp),1314,Funcionamiento,156701700000.0,279660478568.9949
2015,Hacienda,13,Superintendencia financiera de colombia,1313,Inversión,18692072840.0,33359140557.3833
2015,Defensa y policía,15,Ministerio de defensa nacional,1501,Funcionamiento,11278006374750.0,20127494852109.2
2015,Justicia y del derecho,12,Ministerio de justicia y del derecho,1201,Funcionamiento,74533256382.0,133017102871.86234
2015,Relaciones exteriores,11,Unidad administrativa especial migración colombia,1104,Inversión,20071000000.0,35820067461.6695
2015,Relaciones exteriores,11,Unidad administrativa especial migración colombia,1104,Funcionamiento,80814955000.0,144227848139.69336
2015,Planeación,3,Unidad administrativa especial  - agencia nacional de contratación pública - colombia compra eficiente,303,Funcionamiento,8529700000.0,15222680954.003408
2015,Planeación,3,Departamento administrativo nacional de planeación,301,Inversión,532505586981.0,950345575675.1202
2015,Planeación,3,Departamento administrativo nacional de planeación,301,Funcionamiento,73088390000.0,130438496361.15842
2015,Presidencia de la república,2,Agencia para la reincorporación y la normalización - arn,212,Inversión,3098000000.0,5528900851.788756
2015,Presidencia de la república,2,Agencia para la reincorporación y la normalización - arn,212,Funcionamiento,139827820000.0,249546208231.68652
2015,Presidencia de la república,2,Unidad nacional para la gestión del riesgo de desastres,211,Inversión,2228029086.0,3976291772.561498
2015,Planeación,3,Unidad administrativa especial  - agencia nacional de contratación pública - colombia compra eficiente,303,Inversión,15000000000.0,26770017035.775127
2015,Presidencia de la república,2,Unidad nacional para la gestión del riesgo de desastres,211,Funcionamiento,29769830000.0,53129257083.475296
2015,Presidencia de la república,2,"Agencia presidencial de cooperación internacional de colombia, apc - colombia",209,Funcionamiento,21332400000.0,38071247427.59795
2015,Presidencia de la república,2,Presidencia de la república,201,Inversión,82436812246.0,147122324546.69437
2015,Presidencia de la república,2,Presidencia de la república,201,Funcionamiento,151681460000.0,270701017880.7495
2015,Congreso de la república,1,Congreso de la república,101,Inversión,60000000000.0,107080068143.10052
2015,Congreso de la república,1,Congreso de la república,101,Funcionamiento,406870410000.0,726128520470.1874
2015,Transporte,24,Instituto nacional de vías,2402,Funcionamiento,149007630000.0,265929119570.6985
2015,Presidencia de la república,2,"Agencia presidencial de cooperación internacional de colombia, apc - colombia",209,Inversión,24631047744.0,43958237847.7247
2015,Defensa y policía,15,Club militar de oficiales,1510,Funcionamiento,40261000000.0,71852510391.82281
2015,Planeación,3,Superintendencia de servicios públicos domiciliarios,324,Funcionamiento,107538900000.0,191921212333.9012
2015,Planeación,3,Fondo nacional de regalías,325,Funcionamiento,1341500000.0,2394131856.899489
2015,Relaciones exteriores,11,Fondo rotatorio del ministerio de relaciones exteriores,1102,Inversión,55333600000.0,98752094310.0511
2015,Relaciones exteriores,11,Fondo rotatorio del ministerio de relaciones exteriores,1102,Funcionamiento,220982141629.0,394379713067.3601
2015,Relaciones exteriores,11,Ministerio de relaciones exteriores,1101,Funcionamiento,262395320000.0,468288479100.51105
2015,Empleo público,5,Escuela superior de administración pública (esap),503,Inversión,115999600000.0,207020751209.54
2015,Empleo público,5,Escuela superior de administración pública (esap),503,Funcionamiento,68383515000.0,122041857434.41226
2015,Empleo público,5,Departamento administrativo de la función pública,501,Inversión,5513069280.0,9838997236.3339
2015,Planeación,3,Superintendencia de servicios públicos domiciliarios,324,Inversión,19439000000.0,34692157410.56218
2015,Empleo público,5,Departamento administrativo de la función pública,501,Funcionamiento,15838568800.0,28266583773.21976
2015,Información estadística,4,Instituto geográfico agustín codazzi - igac,403,Funcionamiento,52168846972.0,93104061478.47903
2015,Información estadística,4,Fondo rotatorio del dane,402,Inversión,7281000000.0,12994166269.165243
2015,Información estadística,4,Fondo rotatorio del dane,402,Funcionamiento,2932326000.0,5233227798.296422
2015,Información estadística,4,Departamento administrativo nacional de estadística (dane),401,Inversión,168034584744.0,299885913079.75195
2015,Información estadística,4,Departamento administrativo nacional de estadística (dane),401,Funcionamiento,79115870000.0,141195545846.678
2015,Planeación,3,Fondo nacional de regalías,325,Inversión,150000000000.0,267700170357.75125
2015,Información estadística,4,Instituto geográfico agustín codazzi - igac,403,Inversión,97793470000.0,174528857192.50424
2015,Defensa y policía,15,Club militar de oficiales,1510,Inversión,4900000000.0,8744872231.68654
2015,Justicia y del derecho,12,Ministerio de justicia y del derecho,1201,Inversión,12733659122.0,22725351441.579556
2015,Defensa y policía,15,Fondo rotatorio de la policía,1512,Funcionamiento,375101000000.0,669430677342.4191
2015,Educación,22,Escuela tecnológica instituto técnico central,2234,Inversión,4361409060.0,7783666322.412265
2015,Igualdad y equidad,46,Instituto nacional para ciegos (inci),4604,Inversión,2022804160.0,3610033454.882453
2015,Igualdad y equidad,46,Instituto nacional para ciegos (inci),4604,Funcionamiento,3867363853.0,6901959748.556728
2015,Igualdad y equidad,46,Instituto nacional para sordos (insor),4603,Inversión,4853917003.0,8662629390.703236
2015,Igualdad y equidad,46,Instituto nacional para sordos (insor),4603,Funcionamiento,3795525182.0,6773751585.456899
2015,Educación,22,Ministerio de educación nacional,2201,Inversión,2489109701952.0,4442233941677.879
2015,Educación,22,Instituto nacional de formación técnica profesional de san andres y providencia,2238,Funcionamiento,2615852632.0,4668427968.11448
2015,Educación,22,Ministerio de educación nacional,2201,Funcionamiento,26530333608553.0,47347832177717.414
2015,Minas y energía,21,Agencia nacional de minería - anm,2112,Funcionamiento,70555356000.0,125917872139.01192
2015,Minas y energía,21,Agencia nacional de hidrocarburos - anh,2111,Inversión,441007000000.0,787050993526.4054
2015,Minas y energía,21,Agencia nacional de hidrocarburos - anh,2111,Funcionamiento,598742524000.0,1068556504501.5332
2015,Minas y energía,21,Instituto de planificación y promoción de soluciones  energéticas para las zonas no interconectadas - ipse,2110,Inversión,33539000000.0,59855973424.1908
2015,Minas y energía,21,Instituto de planificación y promoción de soluciones  energéticas para las zonas no interconectadas - ipse,2110,Funcionamiento,21710823000.0,38746606771.3799
2015,Minas y energía,21,Unidad de planeacion minero energética - upme,2109,Inversión,20405800000.0,36417574241.908005
2015,Minas y energía,21,Agencia nacional de minería - anm,2112,Inversión,30000000000.0,53540034071.550255
2015,Minas y energía,21,Unidad de planeacion minero energética - upme,2109,Funcionamiento,13294247000.0,23725814577.85349
2015,Educación,22,Instituto nacional de formación técnica profesional de san andres y providencia,2238,Inversión,1072800000.0,1914591618.398637
2015,Educación,22,Instituto nacional de formación técnica profesional de san juan del cesar,2239,Inversión,1848000000.0,3298066098.8074956
2015,Transporte,24,Ministerio de transporte,2401,Funcionamiento,102638091163.0,183174896596.86337
2015,Defensa y policía,15,Caja de sueldos de retiro de la policía nacional,1511,Funcionamiento,2445811000000.0,4364960142419.08
2015,Tecnologías de la información y las comunicaciones,23,ANTV,2310,Inversión,183932000000.0,328257518228.27936
2015,Tecnologías de la información y las comunicaciones,23,ANTV,2310,Funcionamiento,62432455195.0,111421192610.36116
2015,Tecnologías de la información y las comunicaciones,23,Agencia nacional del espectro - ane,2309,Inversión,7707000000.0,13754434752.98126
2015,Tecnologías de la información y las comunicaciones,23,Agencia nacional del espectro - ane,2309,Funcionamiento,13113970000.0,23404080020.44293
2015,Educación,22,Instituto nacional de formación técnica profesional de san juan del cesar,2239,Funcionamiento,2965382129.0,5292222007.394207
2015,Tecnologías de la información y las comunicaciones,23,Fondo único de tecnologías de la información y las comunicaciones,2306,Inversión,1153728000000.0,2059021214310.051
2015,Tecnologías de la información y las comunicaciones,23,Ministerio de tecnologías de la información y las comunicaciones,2301,Inversión,11669000000.0,20825288586.030663
2015,Tecnologías de la información y las comunicaciones,23,Ministerio de tecnologías de la información y las comunicaciones,2301,Funcionamiento,68372970000.0,122023038112.43613
2015,Educación,22,"Instituto técnico nacional de comercio ""simón rodríguez"" de cali",2242,Inversión,1320000000.0,2355761499.148211
2015,Educación,22,"Instituto técnico nacional de comercio ""simón rodríguez"" de cali",2242,Funcionamiento,4847729570.0,8651586878.248722
2015,Educación,22,Instituto tolimense de formación técnica profesional,2241,Inversión,466377628.0,832329136.4442929
2015,Educación,22,Instituto tolimense de formación técnica profesional,2241,Funcionamiento,8911948020.0,15904866687.822826
2015,Tecnologías de la información y las comunicaciones,23,Fondo único de tecnologías de la información y las comunicaciones,2306,Funcionamiento,403356392000.0,719857165688.5859
2015,Minas y energía,21,Servicio geológico colombiano,2103,Inversión,21979400000.0,39225927495.74105
2015,Educación,22,Escuela tecnológica instituto técnico central,2234,Funcionamiento,15202261665.0,27130986916.95741
2015,Agricultura y desarrollo rural,17,Ministerio de agricultura y desarrollo rural,1701,Inversión,2820795485371.0,5034182879854.615
2015,Agricultura y desarrollo rural,17,Instituto colombiano agropecuario (ica),1702,Inversión,184120000000.0,328593035775.12775
2015,Agricultura y desarrollo rural,17,Instituto colombiano agropecuario (ica),1702,Deuda,219100000.0,391020715.5025553
2015,Agricultura y desarrollo rural,17,Instituto colombiano agropecuario (ica),1702,Funcionamiento,103084820000.0,183972159168.65417
2015,Agricultura y desarrollo rural,17,Ministerio de agricultura y desarrollo rural,1701,Funcionamiento,314804270000.0,561821044722.3168
2015,Defensa y policía,15,Policía nacional,1601,Inversión,249418000000.0,445128273935.264
2015,Defensa y policía,15,Policía nacional,1601,Funcionamiento,8031068615250.0,14332789576381.43
2015,Agricultura y desarrollo rural,17,Incoder,1713,Deuda,51029000.0,91069813.2879046
2015,Defensa y policía,15,Agencia logística de las fuerzas militares,1520,Inversión,41768000000.0,74542004770.01703
2015,Defensa y policía,15,Hospital militar,1519,Inversión,13600000000.0,24271482112.436115
2015,Defensa y policía,15,Hospital militar,1519,Funcionamiento,253943000000.0,453203895741.05615
2015,Defensa y policía,15,Superintendencia de vigilancia y seguridad privada,1516,Inversión,1200000000.0,2141601362.86201
2015,Minas y energía,21,Servicio geológico colombiano,2103,Funcionamiento,42411010000.0,75689564013.62862
2015,Defensa y policía,15,Superintendencia de vigilancia y seguridad privada,1516,Funcionamiento,14473000000.0,25829497103.918224
2015,Defensa y policía,15,Fondo rotatorio de la policía,1512,Inversión,11500000000.0,20523679727.427597
2015,Defensa y policía,15,Agencia logística de las fuerzas militares,1520,Funcionamiento,959149429120.0,1711763103826.4258
2015,Agricultura y desarrollo rural,17,Incoder,1713,Inversión,489288524866.0,873217476404.8068
2015,Agricultura y desarrollo rural,17,Incoder,1713,Funcionamiento,53327470000.0,95171818691.65248
2015,Agricultura y desarrollo rural,17,Autoridad nacional de acuicultura y pesca - aunap,1715,Inversión,33446100000.0,59690177785.34923
2015,Minas y energía,21,Ministerio de minas y energía,2101,Inversión,2513247786676.0,4485312404296.043
2015,Minas y energía,21,Ministerio de minas y energía,2101,Funcionamiento,72602311000.0,129571006820.44292
2015,Salud y protección social,19,Fondo pasivo social de ferrocarriles nacionales de colombia ,1914,Funcionamiento,454996724099.0,812018003690.1403
2015,Salud y protección social,19,Fondo de previsión social del congreso ,1913,Funcionamiento,260485598770.0,464880261109.79895
2015,Salud y protección social,19,Instituto nacional de vigilancia de medicamentos y alimentos - invima,1912,Inversión,45675100000.0,81514880340.7155
2015,Salud y protección social,19,Instituto nacional de vigilancia de medicamentos y alimentos - invima,1912,Funcionamiento,99935250000.0,178351222998.29642
2015,Agricultura y desarrollo rural,17,Autoridad nacional de acuicultura y pesca - aunap,1715,Funcionamiento,10981790000.0,19598847025.55366
2015,Salud y protección social,19,Superintendencia nacional de salud,1910,Funcionamiento,84552700000.0,150898481294.7189
2015,Salud y protección social,19,Superintendencia nacional de salud,1910,Inversión,46873000000.0,83652733901.1925
2015,Salud y protección social,19,Instituto nacional de salud (ins),1903,Funcionamiento,31304470000.0,55868079679.727425
2015,Salud y protección social,19,Ministerio de salud y protección social,1901,Inversión,4132182841000.0,7374573669900.511
2015,Salud y protección social,19,Ministerio de salud y protección social,1901,Funcionamiento,7603195086501.0,13569177466130.232
2015,Agricultura y desarrollo rural,17,Unidad administrativa especial de gestión de restitución de tierras despojadas,1716,Inversión,173100000000.0,308925996592.845
2015,Agricultura y desarrollo rural,17,Unidad administrativa especial de gestión de restitución de tierras despojadas,1716,Funcionamiento,51340760000.0,91626201321.97614
2015,Salud y protección social,19,Instituto nacional de salud (ins),1903,Inversión,25876700000.0,46181313321.97614
2016,Ambiente y desarrollo sostenible,32,Corporación autónoma regional de risaralda (carder),3215,Funcionamiento,2158779490.0,3643331640.625067
2016,Ambiente y desarrollo sostenible,32,Corporación autónoma regional para el desarrollo sostenible del choco (codechoco),3212,Funcionamiento,1779241000.0,3002791652.239287
2016,Ambiente y desarrollo sostenible,32,Corporación autónoma regional de nariño (corponariño),3216,Funcionamiento,2028787000.0,3423945754.269144
2016,Ambiente y desarrollo sostenible,32,Corporación autónoma regional del tolima (cortolima),3214,Funcionamiento,1674707860.0,2826373033.19085
2016,Ambiente y desarrollo sostenible,32,Corporación autónoma regional para la defensa de la meseta de bucaramanga (cdmb),3213,Funcionamiento,1000000000.0,1687681237.2462678
2016,Ambiente y desarrollo sostenible,32,Corporación autónoma regional para el desarrollo sostenible del choco (codechoco),3212,Inversión,2554000000.0,4310337879.926969
2016,Ambiente y desarrollo sostenible,32,Corporación autónoma regional de caldas (corpocaldas),3211,Funcionamiento,3036887270.0,5125297665.2110405
2016,Ambiente y desarrollo sostenible,32,Corporación autónoma regional del centro de antioquia (corantioquia),3232,Funcionamiento,2001762000.0,3378336168.832564
2016,Ambiente y desarrollo sostenible,32,Corporación para el desarrollo sostenible del urabá (corpourabá),3210,Funcionamiento,2929675880.0,4944359013.888948
2016,Ambiente y desarrollo sostenible,32,Corporación autónoma regional del quindío (crq),3209,Funcionamiento,4297651110.0,7253065142.577597
2016,Ambiente y desarrollo sostenible,32,Corporación autónoma regional de los valles del sinú y san jorge (cvs),3208,Funcionamiento,2633188210.0,4443982336.155086
2016,Ambiente y desarrollo sostenible,32,Fondo nacional ambiental,3204,Inversión,211607000000.0,357125163569.971
2016,Ambiente y desarrollo sostenible,32,Corporación autónoma regional de la frontera nororiental (corponor),3217,Funcionamiento,2985305000.0,5038243235.95747
2016,Ambiente y desarrollo sostenible,32,Fondo nacional ambiental,3204,Funcionamiento,24917274000.0,42052415813.12426
2016,Ambiente y desarrollo sostenible,32,Corporación para el desarrollo sostenible del urabá (corpourabá),3210,Inversión,1407000000.0,2374567500.805499
2016,Ambiente y desarrollo sostenible,32,Corporación autónoma regional de la guajira (corpoguajira),3218,Funcionamiento,3065869740.0,5174210836.039094
2016,Ambiente y desarrollo sostenible,32,Corporación autónoma regional del alto magdalena (cam),3231,Inversión,2680000000.0,4522985715.819998
2016,Ambiente y desarrollo sostenible,32,Corporación autónoma regional del cauca (crc),3221,Funcionamiento,4564904000.0,7704102830.630437
2016,Ambiente y desarrollo sostenible,32,"Instituto de hidrología, meteorología y estudios ambientales- ideam",3202,Inversión,24466567258.0,41291766501.15047
2016,Ambiente y desarrollo sostenible,32,Corporación autónoma regional del alto magdalena (cam),3231,Funcionamiento,1893454220.0,3195547160.678767
2016,Ambiente y desarrollo sostenible,32,Corporación autónoma regional de sucre (carsucre),3230,Funcionamiento,1975074090.0,3333295483.864247
2016,Ambiente y desarrollo sostenible,32,Corporación autónoma regional de la orinoquia (corporinoquia),3229,Funcionamiento,1752966080.0,2958447962.74514
2016,Ambiente y desarrollo sostenible,32,Corporación  para el desarrollo sostenible de la mojana y el san jorge (corpomojana),3228,Inversión,213000000.0,359476103.5334551
2016,Ambiente y desarrollo sostenible,32,Corporación  para el desarrollo sostenible de la mojana y el san jorge (corpomojana),3228,Funcionamiento,1790711260.0,3022149794.8276234
2016,Ambiente y desarrollo sostenible,32,Corporación autónoma regional del cesar (corpocesar),3219,Funcionamiento,2310376550.0,3899179154.408764
2016,Ambiente y desarrollo sostenible,32,Corporación para el desarrollo sostenible del área de manejo especial la macarena (cormacarena),3227,Inversión,481000000.0,811774675.1154548
2016,Ambiente y desarrollo sostenible,32,"Corporación para el desarrollo sostenible del archipiélago de san andres, providencia y santa catalina (coralina)",3226,Inversión,763000000.0,1287700784.0189023
2016,Ambiente y desarrollo sostenible,32,"Corporación para el desarrollo sostenible del archipiélago de san andres, providencia y santa catalina (coralina)",3226,Funcionamiento,1844350140.0,3112675126.190527
2016,Ambiente y desarrollo sostenible,32,Corporación  para el desarrollo sostenible del norte y oriente de la amazonia (cda),3224,Inversión,2511000000.0,4237767586.7253785
2016,Ambiente y desarrollo sostenible,32,Corporación  para el desarrollo sostenible del norte y oriente de la amazonia (cda),3224,Funcionamiento,1913064670.0,3228643349.1977234
2016,Ambiente y desarrollo sostenible,32,Corporación para el desarrollo sostenible del sur de la amazonia (corpoamazonia),3223,Funcionamiento,1871523690.0,3158535416.6749005
2016,Ambiente y desarrollo sostenible,32,Corporación autónoma regional del magdalena (corpamag),3222,Funcionamiento,3779120560.0,6377950862.403608
2016,Ambiente y desarrollo sostenible,32,Corporación para el desarrollo sostenible del área de manejo especial la macarena (cormacarena),3227,Funcionamiento,2052084960.0,3463265284.227258
2016,Ambiente y desarrollo sostenible,32,"Instituto de hidrología, meteorología y estudios ambientales- ideam",3202,Funcionamiento,46215266040.0,77996637370.05263
2016,Transporte,24,Instituto nacional de vías,2402,Inversión,2456706245143.0,4146137035353.5713
2016,Ambiente y desarrollo sostenible,32,Ministerio de ambiente y desarrollo sostenible,3201,Funcionamiento,151748644562.0,256103340204.8403
2016,Transporte,24,Superintendencia de puertos y transporte,2417,Inversión,8000000000.0,13501449897.970142
2016,Transporte,24,Superintendencia de puertos y transporte,2417,Funcionamiento,27879870418.0,47052334201.315865
2016,Transporte,24,Agencia nacional de seguridad vial,2416,Inversión,38000000000.0,64131887015.35818
2016,Transporte,24,Agencia nacional de seguridad vial,2416,Funcionamiento,16445665831.0,27755041657.00075
2016,Transporte,24,Comisión de regulación de infraestructura y transporte,2415,Funcionamiento,2500000000.0,4219203093.1156697
2016,Transporte,24,Unidad de planeación del sector de infraestructura de transporte,2414,Funcionamiento,2500000000.0,4219203093.1156697
2016,Organismos de control,25,Procuraduría general de la nación,2501,Funcionamiento,471707472417.0,796091850667.0323
2016,Transporte,24,Agencia nacional de infraestructura,2413,Inversión,2001802083145.0,3378403816404.31
2016,Transporte,24,Agencia nacional de infraestructura,2413,Funcionamiento,68716492514.0,115971535105.25142
2016,Transporte,24,Unidad administrativa especial de la aeronáutica civil,2412,Inversión,604575125557.0,1020330095908.3556
2016,Transporte,24,Unidad administrativa especial de la aeronáutica civil,2412,Deuda,1009700000.0,1704051745.2475567
2016,Transporte,24,Unidad administrativa especial de la aeronáutica civil,2412,Funcionamiento,332152634066.0,560567768415.1138
2016,Transporte,24,Instituto nacional de vías,2402,Deuda,6970100000.0,11763306991.730211
2016,Ambiente y desarrollo sostenible,32,Corporación autónoma regional del atlántico (cra),3233,Funcionamiento,1760082000.0,2970457367.4148855
2016,Transporte,24,Agencia nacional de infraestructura,2413,Deuda,761406880578.0,1285012106261.7004
2016,Organismos de control,25,Procuraduría general de la nación,2501,Inversión,22589293065.0,38123526068.45774
2016,Organismos de control,25,Defensoría del pueblo,2502,Funcionamiento,417559260000.0,704706928540.436
2016,Organismos de control,25,Defensoría del pueblo,2502,Inversión,35947899417.0,60668595364.48695
2016,Fiscalía,29,Instituto nacional de medicina legal y ciencias forenses,2902,Inversión,40548917250.0,68433646833.47653
2016,Fiscalía,29,Instituto nacional de medicina legal y ciencias forenses,2902,Funcionamiento,161439208668.0,272457923424.86865
2016,Fiscalía,29,Fiscalía general de la nación,2901,Inversión,132064000000.0,222881934915.69113
2016,Fiscalía,29,Fiscalía general de la nación,2901,Funcionamiento,2895676929040.0,4886979622267.7
2016,Registraduría,28,Fondo social de vivienda de la registraduría nacional del estado civil,2803,Funcionamiento,12049350000.0,20335461916.013317
2016,Registraduría,28,Fondo rotatorio de la registraduría,2802,Inversión,51746000000.0,87330753302.54538
2016,Registraduría,28,Fondo rotatorio de la registraduría,2802,Funcionamiento,30332204000.0,51191091575.1262
2016,Registraduría,28,Registraduría nacional del estado civil,2801,Inversión,31200000000.0,52655654602.08356
2016,Registraduría,28,Registraduría nacional del estado civil,2801,Funcionamiento,325976519581.0,550144455879.6943
2016,Rama judicial,27,Rama judicial,2701,Inversión,231761571429.0,391139655615.434
2016,Rama judicial,27,Rama judicial,2701,Funcionamiento,3204119482320.0,5407532332206.688
2016,Organismos de control,25,Fondo de bienestar social de la contraloría general de la república,2602,Inversión,3742000000.0,6315303189.775535
2016,Organismos de control,25,Fondo de bienestar social de la contraloría general de la república,2602,Funcionamiento,71002787799.0,119830072760.55054
2016,Organismos de control,25,Contraloría general de la república,2601,Inversión,46000000000.0,77633336913.32832
2016,Organismos de control,25,Contraloría general de la república,2601,Funcionamiento,443726734970.0,748869285073.4164
2016,Ambiente y desarrollo sostenible,32,Ministerio de ambiente y desarrollo sostenible,3201,Inversión,170307338131.0,287424499129.04456
2016,Ambiente y desarrollo sostenible,32,Corporación autónoma regional de santander (cas),3234,Funcionamiento,1667488320.0,2814188750.9913006
2016,Deporte y recreación,43,Ministerio del deporte,4301,Funcionamiento,67191325274.0,113397538970.64076
2016,Ambiente y desarrollo sostenible,32,Corporación autónoma regional de boyacá (corpoboyacá),3235,Inversión,1578000000.0,2663160992.374611
2016,"Vivienda, ciudad y territorio",40,"Ministerio de vivienda, ciudad y territorio",4001,Inversión,514353527000.0,868064796829.3417
2016,"Vivienda, ciudad y territorio",40,"Ministerio de vivienda, ciudad y territorio",4001,Funcionamiento,1733442838890.0,2925498955033.558
2016,"Ciencia, tecnología e innovación",39,"Ministerio de ciencia, tecnología e innovación",3901,Inversión,298330896047.0,503487455749.3887
2016,"Ciencia, tecnología e innovación",39,"Ministerio de ciencia, tecnología e innovación",3901,Funcionamiento,20571865769.0,34718751873.49007
2016,Empleo público,5,Comisión nacional del servicio civil,3801,Inversión,40836700000.0,68919332381.05467
2016,Empleo público,5,Comisión nacional del servicio civil,3801,Funcionamiento,17344943880.0,29272736347.36548
2016,"Vivienda, ciudad y territorio",40,Fondo nacional de vivienda - fonvivienda,4002,Funcionamiento,3782440000.0,6383553019.009773
2016,Interior,37,Dirección nacional de bomberos,3709,Inversión,31000000000.0,52318118354.63431
2016,Interior,37,Unidad nacional de protección - unp,3708,Inversión,3000000000.0,5063043711.738804
2016,Interior,37,Unidad nacional de protección - unp,3708,Funcionamiento,474189531194.0,800280774694.7177
2016,Interior,37,Corporación nacional para la reconstrucción de la cuenca del rio páez y zonas aledañas nasa ki we,3704,Inversión,17000000000.0,28690581033.18655
2016,Interior,37,Corporación nacional para la reconstrucción de la cuenca del rio páez y zonas aledañas nasa ki we,3704,Funcionamiento,4556777964.0,7690388672.14005
2016,Interior,37,Dirección nacional del derecho de autor,3703,Inversión,512367900.0,864713691.3972721
2016,Interior,37,Dirección nacional del derecho de autor,3703,Funcionamiento,3304368230.0,5576720262.72366
2016,Interior,37,Dirección nacional de bomberos,3709,Funcionamiento,4327699701.0,7303777585.813984
2016,Interior,37,Fondo para la participación y el fortalecimiento de la democracia,3702,Funcionamiento,11333824369.0,19127882733.80582
2016,"Vivienda, ciudad y territorio",40,Fondo nacional de vivienda - fonvivienda,4002,Inversión,1153661000000.0,1947012023842.7664
2016,Inclusión social y reconciliación,41,Departamento administrativo para la prosperidad social,4101,Inversión,3107348439976.0,5244213659733.956
2016,Transporte,24,Instituto nacional de vías,2402,Funcionamiento,189378888000.0,319611196008.1624
2016,Deporte y recreación,43,Ministerio del deporte,4301,Inversión,347000000000.0,585625389324.455
2016,Inteligencia,42,Departamento administrativo dirección nacional de inteligencia,4201,Inversión,12520000000.0,21129769090.323273
2016,Inteligencia,42,Departamento administrativo dirección nacional de inteligencia,4201,Funcionamiento,82088500000.0,138539221243.69025
2016,Igualdad y equidad,46,Instituto colombiano de bienestar familiar,4602,Inversión,4870354889403.0,8219606565576.065
2016,Igualdad y equidad,46,Instituto colombiano de bienestar familiar,4602,Funcionamiento,363226713005.0,613010908405.1735
2016,Inclusión social y reconciliación,41,Departamento administrativo para la prosperidad social,4101,Funcionamiento,121149857500.0,204462341397.80905
2016,Inclusión social y reconciliación,41,Centro de memoria histórica,4105,Inversión,32403364610.0,54686550475.94673
2016,Inclusión social y reconciliación,41,Unidad de atención y reparación integral a las víctimas,4104,Inversión,1110965248466.0,1874955205068.7063
2016,Inclusión social y reconciliación,41,Unidad de atención y reparación integral a las víctimas,4104,Funcionamiento,728343940000.0,1229212401800.0215
2016,Inclusión social y reconciliación,41,Agencia nacional para la superación de la pobreza extrema,4103,Inversión,211289000000.0,356588480936.5267
2016,Inclusión social y reconciliación,41,Agencia nacional para la superación de la pobreza extrema,4103,Funcionamiento,24741060000.0,41755022751.584145
2016,Inclusión social y reconciliación,41,Unidad administrativa especial para la consolidación territorial,4102,Inversión,130000000000.0,219398560842.01483
2016,Inclusión social y reconciliación,41,Unidad administrativa especial para la consolidación territorial,4102,Funcionamiento,38379480000.0,64772328291.268394
2016,Inclusión social y reconciliación,41,Centro de memoria histórica,4105,Funcionamiento,11028220000.0,18612119974.224037
2016,Interior,37,Ministerio del interior,3701,Inversión,95771659887.0,161632033451.22092
2016,Interior,37,Ministerio del interior,3701,Funcionamiento,385457251746.0,650528971532.2355
2016,Trabajo,36,Unidad administrativa especial del servicio público de empleo,3613,Inversión,25322641415.0,42736546793.61079
2016,Organismos de control,25,Auditoría general de la republica,3401,Funcionamiento,24984210000.0,42165382444.42058
2016,Cultura,33,Instituto caro y cuervo,3307,Inversión,5600000000.0,9451014928.5791
2016,Cultura,33,Instituto caro y cuervo,3307,Funcionamiento,5740294744.0,9687787735.712168
2016,Cultura,33,Instituto colombiano de antropología e historia,3305,Inversión,9783705678.0,16511776503.500376
2016,Cultura,33,Instituto colombiano de antropología e historia,3305,Funcionamiento,5778041016.0,9751491410.742563
2016,Cultura,33,Archivo general de la nación,3304,Inversión,30218709266.0,50999548642.02814
2016,Organismos de control,25,Auditoría general de la republica,3401,Inversión,4387407519.0,7404545349.969499
2016,Cultura,33,Archivo general de la nación,3304,Funcionamiento,9755914055.0,16464873102.810654
2016,Cultura,33,"Ministerio de las culturas, las artes y los saberes ancestrales",3301,Funcionamiento,187995916751.0,317277181379.57404
2016,Ambiente y desarrollo sostenible,32,Corporación autónoma regional del sur de bolívar (csb),3239,Funcionamiento,2140310960.0,3612162649.064547
2016,Ambiente y desarrollo sostenible,32,Corporación autónoma regional del canal del dique (cardique),3238,Funcionamiento,1926362540.0,3251085914.892063
2016,Ambiente y desarrollo sostenible,32,Corporación autónoma regional del guavio (corpoguavio),3237,Inversión,297242992.0,501651420.5013425
2016,Ambiente y desarrollo sostenible,32,Corporación autónoma regional del guavio (corpoguavio),3237,Funcionamiento,679640360.0,1147016283.6472988
2016,Ambiente y desarrollo sostenible,32,Corporación autónoma regional de chivor (corpochivor),3236,Funcionamiento,1779210710.0,3002740532.374611
2016,Cultura,33,"Ministerio de las culturas, las artes y los saberes ancestrales",3301,Inversión,147442183882.0,248835407316.2655
2016,"Comercio, industria y turismo",35,"Ministerio de comercio, industria y turismo",3501,Funcionamiento,325752220855.0,549765911128.2859
2016,"Comercio, industria y turismo",35,"Ministerio de comercio, industria y turismo",3501,Inversión,201026800000.0,339269158543.658
2016,"Comercio, industria y turismo",35,Superintendencia de sociedades,3502,Funcionamiento,121521244000.0,205089123425.6256
2016,Trabajo,36,Unidad administrativa especial del servicio público de empleo,3613,Funcionamiento,9485043220.0,16007729476.863924
2016,Trabajo,36,Unidad administrativa especial de organizaciones solidarias,3612,Inversión,5478000000.0,9245117817.635056
2016,Trabajo,36,Unidad administrativa especial de organizaciones solidarias,3612,Funcionamiento,7822177256.0,13201341789.365696
2016,Trabajo,36,Servicio nacional de aprendizaje (sena),3602,Inversión,3017759271177.0,5093015700491.395
2016,Trabajo,36,Servicio nacional de aprendizaje (sena),3602,Deuda,278101125.0,469346050.719579
2016,Trabajo,36,Servicio nacional de aprendizaje (sena),3602,Funcionamiento,78458230875.0,132412484155.27332
2016,Trabajo,36,Ministerio del trabajo,3601,Inversión,1497180168837.0,2526762879723.4043
2016,Trabajo,36,Ministerio del trabajo,3601,Funcionamiento,20095524078424.0,33914838939786.785
2016,"Comercio, industria y turismo",35,Instituto nacional de metrología - inm,3505,Inversión,7823667000.0,13203856002.362797
2016,"Comercio, industria y turismo",35,Instituto nacional de metrología - inm,3505,Funcionamiento,10293575886.0,17372274886.972828
2016,"Comercio, industria y turismo",35,Unidad administrativa especial junta central contadores,3504,Inversión,14000000000.0,23627537321.44775
2016,"Comercio, industria y turismo",35,Unidad administrativa especial junta central contadores,3504,Funcionamiento,6148426000.0,10376583198.79712
2016,"Comercio, industria y turismo",35,Superintendencia de industria y comercio,3503,Inversión,76950000000.0,129867071206.10033
2016,"Comercio, industria y turismo",35,Superintendencia de industria y comercio,3503,Funcionamiento,63544883000.0,107243506762.10931
2016,"Comercio, industria y turismo",35,Superintendencia de sociedades,3502,Inversión,12100000000.0,20420942970.67984
2016,Ambiente y desarrollo sostenible,32,Corporación autónoma regional de boyacá (corpoboyacá),3235,Funcionamiento,1853795530.0,3128615933.672001
2016,Transporte,24,Ministerio de transporte,2401,Inversión,250563431439.0,422871201979.6419
2016,Agricultura y desarrollo rural,17,Incoder,1713,Funcionamiento,55218629870.0,93191445578.04532
2016,Transporte,24,Ministerio de transporte,2401,Funcionamiento,66321098889.0,111928874228.5196
2016,Hacienda,13,Superintendencia de la economía solidaria,1309,Inversión,10392000000.0,17538383417.463215
2016,Hacienda,13,Superintendencia de la economía solidaria,1309,Funcionamiento,14140457482.0,23864584778.450005
2016,Hacienda,13,Unidad administrativa especial contaduría general de la nación,1308,Inversión,14261100000.0,24068190892.492752
2016,Hacienda,13,Unidad administrativa especial contaduría general de la nación,1308,Funcionamiento,12031030000.0,20304543595.746967
2016,Hacienda,13,Ministerio de hacienda y crédito público,1301,Inversión,2641195443367.0,4457495993670.823
2016,Hacienda,13,Ministerio de hacienda y crédito público,1301,Funcionamiento,17898422443927.0,30206831734923.09
2016,Hacienda,13,Unidad administrativa especial dirección de impuestos y aduanas nacionales,1310,Funcionamiento,872915230000.0,1473202655377.5105
2016,Justicia y del derecho,12,Unidad de servicios penitenciarios y carcelarios - uspec,1211,Inversión,299500000000.0,505460530555.2572
2016,Justicia y del derecho,12,Unidad administrativa especial agencia nacional de defensa jurídica del estado,1210,Inversión,6848850829.0,11558677040.801847
2016,Justicia y del derecho,12,Unidad administrativa especial agencia nacional de defensa jurídica del estado,1210,Funcionamiento,33683655384.0,56847273193.44603
2016,Justicia y del derecho,12,Instituto nacional penitenciario y carcelario - inpec,1208,Inversión,3371315288.0,5689705556.399097
2016,Justicia y del derecho,12,Instituto nacional penitenciario y carcelario - inpec,1208,Funcionamiento,979976136722.0,1653887338894.8027
2016,Justicia y del derecho,12,Superintendencia de notariado y registro,1204,Inversión,621419358369.0,1048757791580.9758
2016,Justicia y del derecho,12,Superintendencia de notariado y registro,1204,Funcionamiento,343487045680.0,579696642231.2877
2016,Justicia y del derecho,12,Unidad de servicios penitenciarios y carcelarios - uspec,1211,Funcionamiento,518954493105.0,875829760997.9562
2016,Justicia y del derecho,12,Ministerio de justicia y del derecho,1201,Inversión,28248285714.0,47674101783.889595
2016,Hacienda,13,Unidad administrativa especial dirección de impuestos y aduanas nacionales,1310,Inversión,270072949506.0,455797049569.0349
2016,Hacienda,13,Unidad de información y análisis financiero,1312,Inversión,2213000000.0,3734838578.025991
2016,Defensa y policía,15,"Defensa civil colombiana, guillermo león valencia",1508,Funcionamiento,25944288845.0,43785689497.404144
2016,Defensa y policía,15,Instituto casas fiscales del ejército,1507,Inversión,14700000000.0,24808914187.520138
2016,Defensa y policía,15,Instituto casas fiscales del ejército,1507,Funcionamiento,27122987755.0,45774957532.173775
2016,Defensa y policía,15,Caja de retiro de las fuerzas militares,1503,Inversión,9530000000.0,16083602190.956932
2016,Defensa y policía,15,Caja de retiro de las fuerzas militares,1503,Funcionamiento,2281046397171.0,3849679205793.695
2016,Defensa y policía,15,Ministerio de defensa nacional,1501,Inversión,851126933288.0,1436430955825.1135
2016,Hacienda,13,Unidad de información y análisis financiero,1312,Funcionamiento,8158200000.0,13768441069.702503
2016,Defensa y policía,15,Ministerio de defensa nacional,1501,Funcionamiento,12142260494619.0,20492265214525.07
2016,Hacienda,13,Fondo adaptación,1315,Inversión,500000000000.0,843840618623.1339
2016,Hacienda,13,Fondo adaptación,1315,Funcionamiento,26396731145.0,44549267878.05069
2016,Hacienda,13,Unidad administrativa especial de gestión  pensional y contribuciones parafiscales de la protección social (ugppp),1314,Inversión,8580000000.0,14480305015.57298
2016,Hacienda,13,Unidad administrativa especial de gestión  pensional y contribuciones parafiscales de la protección social (ugppp),1314,Funcionamiento,150423791843.0,253867411128.8693
2016,Hacienda,13,Superintendencia financiera de colombia,1313,Inversión,16087000000.0,27149728063.58071
2016,Hacienda,13,Superintendencia financiera de colombia,1313,Funcionamiento,178929970421.0,301976753860.5514
2016,Servicio de la deuda pública nacional,14,Servicio de la deuda pública nacional,1401,Deuda,46903501581088.0,79158159579552.88
2016,Defensa y policía,15,"Defensa civil colombiana, guillermo león valencia",1508,Inversión,1870400000.0,3156638986.1454196
2016,Justicia y del derecho,12,Ministerio de justicia y del derecho,1201,Funcionamiento,72094563737.0,121672642526.39008
2016,Relaciones exteriores,11,Unidad administrativa especial migración colombia,1104,Funcionamiento,84992829000.0,143440802803.7805
2016,Planeación,3,Unidad administrativa especial  - agencia nacional de contratación pública - colombia compra eficiente,303,Funcionamiento,8953960000.0,15111430291.053593
2016,Planeación,3,Departamento administrativo nacional de planeación,301,Inversión,420065999996.0,708937506598.3401
2016,Planeación,3,Departamento administrativo nacional de planeación,301,Funcionamiento,64748397774.0,109274656064.93782
2016,Presidencia de la república,2,Agencia nacional inmobiliaria virgilio barco vargas,213,Inversión,12311793566.0,20778382998.18752
2016,Presidencia de la república,2,Agencia nacional inmobiliaria virgilio barco vargas,213,Funcionamiento,4691960000.0,7918532857.909999
2016,Presidencia de la república,2,Agencia para la reincorporación y la normalización - arn,212,Inversión,3190940000.0,5385289567.178606
2016,Planeación,3,Unidad administrativa especial  - agencia nacional de contratación pública - colombia compra eficiente,303,Inversión,11041795000.0,18635030247.019653
2016,Presidencia de la república,2,Agencia para la reincorporación y la normalización - arn,212,Funcionamiento,138905770000.0,234428661774.2455
2016,Presidencia de la república,2,Unidad nacional para la gestión del riesgo de desastres,211,Funcionamiento,81755663000.0,137977498483.7289
2016,Presidencia de la república,2,"Agencia presidencial de cooperación internacional de colombia, apc - colombia",209,Inversión,38979884176.0,65785619153.8679
2016,Presidencia de la república,2,"Agencia presidencial de cooperación internacional de colombia, apc - colombia",209,Funcionamiento,27256146000.0,45999686203.84492
2016,Presidencia de la república,2,Presidencia de la república,201,Inversión,82440994762.0,139134120039.74524
2016,Presidencia de la república,2,Presidencia de la república,201,Funcionamiento,155937290000.0,263172438520.0301
2016,Congreso de la república,1,Congreso de la república,101,Inversión,71700000000.0,121006744710.5574
2016,Presidencia de la república,2,Unidad nacional para la gestión del riesgo de desastres,211,Inversión,2270303026.0,3831547819.843626
2016,Relaciones exteriores,11,Unidad administrativa especial migración colombia,1104,Inversión,17500000000.0,29534421651.80969
2016,Planeación,3,Superintendencia de servicios públicos domiciliarios,324,Funcionamiento,111234171697.0,187727824513.6567
2016,Planeación,3,Fondo nacional de regalías,325,Funcionamiento,874307408.0,1475552208.0670176
2016,Relaciones exteriores,11,Fondo rotatorio del ministerio de relaciones exteriores,1102,Inversión,60000000000.0,101260874234.77608
2016,Relaciones exteriores,11,Fondo rotatorio del ministerio de relaciones exteriores,1102,Funcionamiento,326303424776.0,550696167643.6542
2016,Relaciones exteriores,11,Ministerio de relaciones exteriores,1101,Funcionamiento,338743550000.0,571691133573.193
2016,Empleo público,5,Escuela superior de administración pública (esap),503,Inversión,196179558000.0,331088559167.86597
2016,Empleo público,5,Escuela superior de administración pública (esap),503,Funcionamiento,70467297483.0,118926335801.51024
2016,Empleo público,5,Departamento administrativo de la función pública,501,Inversión,9288000000.0,15675183331.543337
2016,Planeación,3,Superintendencia de servicios públicos domiciliarios,324,Inversión,17828293120.0,30088475790.750725
2016,Empleo público,5,Departamento administrativo de la función pública,501,Funcionamiento,17213514389.0,29050925261.383953
2016,Información estadística,4,Instituto geográfico agustín codazzi - igac,403,Funcionamiento,52725426000.0,88983712186.01654
2016,Información estadística,4,Fondo rotatorio del dane,402,Inversión,6890000000.0,11628123724.626783
2016,Información estadística,4,Fondo rotatorio del dane,402,Funcionamiento,2942960000.0,4966778373.966276
2016,Información estadística,4,Departamento administrativo nacional de estadística (dane),401,Inversión,121581870894.0,205191442297.10193
2016,Información estadística,4,Departamento administrativo nacional de estadística (dane),401,Funcionamiento,70935581574.0,119716650075.59187
2016,Planeación,3,Fondo nacional de regalías,325,Inversión,125500000000.0,211803995274.40665
2016,Información estadística,4,Instituto geográfico agustín codazzi - igac,403,Inversión,93145129106.0,157199286733.07742
2016,Defensa y policía,15,Club militar de oficiales,1510,Funcionamiento,40782249588.0,68827437442.36194
2016,Congreso de la república,1,Congreso de la república,101,Funcionamiento,432446713396.0,729832204307.2435
2016,Defensa y policía,15,Caja de sueldos de retiro de la policía nacional,1511,Funcionamiento,2572531181870.0,4341612607872.966
2016,Defensa y policía,15,Club militar de oficiales,1510,Inversión,3900000000.0,6581956825.260445
2016,Igualdad y equidad,46,Instituto nacional para ciegos (inci),4604,Funcionamiento,4025500294.0,6793761316.713135
2016,Igualdad y equidad,46,Instituto nacional para sordos (insor),4603,Inversión,6333752721.0,10689355628.589195
2016,Igualdad y equidad,46,Instituto nacional para sordos (insor),4603,Funcionamiento,3591012340.0,6060484148.937816
2016,Educación,22,Ministerio de educación nacional,2201,Inversión,2511648889919.0,4238862706066.7134
2016,Educación,22,Ministerio de educación nacional,2201,Funcionamiento,29040808785706.0,49011628102092.586
2016,Educación,22,Escuela tecnológica instituto técnico central,2234,Funcionamiento,17023793640.0,28730737112.980347
2016,Minas y energía,21,Agencia nacional de minería - anm,2112,Inversión,20000000000.0,33753624744.92536
2016,Minas y energía,21,Agencia nacional de hidrocarburos - anh,2111,Inversión,302311000000.0,510204602513.1565
2016,Minas y energía,21,Agencia nacional de hidrocarburos - anh,2111,Funcionamiento,376415753590.0,635269804737.7574
2016,Minas y energía,21,Instituto de planificación y promoción de soluciones  energéticas para las zonas no interconectadas - ipse,2110,Inversión,51128400000.0,86288441370.42209
2016,Minas y energía,21,Instituto de planificación y promoción de soluciones  energéticas para las zonas no interconectadas - ipse,2110,Funcionamiento,34037066650.0,57443718756.10568
2016,Minas y energía,21,Unidad de planeacion minero energética - upme,2109,Inversión,20395600000.0,34421271442.37998
2016,Minas y energía,21,Unidad de planeacion minero energética - upme,2109,Funcionamiento,13577419130.0,22914355515.929543
2016,Minas y energía,21,Agencia nacional de minería - anm,2112,Funcionamiento,65650690180.0,110797438029.0538
2016,Minas y energía,21,Servicio geológico colombiano,2103,Inversión,16500000000.0,27846740414.56342
2016,Educación,22,Escuela tecnológica instituto técnico central,2234,Inversión,7659307210.0,12926469068.62206
2016,Educación,22,Instituto nacional de formación técnica profesional de san andres y providencia,2238,Inversión,4020020267.0,6784512777.965632
2016,Tecnologías de la información y las comunicaciones,23,ANTV,2310,Inversión,222051456000.0,374752075994.4152
2016,Tecnologías de la información y las comunicaciones,23,ANTV,2310,Funcionamiento,61600853676.0,103962604947.33798
2016,Tecnologías de la información y las comunicaciones,23,Agencia nacional del espectro - ane,2309,Inversión,11571600000.0,19529172204.918915
2016,Tecnologías de la información y las comunicaciones,23,Agencia nacional del espectro - ane,2309,Funcionamiento,13564235000.0,22892104907.09913
2016,Tecnologías de la información y las comunicaciones,23,Fondo único de tecnologías de la información y las comunicaciones,2306,Inversión,984492000000.0,1661508676619.0527
2016,Tecnologías de la información y las comunicaciones,23,Fondo único de tecnologías de la información y las comunicaciones,2306,Funcionamiento,385027811661.0,649804213558.2595
2016,Educación,22,Instituto nacional de formación técnica profesional de san andres y providencia,2238,Funcionamiento,3238138278.0,5464945215.38954
2016,Tecnologías de la información y las comunicaciones,23,Ministerio de tecnologías de la información y las comunicaciones,2301,Inversión,16849000000.0,28435741166.36237
2016,Educación,22,"Instituto técnico nacional de comercio ""simón rodríguez"" de cali",2242,Inversión,1400000000.0,2362753732.144775
2016,Educación,22,"Instituto técnico nacional de comercio ""simón rodríguez"" de cali",2242,Funcionamiento,4793075481.0,8089183557.988831
2016,Educación,22,Instituto tolimense de formación técnica profesional,2241,Inversión,861870000.0,1454561827.945441
2016,Educación,22,Instituto tolimense de formación técnica profesional,2241,Funcionamiento,11050067178.0,18648991046.621414
2016,Educación,22,Instituto nacional de formación técnica profesional de san juan del cesar,2239,Inversión,2678339920.0,4520184029.95167
2016,Educación,22,Instituto nacional de formación técnica profesional de san juan del cesar,2239,Funcionamiento,3720922061.0,6279730347.605413
2016,Tecnologías de la información y las comunicaciones,23,Ministerio de tecnologías de la información y las comunicaciones,2301,Funcionamiento,61173097000.0,103240688031.14597
2016,Minas y energía,21,Servicio geológico colombiano,2103,Funcionamiento,40633962680.0,68577176410.001076
2016,Igualdad y equidad,46,Instituto nacional para ciegos (inci),4604,Inversión,2077766044.0,3506606767.8462033
2016,Minas y energía,21,Ministerio de minas y energía,2101,Funcionamiento,79944834200.0,134921396694.10374
2016,Agricultura y desarrollo rural,17,Instituto colombiano agropecuario (ica),1702,Funcionamiento,95627075044.0,161388020324.49963
2016,Agricultura y desarrollo rural,17,Ministerio de agricultura y desarrollo rural,1701,Inversión,1411724004122.0,2382540113926.8726
2016,Agricultura y desarrollo rural,17,Ministerio de agricultura y desarrollo rural,1701,Funcionamiento,306271310230.0,516888343782.0019
2016,Defensa y policía,15,Policía nacional,1601,Inversión,237862393800.0,401435899062.743
2016,Defensa y policía,15,Policía nacional,1601,Funcionamiento,8716851809903.0,14711267247429.465
2016,Defensa y policía,15,Agencia logística de las fuerzas militares,1520,Inversión,8670000000.0,14632196326.925142
2016,Agricultura y desarrollo rural,17,Instituto colombiano agropecuario (ica),1702,Deuda,358688000.0,605351007.6253893
2016,Defensa y policía,15,Agencia logística de las fuerzas militares,1520,Funcionamiento,793328079450.0,1338884914668.3816
2016,Defensa y policía,15,Hospital militar,1519,Funcionamiento,288433243441.0,486783373153.4609
2016,Defensa y policía,15,Superintendencia de vigilancia y seguridad privada,1516,Inversión,14550000000.0,24555762001.933197
2016,Defensa y policía,15,Superintendencia de vigilancia y seguridad privada,1516,Funcionamiento,15153530000.0,25574328259.04844
2016,Defensa y policía,15,Fondo rotatorio de la policía,1512,Inversión,7931000000.0,13384999892.600151
2016,Defensa y policía,15,Fondo rotatorio de la policía,1512,Funcionamiento,379390605729.0,640290406876.3297
2016,Minas y energía,21,Ministerio de minas y energía,2101,Inversión,2462324000000.0,4155618014821.179
2016,Defensa y policía,15,Hospital militar,1519,Inversión,15017000000.0,25343909139.727203
2016,Agricultura y desarrollo rural,17,Instituto colombiano agropecuario (ica),1702,Inversión,117198288588.0,197793352687.341
2016,Defensa y policía,15,Caja de sueldos de retiro de la policía nacional,1511,Inversión,9752000000.0,16458267425.625605
2016,Agricultura y desarrollo rural,17,Incoder,1713,Deuda,88200000.0,148853485.12512082
2016,Transporte,24,Ministerio de transporte,2401,Deuda,108965823.0,183899574.97819784
2016,Salud y protección social,19,Fondo de previsión social del congreso ,1913,Funcionamiento,279847747535.0,472293792800.45
2016,Salud y protección social,19,Instituto nacional de vigilancia de medicamentos y alimentos - invima,1912,Inversión,42000000000.0,70882611964.34325
2016,Salud y protección social,19,Instituto nacional de vigilancia de medicamentos y alimentos - invima,1912,Funcionamiento,102528095000.0,173034742222.1029
2016,Salud y protección social,19,Superintendencia nacional de salud,1910,Inversión,53240394785.0,89852815342.22855
2016,Salud y protección social,19,Superintendencia nacional de salud,1910,Funcionamiento,89500240176.0,151047876074.06982
2016,Salud y protección social,19,Instituto nacional de salud (ins),1903,Inversión,20076171000.0,33882177112.447643
2016,Salud y protección social,19,Fondo pasivo social de ferrocarriles nacionales de colombia ,1914,Funcionamiento,467602258513.0,789163558186.369
2016,Salud y protección social,19,Ministerio de salud y protección social,1901,Inversión,4649170274045.0,7846317440268.836
2016,Salud y protección social,19,Ministerio de salud y protección social,1901,Funcionamiento,8241359632112.0,13908788020514.229
2016,Agricultura y desarrollo rural,17,Unidad administrativa especial de gestión de restitución de tierras despojadas,1716,Inversión,178275000000.0,300871372570.0784
2016,Agricultura y desarrollo rural,17,Unidad administrativa especial de gestión de restitución de tierras despojadas,1716,Funcionamiento,48974111560.0,82652689190.61755
2016,Agricultura y desarrollo rural,17,Autoridad nacional de acuicultura y pesca - aunap,1715,Inversión,24597742921.0,41513149206.37891
2016,Agricultura y desarrollo rural,17,Autoridad nacional de acuicultura y pesca - aunap,1715,Funcionamiento,9962921860.0,16814236291.272688
2016,Salud y protección social,19,Instituto nacional de salud (ins),1903,Funcionamiento,31463280000.0,53099987318.22575
2016,Agricultura y desarrollo rural,17,Incoder,1713,Inversión,398912964379.0,673237925276.727
2017,Ambiente y desarrollo sostenible,32,Corporación autónoma regional para el desarrollo sostenible del choco (codechoco),3212,Funcionamiento,1811828000.0,2937584109.781263
2017,Ambiente y desarrollo sostenible,32,Corporación autónoma regional de caldas (corpocaldas),3211,Funcionamiento,3073597000.0,4983337108.749484
2017,Ambiente y desarrollo sostenible,32,Corporación para el desarrollo sostenible del urabá (corpourabá),3210,Inversión,1358400000.0,2202424432.521667
2017,Ambiente y desarrollo sostenible,32,Corporación para el desarrollo sostenible del urabá (corpourabá),3210,Funcionamiento,3131530000.0,5077266035.905901
2017,Ambiente y desarrollo sostenible,32,Corporación autónoma regional del quindío (crq),3209,Funcionamiento,4396273000.0,7127840891.663227
2017,Ambiente y desarrollo sostenible,32,Corporación autónoma regional de los valles del sinú y san jorge (cvs),3208,Funcionamiento,2654029000.0,4303075908.584399
2017,Ambiente y desarrollo sostenible,32,"Instituto de hidrología, meteorología y estudios ambientales- ideam",3202,Inversión,27014305057.0,43799297324.15373
2017,Ambiente y desarrollo sostenible,32,Fondo nacional ambiental,3204,Funcionamiento,22509817000.0,36496003336.56624
2017,Ambiente y desarrollo sostenible,32,"Instituto de hidrología, meteorología y estudios ambientales- ideam",3202,Funcionamiento,44313738000.0,71847511239.37267
2017,Ambiente y desarrollo sostenible,32,Ministerio de ambiente y desarrollo sostenible,3201,Inversión,165231195108.0,267895480801.3941
2017,Ambiente y desarrollo sostenible,32,Ministerio de ambiente y desarrollo sostenible,3201,Funcionamiento,155356645000.0,251885505523.11185
2017,Fiscalía,29,Instituto nacional de medicina legal y ciencias forenses,2902,Inversión,35483769190.0,57531154462.614525
2017,Ambiente y desarrollo sostenible,32,Corporación autónoma regional para el desarrollo sostenible del choco (codechoco),3212,Inversión,2465800000.0,3997893231.5311594
2017,Ambiente y desarrollo sostenible,32,Fondo nacional ambiental,3204,Inversión,123044525296.0,199496664310.91043
2017,Ambiente y desarrollo sostenible,32,Corporación autónoma regional para la defensa de la meseta de bucaramanga (cdmb),3213,Funcionamiento,1054350000.0,1709456861.3289309
2017,Ambiente y desarrollo sostenible,32,Corporación autónoma regional del magdalena (corpamag),3222,Inversión,5407474704.0,8767339816.204704
2017,Ambiente y desarrollo sostenible,32,Corporación autónoma regional de risaralda (carder),3215,Funcionamiento,2175035000.0,3526465124.845233
2017,Ambiente y desarrollo sostenible,32,Corporación  para el desarrollo sostenible de la mojana y el san jorge (corpomojana),3228,Inversión,205640000.0,333411778.7866281
2017,Ambiente y desarrollo sostenible,32,Corporación  para el desarrollo sostenible de la mojana y el san jorge (corpomojana),3228,Funcionamiento,1910866000.0,3098158101.939744
2017,Ambiente y desarrollo sostenible,32,Corporación para el desarrollo sostenible del área de manejo especial la macarena (cormacarena),3227,Funcionamiento,2187903000.0,3547328491.7457695
2017,Ambiente y desarrollo sostenible,32,"Corporación para el desarrollo sostenible del archipiélago de san andres, providencia y santa catalina (coralina)",3226,Inversión,736600000.0,1194276970.6974823
2017,Ambiente y desarrollo sostenible,32,"Corporación para el desarrollo sostenible del archipiélago de san andres, providencia y santa catalina (coralina)",3226,Funcionamiento,1939067000.0,3143881431.9026
2017,Ambiente y desarrollo sostenible,32,Corporación  para el desarrollo sostenible del norte y oriente de la amazonia (cda),3224,Inversión,2424300000.0,3930607738.340899
2017,Ambiente y desarrollo sostenible,32,Corporación autónoma regional del tolima (cortolima),3214,Funcionamiento,1805519000.0,2927355093.479158
2017,Ambiente y desarrollo sostenible,32,Corporación  para el desarrollo sostenible del norte y oriente de la amazonia (cda),3224,Funcionamiento,1968025000.0,3190832114.1147337
2017,Ambiente y desarrollo sostenible,32,Corporación autónoma regional del magdalena (corpamag),3222,Funcionamiento,4120933000.0,6681421911.060668
2017,Ambiente y desarrollo sostenible,32,Corporación autónoma regional del cauca (crc),3221,Funcionamiento,4982420000.0,8078182818.819644
2017,Ambiente y desarrollo sostenible,32,Corporación autónoma regional del cesar (corpocesar),3219,Funcionamiento,2469671000.0,4004169427.7754846
2017,Ambiente y desarrollo sostenible,32,Corporación autónoma regional de la guajira (corpoguajira),3218,Funcionamiento,3241557000.0,5255656902.393726
2017,Ambiente y desarrollo sostenible,32,Corporación autónoma regional de la frontera nororiental (corponor),3217,Funcionamiento,3026058000.0,4906260360.297152
2017,Ambiente y desarrollo sostenible,32,Corporación autónoma regional de nariño (corponariño),3216,Funcionamiento,2164607000.0,3509557820.6768465
2017,Ambiente y desarrollo sostenible,32,Corporación para el desarrollo sostenible del sur de la amazonia (corpoamazonia),3223,Funcionamiento,1937788000.0,3141807741.6425915
2017,Fiscalía,29,Instituto nacional de medicina legal y ciencias forenses,2902,Funcionamiento,163123430279.0,264478083306.25317
2017,Transporte,24,Ministerio de transporte,2401,Funcionamiento,69185139630.0,112172439552.80849
2017,Fiscalía,29,Fiscalía general de la nación,2901,Funcionamiento,2848629548670.0,4618589014424.307
2017,Transporte,24,Comisión de regulación de infraestructura y transporte,2415,Funcionamiento,2500000000.0,4053342963.268675
2017,Transporte,24,Unidad de planeación del sector de infraestructura de transporte,2414,Funcionamiento,2500000000.0,4053342963.268675
2017,Transporte,24,Agencia nacional de infraestructura,2413,Inversión,1746086183982.0,2830994458841.637
2017,Transporte,24,Agencia nacional de infraestructura,2413,Deuda,824041891236.0,1336049760512.0205
2017,Transporte,24,Agencia nacional de infraestructura,2413,Funcionamiento,69284009651.0,112332741194.36792
2017,Transporte,24,Unidad administrativa especial de la aeronáutica civil,2412,Inversión,711550309967.0,1153662976766.5537
2017,Transporte,24,Agencia nacional de seguridad vial,2416,Funcionamiento,17096566298.0,27719298680.02187
2017,Transporte,24,Unidad administrativa especial de la aeronáutica civil,2412,Deuda,1208100000.0,1958737453.5699544
2017,Transporte,24,Instituto nacional de vías,2402,Inversión,2069686195047.0,3355659189947.23
2017,Transporte,24,Instituto nacional de vías,2402,Deuda,6970100000.0,11300882315.311596
2017,Transporte,24,Instituto nacional de vías,2402,Funcionamiento,192788367106.0,312574948483.6653
2017,Transporte,24,Ministerio de transporte,2401,Inversión,213138000000.0,345568565002.06354
2017,Transporte,24,Ministerio de transporte,2401,Deuda,5581192246.0,9048994526.789516
2017,Ambiente y desarrollo sostenible,32,Corporación autónoma regional de la orinoquia (corporinoquia),3229,Funcionamiento,1718021000.0,2785491332.4391246
2017,Transporte,24,Unidad administrativa especial de la aeronáutica civil,2412,Funcionamiento,536137919566.0,869260345445.7412
2017,Transporte,24,Agencia nacional de seguridad vial,2416,Inversión,99551042021.0,161405806264.7538
2017,Transporte,24,Superintendencia de puertos y transporte,2417,Funcionamiento,26938392835.0,43676218015.80582
2017,Transporte,24,Superintendencia de puertos y transporte,2417,Inversión,17985719315.0,29160915529.912296
2017,Registraduría,28,Fondo social de vivienda de la registraduría nacional del estado civil,2803,Funcionamiento,15741704000.0,25522610055.30334
2017,Registraduría,28,Fondo rotatorio de la registraduría,2802,Inversión,46155453971.0,74833553827.92963
2017,Registraduría,28,Fondo rotatorio de la registraduría,2802,Funcionamiento,30125100000.0,48842944841.106064
2017,Registraduría,28,Registraduría nacional del estado civil,2801,Inversión,50303855330.0,81559511210.85637
2017,Registraduría,28,Registraduría nacional del estado civil,2801,Funcionamiento,528757916667.0,857294872317.9155
2017,Rama judicial,27,Rama judicial,2701,Inversión,208750000000.0,338454137432.9343
2017,Rama judicial,27,Rama judicial,2701,Funcionamiento,3338257365758.0,5412440801230.005
2017,Organismos de control,25,Fondo de bienestar social de la contraloría general de la república,2602,Inversión,605520000.0,981752092.4473792
2017,Organismos de control,25,Fondo de bienestar social de la contraloría general de la república,2602,Funcionamiento,55882521683.0,90604410413.39888
2017,Organismos de control,25,Contraloría general de la república,2601,Inversión,143959000000.0,233406079859.67807
2017,Organismos de control,25,Contraloría general de la república,2601,Funcionamiento,433782988276.0,703308489245.6731
2017,Organismos de control,25,Defensoría del pueblo,2502,Inversión,38120420000.0,61806054465.53858
2017,Organismos de control,25,Defensoría del pueblo,2502,Funcionamiento,431903616667.0,700261394170.9902
2017,Organismos de control,25,Procuraduría general de la nación,2501,Inversión,8915655147.0,14455283221.209038
2017,Organismos de control,25,Procuraduría general de la nación,2501,Funcionamiento,516451316667.0,837341724113.2106
2017,Fiscalía,29,Fiscalía general de la nación,2901,Inversión,126553230810.0,205185459033.05197
2017,Ambiente y desarrollo sostenible,32,Corporación autónoma regional de sucre (carsucre),3230,Funcionamiento,2237284000.0,3627391743.2934375
2017,Trabajo,36,Servicio nacional de aprendizaje (sena),3602,Deuda,337000000.0,546390631.4486173
2017,Ambiente y desarrollo sostenible,32,Corporación autónoma regional del alto magdalena (cam),3231,Inversión,3051800000.0,4947996822.121337
2017,"Ciencia, tecnología e innovación",39,"Ministerio de ciencia, tecnología e innovación",3901,Funcionamiento,22119825456.0,35863695544.32356
2017,Empleo público,5,Comisión nacional del servicio civil,3801,Inversión,37854000000.0,61374097812.62897
2017,Empleo público,5,Comisión nacional del servicio civil,3801,Funcionamiento,17843233926.0,28929898670.3636
2017,Interior,37,Dirección nacional de bomberos,3709,Inversión,31310000000.0,50764067271.97688
2017,Interior,37,Dirección nacional de bomberos,3709,Funcionamiento,4438000000.0,7195494428.394551
2017,Interior,37,Unidad nacional de protección - unp,3708,Inversión,2309000000.0,3743667560.874948
2017,"Ciencia, tecnología e innovación",39,"Ministerio de ciencia, tecnología e innovación",3901,Inversión,336998211573.0,546387731805.41907
2017,Interior,37,Unidad nacional de protección - unp,3708,Funcionamiento,440796000000.0,714678945934.7915
2017,Interior,37,Corporación nacional para la reconstrucción de la cuenca del rio páez y zonas aledañas nasa ki we,3704,Funcionamiento,2674833633.0,4336807233.6939745
2017,Interior,37,Dirección nacional del derecho de autor,3703,Inversión,475000000.0,770135163.0210482
2017,Interior,37,Dirección nacional del derecho de autor,3703,Funcionamiento,3422043507.0,5548286387.639083
2017,Interior,37,Ministerio del interior,3701,Inversión,63095302637.0,102298760383.59656
2017,Interior,37,Ministerio del interior,3701,Funcionamiento,322896715168.0,523524451315.51294
2017,Trabajo,36,Unidad administrativa especial del servicio público de empleo,3613,Inversión,15098080000.0,24479078530.747005
2017,Interior,37,Corporación nacional para la reconstrucción de la cuenca del rio páez y zonas aledañas nasa ki we,3704,Inversión,13000000000.0,21077383408.99711
2017,Trabajo,36,Unidad administrativa especial del servicio público de empleo,3613,Funcionamiento,9769248000.0,15839245054.89063
2017,"Vivienda, ciudad y territorio",40,"Ministerio de vivienda, ciudad y territorio",4001,Funcionamiento,1939915160725.0,3145256586425.1597
2017,"Vivienda, ciudad y territorio",40,Fondo nacional de vivienda - fonvivienda,4002,Funcionamiento,2459000000.0,3986868138.6710687
2017,Tecnologías de la información y las comunicaciones,23,ANTV,2310,Funcionamiento,62096257317.0,100678971056.47316
2017,Deporte y recreación,43,Ministerio del deporte,4301,Inversión,343170094127.0,556394434493.5697
2017,Deporte y recreación,43,Ministerio del deporte,4301,Funcionamiento,55688723673.0,90290198493.34727
2017,Inteligencia,42,Departamento administrativo dirección nacional de inteligencia,4201,Inversión,8630885526.0,13993575645.435822
2017,Inteligencia,42,Departamento administrativo dirección nacional de inteligencia,4201,Funcionamiento,81964000000.0,132891281056.54147
2017,Igualdad y equidad,46,Instituto colombiano de bienestar familiar,4602,Inversión,5260162290480.0,8528496722307.337
2017,"Vivienda, ciudad y territorio",40,"Ministerio de vivienda, ciudad y territorio",4001,Inversión,392227137822.0,635932443637.5266
2017,Igualdad y equidad,46,Instituto colombiano de bienestar familiar,4602,Funcionamiento,353511941541.0,573162056270.6638
2017,Inclusión social y reconciliación,41,Centro de memoria histórica,4105,Funcionamiento,11654816667.0,18896387650.14837
2017,Inclusión social y reconciliación,41,Unidad de atención y reparación integral a las víctimas,4104,Inversión,1162468155286.0,1884752846900.9705
2017,Inclusión social y reconciliación,41,Unidad de atención y reparación integral a las víctimas,4104,Funcionamiento,594512066667.0,963904520801.2008
2017,Inclusión social y reconciliación,41,Departamento administrativo para la prosperidad social,4101,Inversión,2480927729383.0,4022420381709.086
2017,Inclusión social y reconciliación,41,Departamento administrativo para la prosperidad social,4101,Funcionamiento,174844239903.0,283481467791.554
2017,"Vivienda, ciudad y territorio",40,Fondo nacional de vivienda - fonvivienda,4002,Inversión,1470958690550.0,2384920023039.8984
2017,Inclusión social y reconciliación,41,Centro de memoria histórica,4105,Inversión,33417562722.0,54181137083.523315
2017,Trabajo,36,Unidad administrativa especial de organizaciones solidarias,3612,Inversión,3580800000.0,5805684193.148989
2017,Trabajo,36,Unidad administrativa especial de organizaciones solidarias,3612,Funcionamiento,5923711000.0,9604332919.314898
2017,Trabajo,36,Servicio nacional de aprendizaje (sena),3602,Inversión,3230960057827.0,5238475685998.089
2017,Cultura,33,Archivo general de la nación,3304,Inversión,19147169992.0,31044018701.43293
2017,Cultura,33,Archivo general de la nación,3304,Funcionamiento,10614484296.0,17209658091.96698
2017,Cultura,33,"Ministerio de las culturas, las artes y los saberes ancestrales",3301,Inversión,122761924234.0,199038472700.48245
2017,Cultura,33,"Ministerio de las culturas, las artes y los saberes ancestrales",3301,Funcionamiento,179262444269.0,290644866822.4377
2017,Ambiente y desarrollo sostenible,32,Corporación autónoma regional del sur de bolívar (csb),3239,Funcionamiento,2244616000.0,3639279387.536112
2017,Ambiente y desarrollo sostenible,32,Corporación autónoma regional del canal del dique (cardique),3238,Funcionamiento,2055011000.0,3331865750.515889
2017,Cultura,33,Instituto colombiano de antropología e historia,3305,Funcionamiento,6118524448.0,9920191206.75526
2017,Ambiente y desarrollo sostenible,32,Corporación autónoma regional del guavio (corpoguavio),3237,Inversión,287222427.0,465684401.3493602
2017,Ambiente y desarrollo sostenible,32,Corporación autónoma regional de chivor (corpochivor),3236,Funcionamiento,1896056000.0,3074146098.2253404
2017,Ambiente y desarrollo sostenible,32,Corporación autónoma regional de boyacá (corpoboyacá),3235,Inversión,1523500000.0,2470107201.8159304
2017,Ambiente y desarrollo sostenible,32,Corporación autónoma regional de boyacá (corpoboyacá),3235,Funcionamiento,1969961000.0,3193971022.905489
2017,Ambiente y desarrollo sostenible,32,Corporación autónoma regional de santander (cas),3234,Funcionamiento,2011929000.0,3262015301.898473
2017,Ambiente y desarrollo sostenible,32,Corporación autónoma regional del atlántico (cra),3233,Funcionamiento,1625464000.0,2635425226.5786214
2017,Ambiente y desarrollo sostenible,32,Corporación autónoma regional del centro de antioquia (corantioquia),3232,Funcionamiento,2046407000.0,3317915765.3735037
2017,Ambiente y desarrollo sostenible,32,Corporación autónoma regional del guavio (corpoguavio),3237,Funcionamiento,699846000.0,1134686343.7886915
2017,Cultura,33,Instituto colombiano de antropología e historia,3305,Inversión,9645647676.0,15638847253.47338
2017,Cultura,33,Instituto caro y cuervo,3307,Funcionamiento,6664437535.0,10805300394.654354
2017,Cultura,33,Instituto caro y cuervo,3307,Inversión,5408952597.0,8769735979.08151
2017,Trabajo,36,Servicio nacional de aprendizaje (sena),3602,Funcionamiento,74726294640.0,121156520220.07428
2017,Trabajo,36,Ministerio del trabajo,3601,Inversión,1506239419190.0,2442121980308.673
2017,Trabajo,36,Ministerio del trabajo,3601,Funcionamiento,22108709396281.0,35845672663347.05
2017,"Comercio, industria y turismo",35,Instituto nacional de metrología - inm,3505,Inversión,7902094592.0,12811959803.82666
2017,"Comercio, industria y turismo",35,Instituto nacional de metrología - inm,3505,Funcionamiento,11042005000.0,17902813306.85101
2017,"Comercio, industria y turismo",35,Unidad administrativa especial junta central contadores,3504,Inversión,14771000000.0,23948771564.17664
2017,"Comercio, industria y turismo",35,Unidad administrativa especial junta central contadores,3504,Funcionamiento,6053050000.0,9814035049.52538
2017,"Comercio, industria y turismo",35,Superintendencia de industria y comercio,3503,Inversión,87360813320.0,141641335174.42014
2017,"Comercio, industria y turismo",35,Superintendencia de industria y comercio,3503,Funcionamiento,70078883333.0,113621499452.6168
2017,"Comercio, industria y turismo",35,Superintendencia de sociedades,3502,Inversión,12006500000.0,19466584915.39414
2017,"Comercio, industria y turismo",35,Superintendencia de sociedades,3502,Funcionamiento,118464675333.0,192071183262.76947
2017,"Comercio, industria y turismo",35,"Ministerio de comercio, industria y turismo",3501,Inversión,204759920000.0,331984872356.5827
2017,"Comercio, industria y turismo",35,"Ministerio de comercio, industria y turismo",3501,Funcionamiento,371940343333.0,603040709361.8202
2017,Organismos de control,25,Auditoría general de la republica,3401,Inversión,6012944837.0,9749011057.430664
2017,Organismos de control,25,Auditoría general de la republica,3401,Funcionamiento,25980476793.0,42123113116.50867
2017,Ambiente y desarrollo sostenible,32,Corporación autónoma regional del alto magdalena (cam),3231,Funcionamiento,2074005000.0,3362661429.0136194
2017,Tecnologías de la información y las comunicaciones,23,Agencia nacional del espectro - ane,2309,Inversión,11071000000.0,17949823978.539
2017,Tecnologías de la información y las comunicaciones,23,ANTV,2310,Inversión,224939000000.0,364701965125.87695
2017,Tecnologías de la información y las comunicaciones,23,Fondo único de tecnologías de la información y las comunicaciones,2306,Inversión,876095000000.0,1420445401361.9478
2017,Hacienda,13,Superintendencia de la economía solidaria,1309,Inversión,12748951691.0,20670349450.30685
2017,Hacienda,13,Superintendencia de la economía solidaria,1309,Funcionamiento,14007515941.0,22710906468.930454
2017,Hacienda,13,Unidad administrativa especial contaduría general de la nación,1308,Inversión,12100000000.0,19618179942.220387
2017,Hacienda,13,Unidad administrativa especial contaduría general de la nación,1308,Funcionamiento,12114711978.0,19642033019.22121
2017,Hacienda,13,Ministerio de hacienda y crédito público,1301,Inversión,1733941021004.0,2811303054483.786
2017,Hacienda,13,Ministerio de hacienda y crédito público,1301,Funcionamiento,20665270321591.0,33505371216826.348
2017,Hacienda,13,Unidad administrativa especial dirección de impuestos y aduanas nacionales,1310,Funcionamiento,1008882152587.0,1635738149582.348
2017,Justicia y del derecho,12,Unidad de servicios penitenciarios y carcelarios - uspec,1211,Inversión,314878374431.0,510524017314.1492
2017,Justicia y del derecho,12,Unidad administrativa especial agencia nacional de defensa jurídica del estado,1210,Inversión,7387956510.0,11978368613.0974
2017,Justicia y del derecho,12,Unidad administrativa especial agencia nacional de defensa jurídica del estado,1210,Funcionamiento,31373178190.0,50866500420.724304
2017,Justicia y del derecho,12,Instituto nacional penitenciario y carcelario - inpec,1208,Inversión,3371315288.0,5466038839.829963
2017,Justicia y del derecho,12,Instituto nacional penitenciario y carcelario - inpec,1208,Funcionamiento,950395741071.0,1540911955756.2622
2017,Justicia y del derecho,12,Superintendencia de notariado y registro,1204,Inversión,573907800000.0,930498057078.0024
2017,Justicia y del derecho,12,Superintendencia de notariado y registro,1204,Funcionamiento,239375941569.0,388109115333.80786
2017,Justicia y del derecho,12,Unidad de servicios penitenciarios y carcelarios - uspec,1211,Funcionamiento,614494320343.0,996302491732.3464
2017,Justicia y del derecho,12,Ministerio de justicia y del derecho,1201,Inversión,21312561093.0,34554847814.21812
2017,Hacienda,13,Unidad administrativa especial dirección de impuestos y aduanas nacionales,1310,Inversión,255968868369.0,415011844567.7327
2017,Hacienda,13,Unidad de información y análisis financiero,1312,Inversión,1723840000.0,2794925893.520429
2017,Defensa y policía,15,"Defensa civil colombiana, guillermo león valencia",1508,Funcionamiento,23068000000.0,37401006190.672714
2017,Defensa y policía,15,Instituto casas fiscales del ejército,1507,Inversión,11737000000.0,19029634543.953773
2017,Defensa y policía,15,Instituto casas fiscales del ejército,1507,Funcionamiento,28054000000.0,45484993396.61576
2017,Defensa y policía,15,Caja de retiro de las fuerzas militares,1503,Inversión,10455500000.0,16951890940.982252
2017,Defensa y policía,15,Caja de retiro de las fuerzas militares,1503,Funcionamiento,2590189229000.0,4199570113960.5854
2017,Defensa y policía,15,Ministerio de defensa nacional,1501,Inversión,727922632860.0,1180208032682.8352
2017,Hacienda,13,Unidad de información y análisis financiero,1312,Funcionamiento,8293349014.0,13446315147.13124
2017,Defensa y policía,15,Ministerio de defensa nacional,1501,Funcionamiento,12121272080000.0,19652669156533.223
2017,Hacienda,13,Fondo adaptación,1315,Inversión,530000000000.0,859308708212.9591
2017,Hacienda,13,Fondo adaptación,1315,Funcionamiento,26525121079.0,43006165150.1657
2017,Hacienda,13,Unidad administrativa especial de gestión  pensional y contribuciones parafiscales de la protección social (ugppp),1314,Inversión,7292551342.0,11823684666.548492
2017,Hacienda,13,Unidad administrativa especial de gestión  pensional y contribuciones parafiscales de la protección social (ugppp),1314,Funcionamiento,162624741000.0,263669539834.2963
2017,Hacienda,13,Superintendencia financiera de colombia,1313,Inversión,15811000000.0,25634962236.896408
2017,Hacienda,13,Superintendencia financiera de colombia,1313,Funcionamiento,184209778243.0,298666163362.61884
2017,Servicio de la deuda pública nacional,14,Servicio de la deuda pública nacional,1401,Deuda,51524624717053.0,83538790012770.4
2017,Relaciones exteriores,11,Unidad administrativa especial migración colombia,1104,Inversión,18961610151.0,30743163631.11989
2017,Relaciones exteriores,11,Unidad administrativa especial migración colombia,1104,Funcionamiento,88786000000.0,143952043334.709
2017,Relaciones exteriores,11,Fondo rotatorio del ministerio de relaciones exteriores,1102,Inversión,75494590006.0,122402186066.26949
2017,Planeación,3,Departamento administrativo nacional de planeación,301,Funcionamiento,65594398000.0,106350636625.25792
2017,Presidencia de la república,2,Agencia nacional inmobiliaria virgilio barco vargas,213,Inversión,4713000000.0,7641362154.354106
2017,Presidencia de la república,2,Agencia nacional inmobiliaria virgilio barco vargas,213,Funcionamiento,4436950000.0,7193792024.349978
2017,Presidencia de la república,2,Agencia para la reincorporación y la normalización - arn,212,Inversión,1655637121.0,2684346029.652703
2017,Presidencia de la república,2,Agencia para la reincorporación y la normalización - arn,212,Funcionamiento,126172692333.0,204568477849.8516
2017,Presidencia de la república,2,Unidad nacional para la gestión del riesgo de desastres,211,Inversión,1120540773.0,1816774422.9180765
2017,Planeación,3,Departamento administrativo nacional de planeación,301,Inversión,308993280129.0,500982295083.27545
2017,Presidencia de la república,2,Unidad nacional para la gestión del riesgo de desastres,211,Funcionamiento,84170000000.0,136467950887.32974
2017,Presidencia de la república,2,"Agencia presidencial de cooperación internacional de colombia, apc - colombia",209,Funcionamiento,25374000000.0,41139809739.991745
2017,Presidencia de la república,2,Presidencia de la república,201,Inversión,54063730451.0,87655536556.64609
2017,Presidencia de la república,2,Presidencia de la república,201,Funcionamiento,168930000000.0,273892490713.9909
2017,Congreso de la república,1,Congreso de la república,101,Inversión,68223303705.0,110612979201.4414
2017,Congreso de la república,1,Congreso de la república,101,Funcionamiento,431202577794.0,699124773777.8492
2017,Tecnologías de la información y las comunicaciones,23,Agencia nacional del espectro - ane,2309,Funcionamiento,13734019892.0,22267477154.65208
2017,Presidencia de la república,2,"Agencia presidencial de cooperación internacional de colombia, apc - colombia",209,Inversión,42033051865.0,68149750000.682
2017,Planeación,3,Unidad administrativa especial  - agencia nacional de contratación pública - colombia compra eficiente,303,Funcionamiento,8745034382.0,14178649430.32893
2017,Planeación,3,Unidad administrativa especial  - agencia nacional de contratación pública - colombia compra eficiente,303,Inversión,9000000000.0,14592034667.76723
2017,Planeación,3,Superintendencia de servicios públicos domiciliarios,324,Funcionamiento,107900848000.0,174943657188.60916
2017,Relaciones exteriores,11,Fondo rotatorio del ministerio de relaciones exteriores,1102,Funcionamiento,304944000000.0,494417046636.4011
2017,Relaciones exteriores,11,Ministerio de relaciones exteriores,1101,Funcionamiento,382151000000.0,619595626702.4349
2017,Empleo público,5,Escuela superior de administración pública (esap),503,Inversión,218760000000.0,354683722657.8621
2017,Empleo público,5,Escuela superior de administración pública (esap),503,Funcionamiento,47543018593.0,77083263946.59534
2017,Empleo público,5,Departamento administrativo de la función pública,501,Inversión,12323561481.0,19980648484.568096
2017,Empleo público,5,Departamento administrativo de la función pública,501,Funcionamiento,17180475896.0,27855344431.46347
2017,Información estadística,4,Instituto geográfico agustín codazzi - igac,403,Inversión,87109446292.0,141233784464.7635
2017,Información estadística,4,Instituto geográfico agustín codazzi - igac,403,Funcionamiento,53716315054.0,87092259054.74164
2017,Información estadística,4,Fondo rotatorio del dane,402,Inversión,7400000000.0,11997895171.275278
2017,Información estadística,4,Fondo rotatorio del dane,402,Funcionamiento,357013183.0,578838749.2428807
2017,Información estadística,4,Departamento administrativo nacional de estadística (dane),401,Inversión,84509213611.0,137017930528.60646
2017,Información estadística,4,Departamento administrativo nacional de estadística (dane),401,Funcionamiento,72431935596.0,117436590585.59058
2017,Planeación,3,Fondo nacional de regalías,325,Inversión,40000000000.0,64853487412.2988
2017,Planeación,3,Fondo nacional de regalías,325,Funcionamiento,938809000.0,1522125941.6013205
2017,Planeación,3,Superintendencia de servicios públicos domiciliarios,324,Inversión,17997504845.0,29180023847.949852
2017,Defensa y policía,15,"Defensa civil colombiana, guillermo león valencia",1508,Inversión,1520000000.0,2464432521.667354
2017,Defensa y policía,15,Club militar de oficiales,1510,Funcionamiento,42726811055.0,69274567573.07779
2017,Justicia y del derecho,12,Ministerio de justicia y del derecho,1201,Funcionamiento,56911306718.0,92272417846.33224
2017,Defensa y policía,15,Caja de sueldos de retiro de la policía nacional,1511,Funcionamiento,2815920294000.0,4565556283524.144
2017,Educación,22,Ministerio de educación nacional,2201,Funcionamiento,31204629885540.0,50593226787182.78
2017,Minas y energía,21,Agencia nacional de minería - anm,2112,Inversión,16892000000.0,27387627734.213783
2017,Minas y energía,21,Agencia nacional de minería - anm,2112,Funcionamiento,63630617000.0,103166685466.15764
2017,Minas y energía,21,Agencia nacional de hidrocarburos - anh,2111,Inversión,76344000000.0,123779366075.11348
2017,Minas y energía,21,Agencia nacional de hidrocarburos - anh,2111,Funcionamiento,347935092000.0,564120102732.9756
2017,Minas y energía,21,Instituto de planificación y promoción de soluciones  energéticas para las zonas no interconectadas - ipse,2110,Inversión,23844100000.0,38659325980.18984
2017,Igualdad y equidad,46,Instituto nacional para sordos (insor),4603,Funcionamiento,4950578594.0,8026557163.239372
2017,Minas y energía,21,Instituto de planificación y promoción de soluciones  energéticas para las zonas no interconectadas - ipse,2110,Funcionamiento,32841603000.0,53247312169.00536
2017,Minas y energía,21,Unidad de planeacion minero energética - upme,2109,Funcionamiento,14850237000.0,24077241458.728848
2017,Minas y energía,21,Servicio geológico colombiano,2103,Inversión,12108000000.0,19631150639.702847
2017,Minas y energía,21,Servicio geológico colombiano,2103,Funcionamiento,53119925000.0,86125309683.24391
2017,Minas y energía,21,Ministerio de minas y energía,2101,Inversión,1633229600161.0,2648015882885.8804
2017,Minas y energía,21,Ministerio de minas y energía,2101,Funcionamiento,76416416000.0,123896776828.72472
2017,Salud y protección social,19,Fondo pasivo social de ferrocarriles nacionales de colombia ,1914,Funcionamiento,502392265000.0,814547260855.3445
2017,Minas y energía,21,Unidad de planeacion minero energética - upme,2109,Inversión,16517700000.0,26780761225.753197
2017,Salud y protección social,19,Fondo de previsión social del congreso ,1913,Inversión,1050000000.0,1702404044.5728436
2017,Igualdad y equidad,46,Instituto nacional para sordos (insor),4603,Inversión,6856177721.0,11116175888.133924
2017,Igualdad y equidad,46,Instituto nacional para ciegos (inci),4604,Inversión,1503539600.0,2437744663.0623193
2017,Defensa y policía,15,Club militar de oficiales,1510,Inversión,833000000.0,1350573875.3611224
2017,Tecnologías de la información y las comunicaciones,23,Fondo único de tecnologías de la información y las comunicaciones,2306,Funcionamiento,348753851043.0,565447587215.1982
2017,Tecnologías de la información y las comunicaciones,23,Ministerio de tecnologías de la información y las comunicaciones,2301,Inversión,16768000000.0,27186581923.235657
2017,Tecnologías de la información y las comunicaciones,23,Ministerio de tecnologías de la información y las comunicaciones,2301,Funcionamiento,61583383200.0,99847429179.19933
2017,Educación,22,"Instituto técnico nacional de comercio ""simón rodríguez"" de cali",2242,Inversión,1080000000.0,1751044160.1320674
2017,Educación,22,"Instituto técnico nacional de comercio ""simón rodríguez"" de cali",2242,Funcionamiento,5107726367.0,8281346691.192529
2017,Igualdad y equidad,46,Instituto nacional para ciegos (inci),4604,Funcionamiento,4496086680.0,7289672522.649608
2017,Educación,22,Instituto tolimense de formación técnica profesional,2241,Inversión,3546461877.0,5750010517.455426
2017,Educación,22,Instituto nacional de formación técnica profesional de san juan del cesar,2239,Inversión,2288823816.0,3710955163.4981422
2017,Educación,22,Instituto nacional de formación técnica profesional de san juan del cesar,2239,Funcionamiento,3918300806.0,6352886799.98803
2017,Educación,22,Instituto nacional de formación técnica profesional de san andres y providencia,2238,Inversión,4101229167.0,6649475353.92468
2017,Educación,22,Instituto nacional de formación técnica profesional de san andres y providencia,2238,Funcionamiento,3239533277.0,5252375765.041064
2017,Educación,22,Escuela tecnológica instituto técnico central,2234,Inversión,8224135650.0,13334096946.35782
2017,Educación,22,Escuela tecnológica instituto técnico central,2234,Funcionamiento,18649752412.0,30237537082.35328
2017,Educación,22,Instituto tolimense de formación técnica profesional,2241,Funcionamiento,12652313013.0,20513665568.126495
2017,Salud y protección social,19,Fondo de previsión social del congreso ,1913,Funcionamiento,289685789000.0,469678341760.8336
2017,Educación,22,Ministerio de educación nacional,2201,Inversión,2617313382309.0,4243547512340.448
2017,Defensa y policía,15,Policía nacional,1601,Funcionamiento,8632781000000.0,13996648847915.805
2017,Agricultura y desarrollo rural,17,Instituto colombiano agropecuario (ica),1702,Funcionamiento,96164433333.0,155914971666.81406
2017,Agricultura y desarrollo rural,17,Ministerio de agricultura y desarrollo rural,1701,Inversión,840725077396.0,1363098830602.6355
2017,Agricultura y desarrollo rural,17,Ministerio de agricultura y desarrollo rural,1701,Funcionamiento,285239680000.0,462469699909.2034
2017,Defensa y policía,15,Policía nacional,1601,Inversión,198263811072.0,321452489391.8085
2017,Defensa y policía,15,Agencia logística de las fuerzas militares,1520,Inversión,6922000000.0,11222895996.698309
2017,Defensa y policía,15,Agencia logística de las fuerzas militares,1520,Funcionamiento,707160000000.0,1146544803962.0305
2017,Agricultura y desarrollo rural,17,Instituto colombiano agropecuario (ica),1702,Inversión,120386000000.0,195186298390.42508
2017,Defensa y policía,15,Hospital militar,1519,Inversión,29503881000.0,47835739376.18654
2017,Defensa y policía,15,Superintendencia de vigilancia y seguridad privada,1516,Inversión,5400000000.0,8755220800.660337
2017,Defensa y policía,15,Superintendencia de vigilancia y seguridad privada,1516,Funcionamiento,19179000000.0,31095625877.011967
2017,Defensa y policía,15,Fondo rotatorio de la policía,1512,Inversión,6332000000.0,10266307057.3669
2017,Defensa y policía,15,Fondo rotatorio de la policía,1512,Funcionamiento,333087000000.0,540046339042.5092
2017,Salud y protección social,19,Instituto nacional de vigilancia de medicamentos y alimentos - invima,1912,Inversión,42000000000.0,68096161782.913734
2017,Defensa y policía,15,Caja de sueldos de retiro de la policía nacional,1511,Inversión,7140651000.0,11577402993.60297
2017,Defensa y policía,15,Hospital militar,1519,Funcionamiento,318272646000.0,516027276026.0008
2017,Agricultura y desarrollo rural,17,Autoridad nacional de acuicultura y pesca - aunap,1715,Funcionamiento,11273788333.0,18278612243.578415
2017,Agricultura y desarrollo rural,17,Instituto colombiano agropecuario (ica),1702,Deuda,229000000.0,371286215.4354106
2017,Salud y protección social,19,Ministerio de salud y protección social,1901,Funcionamiento,12157480835814.0,19711375758768.18
2017,Salud y protección social,19,Superintendencia nacional de salud,1910,Funcionamiento,84889273000.0,137634134948.6174
2017,Salud y protección social,19,Instituto nacional de salud (ins),1903,Inversión,13766699585.0,22320461956.117416
2017,Salud y protección social,19,Instituto nacional de salud (ins),1903,Funcionamiento,30337197000.0,49186825594.09822
2017,Salud y protección social,19,Ministerio de salud y protección social,1901,Inversión,315590784388.0,511679074068.6165
2017,Agricultura y desarrollo rural,17,Autoridad nacional de acuicultura y pesca - aunap,1715,Inversión,26410026487.0,42819558008.32831
2017,Presidencia de la república,2,Agencia de renovación del territorio – art,214,Funcionamiento,2803300000.0,4545094531.572431
2017,Agricultura y desarrollo rural,17,Agencia de desarrollo rural - adr,1718,Inversión,277460000000.0,449856215435.4106
2017,Agricultura y desarrollo rural,17,Agencia de desarrollo rural - adr,1718,Funcionamiento,18241400000.0,29575460132.06768
2017,Agricultura y desarrollo rural,17,Agencia nacional de tierras - ant,1717,Inversión,166100000000.0,269304106479.57077
2017,Agricultura y desarrollo rural,17,Agencia nacional de tierras - ant,1717,Deuda,106000000.0,171861741.6425918
2017,Agricultura y desarrollo rural,17,Agencia nacional de tierras - ant,1717,Funcionamiento,20222716667.0,32787842520.14424
2017,Agricultura y desarrollo rural,17,Unidad administrativa especial de gestión de restitución de tierras despojadas,1716,Inversión,173316167905.0,281003947839.36957
2017,Agricultura y desarrollo rural,17,Unidad administrativa especial de gestión de restitución de tierras despojadas,1716,Funcionamiento,46515150000.0,75416742375.15475
2017,Salud y protección social,19,Superintendencia nacional de salud,1910,Inversión,51983450889.0,84282701946.94035
2017,Salud y protección social,19,Instituto nacional de vigilancia de medicamentos y alimentos - invima,1912,Funcionamiento,115377219000.0,187065375502.0635
2018,Ambiente y desarrollo sostenible,32,Corporación autónoma regional de risaralda (carder),3215,Funcionamiento,2351295000.0,3694824962.999999
2018,Ambiente y desarrollo sostenible,32,Corporación autónoma regional del tolima (cortolima),3214,Funcionamiento,1892476000.0,2973836786.3999996
2018,Ambiente y desarrollo sostenible,32,Corporación autónoma regional de la frontera nororiental (corponor),3217,Funcionamiento,3349551000.0,5263484441.4
2018,Ambiente y desarrollo sostenible,32,Corporación autónoma regional de nariño (corponariño),3216,Inversión,533889917.0,838954615.5738
2018,Ambiente y desarrollo sostenible,32,Corporación autónoma regional para la defensa de la meseta de bucaramanga (cdmb),3213,Funcionamiento,1056825000.0,1660694804.9999998
2018,Ambiente y desarrollo sostenible,32,Corporación autónoma regional de nariño (corponariño),3216,Funcionamiento,2284002000.0,3589080742.7999997
2018,Ambiente y desarrollo sostenible,32,Corporación autónoma regional para el desarrollo sostenible del choco (codechoco),3212,Inversión,4305940290.0,6766354571.705999
2018,Ambiente y desarrollo sostenible,32,Corporación autónoma regional de sucre (carsucre),3230,Funcionamiento,2258619000.0,3549193896.6
2018,Ambiente y desarrollo sostenible,32,Corporación autónoma regional de caldas (corpocaldas),3211,Funcionamiento,3339078000.0,5247027169.2
2018,Ambiente y desarrollo sostenible,32,Corporación para el desarrollo sostenible del urabá (corpourabá),3210,Inversión,2585806566.0,4063336437.8124
2018,Ambiente y desarrollo sostenible,32,Corporación para el desarrollo sostenible del urabá (corpourabá),3210,Funcionamiento,3283601000.0,5159850611.4
2018,Ambiente y desarrollo sostenible,32,Corporación autónoma regional del quindío (crq),3209,Funcionamiento,4605483000.0,7237055986.2
2018,Ambiente y desarrollo sostenible,32,Corporación autónoma regional de los valles del sinú y san jorge (cvs),3208,Funcionamiento,2784889000.0,4376174574.599999
2018,Ambiente y desarrollo sostenible,32,Corporación autónoma regional de la guajira (corpoguajira),3218,Funcionamiento,3329833000.0,5232499576.2
2018,Ambiente y desarrollo sostenible,32,Fondo nacional ambiental,3204,Inversión,189903000000.0,298413574200.0
2018,Ambiente y desarrollo sostenible,32,Corporación autónoma regional para el desarrollo sostenible del choco (codechoco),3212,Funcionamiento,1839115000.0,2889985311.0
2018,Ambiente y desarrollo sostenible,32,Corporación autónoma regional de la guajira (corpoguajira),3218,Inversión,2321608279.0,3648175249.6206
2018,Ambiente y desarrollo sostenible,32,Corporación autónoma regional de la orinoquia (corporinoquia),3229,Inversión,1736301020.0,2728423422.8279996
2018,Ambiente y desarrollo sostenible,32,Corporación autónoma regional del cauca (crc),3221,Funcionamiento,5168285000.0,8121443048.999999
2018,Ambiente y desarrollo sostenible,32,Fondo nacional ambiental,3204,Funcionamiento,29531285000.0,46405461249.0
2018,Ambiente y desarrollo sostenible,32,Corporación autónoma regional de la orinoquia (corporinoquia),3229,Funcionamiento,1872952000.0,2943156772.7999997
2018,Ambiente y desarrollo sostenible,32,Corporación  para el desarrollo sostenible de la mojana y el san jorge (corpomojana),3228,Inversión,3667308866.0,5762809152.032399
2018,Ambiente y desarrollo sostenible,32,Corporación  para el desarrollo sostenible de la mojana y el san jorge (corpomojana),3228,Funcionamiento,2038476000.0,3203261186.3999996
2018,Ambiente y desarrollo sostenible,32,Corporación para el desarrollo sostenible del área de manejo especial la macarena (cormacarena),3227,Inversión,2437775203.0,3830719953.9942
2018,Ambiente y desarrollo sostenible,32,Corporación para el desarrollo sostenible del área de manejo especial la macarena (cormacarena),3227,Funcionamiento,2254979000.0,3543474000.6
2018,Ambiente y desarrollo sostenible,32,Corporación autónoma regional del cesar (corpocesar),3219,Funcionamiento,2614111000.0,4107814025.4
2018,Ambiente y desarrollo sostenible,32,"Corporación para el desarrollo sostenible del archipiélago de san andres, providencia y santa catalina (coralina)",3226,Inversión,2806471634.0,4410089525.6676
2018,Ambiente y desarrollo sostenible,32,Corporación  para el desarrollo sostenible del norte y oriente de la amazonia (cda),3224,Inversión,5163012210.0,8113157386.794
2018,Ambiente y desarrollo sostenible,32,Corporación  para el desarrollo sostenible del norte y oriente de la amazonia (cda),3224,Funcionamiento,2107601000.0,3311884211.3999996
2018,Ambiente y desarrollo sostenible,32,Corporación para el desarrollo sostenible del sur de la amazonia (corpoamazonia),3223,Inversión,2729212033.0,4288683788.656199
2018,Ambiente y desarrollo sostenible,32,Corporación para el desarrollo sostenible del sur de la amazonia (corpoamazonia),3223,Funcionamiento,2063567000.0,3242689183.7999997
2018,Ambiente y desarrollo sostenible,32,Corporación autónoma regional del magdalena (corpamag),3222,Funcionamiento,4202244000.0,6603406221.599999
2018,Ambiente y desarrollo sostenible,32,Corporación autónoma regional del cauca (crc),3221,Inversión,2241716159.0,3522632772.2525997
2018,Ambiente y desarrollo sostenible,32,"Corporación para el desarrollo sostenible del archipiélago de san andres, providencia y santa catalina (coralina)",3226,Funcionamiento,2086434000.0,3278622387.6
2018,Ambiente y desarrollo sostenible,32,"Instituto de hidrología, meteorología y estudios ambientales- ideam",3202,Inversión,20762263246.0,32625820464.764397
2018,Transporte,24,Unidad administrativa especial de la aeronáutica civil,2412,Deuda,1145793361.0,1800499687.4754
2018,Ambiente y desarrollo sostenible,32,Ministerio de ambiente y desarrollo sostenible,3201,Inversión,110318849171.0,173355039587.3094
2018,Organismos de control,25,Procuraduría general de la nación,2501,Inversión,43262524118.0,67982730399.02519
2018,Organismos de control,25,Procuraduría general de la nación,2501,Funcionamiento,570838234313.0,897015201399.4481
2018,Transporte,24,Superintendencia de puertos y transporte,2417,Inversión,14083000000.0,22130026200.0
2018,Transporte,24,Superintendencia de puertos y transporte,2417,Funcionamiento,27458991963.0,43149059970.658195
2018,Transporte,24,Agencia nacional de seguridad vial,2416,Inversión,130000000000.0,204282000000.0
2018,Transporte,24,Agencia nacional de seguridad vial,2416,Funcionamiento,17698562670.0,27811521379.637997
2018,Transporte,24,Comisión de regulación de infraestructura y transporte,2415,Funcionamiento,2360992501.0,3710063616.0714
2018,Transporte,24,Unidad de planeación del sector de infraestructura de transporte,2414,Funcionamiento,2360992501.0,3710063616.0714
2018,Transporte,24,Agencia nacional de infraestructura,2413,Inversión,1755964091635.0,2759321973595.239
2018,Transporte,24,Agencia nacional de infraestructura,2413,Deuda,666693528550.0,1047642210763.47
2018,Transporte,24,Agencia nacional de infraestructura,2413,Funcionamiento,73583023604.0,115628363291.3256
2018,Transporte,24,Unidad administrativa especial de la aeronáutica civil,2412,Inversión,627373000000.0,985853932200.0
2018,Transporte,24,Instituto nacional de vías,2402,Inversión,2047664227932.0,3217699567772.3447
2018,Transporte,24,Unidad administrativa especial de la aeronáutica civil,2412,Funcionamiento,523394498795.0,822462115406.4629
2018,Ambiente y desarrollo sostenible,32,Corporación autónoma regional de sucre (carsucre),3230,Inversión,2300581145.0,3615133211.253
2018,Organismos de control,25,Defensoría del pueblo,2502,Funcionamiento,473593855771.0,744205384958.5493
2018,Ambiente y desarrollo sostenible,32,"Instituto de hidrología, meteorología y estudios ambientales- ideam",3202,Funcionamiento,44340876000.0,69677252546.4
2018,Organismos de control,25,Defensoría del pueblo,2502,Inversión,36015382139.0,56594571493.224594
2018,Organismos de control,25,Contraloría general de la república,2601,Inversión,152072000000.0,238965940799.99997
2018,Ambiente y desarrollo sostenible,32,Ministerio de ambiente y desarrollo sostenible,3201,Funcionamiento,169671080000.0,266621135111.99997
2018,Fiscalía,29,Fondo especial para la administración de bienes de la fiscalía general de la nación,2904,Inversión,17024000000.0,26751513599.999996
2018,Fiscalía,29,Fondo especial para la administración de bienes de la fiscalía general de la nación,2904,Funcionamiento,4000000000.0,6285600000.0
2018,Fiscalía,29,Instituto nacional de medicina legal y ciencias forenses,2902,Inversión,35687015352.0,56078575924.1328
2018,Fiscalía,29,Instituto nacional de medicina legal y ciencias forenses,2902,Funcionamiento,181852397558.0,285762857522.6412
2018,Fiscalía,29,Fiscalía general de la nación,2901,Inversión,99647587767.0,156586219417.06378
2018,Fiscalía,29,Fiscalía general de la nación,2901,Funcionamiento,3319786552129.0,5216712588015.51
2018,Registraduría,28,Fondo social de vivienda de la registraduría nacional del estado civil,2803,Funcionamiento,13917755000.0,21870360207.0
2018,Registraduría,28,Fondo rotatorio de la registraduría,2802,Inversión,50652121353.0,79594743494.10419
2018,Registraduría,28,Fondo rotatorio de la registraduría,2802,Funcionamiento,34806511800.0,54694952642.52
2018,Registraduría,28,Registraduría nacional del estado civil,2801,Inversión,50000000000.0,78570000000.0
2018,Registraduría,28,Registraduría nacional del estado civil,2801,Funcionamiento,1618479325010.0,2543278411320.714
2018,Rama judicial,27,Rama judicial,2701,Inversión,282827000000.0,444434347799.99994
2018,Rama judicial,27,Rama judicial,2701,Funcionamiento,3801006688861.0,5972901910876.175
2018,Organismos de control,25,Fondo de bienestar social de la contraloría general de la república,2602,Funcionamiento,60139042396.0,94502491221.0744
2018,Organismos de control,25,Contraloría general de la república,2601,Funcionamiento,476675921943.0,749048543741.2301
2018,Ambiente y desarrollo sostenible,32,Corporación autónoma regional del alto magdalena (cam),3231,Funcionamiento,2135610000.0,3355897553.9999995
2018,Inteligencia,42,Departamento administrativo dirección nacional de inteligencia,4201,Funcionamiento,86770000000.0,136350377999.99998
2018,Ambiente y desarrollo sostenible,32,Corporación autónoma regional del centro de antioquia (corantioquia),3232,Funcionamiento,2259894000.0,3551197431.6
2018,Empleo público,5,Comisión nacional del servicio civil,3801,Funcionamiento,18687046204.0,29364824404.9656
2018,Interior,37,Dirección nacional de bomberos,3709,Inversión,38417000000.0,60368473799.99999
2018,Interior,37,Dirección nacional de bomberos,3709,Funcionamiento,4559000000.0,7164012599.999999
2018,Interior,37,Unidad nacional de protección - unp,3708,Inversión,2000000000.0,3142800000.0
2018,Interior,37,Unidad nacional de protección - unp,3708,Funcionamiento,547743000000.0,860723350199.9999
2018,Interior,37,Corporación nacional para la reconstrucción de la cuenca del rio páez y zonas aledañas nasa ki we,3704,Inversión,10400000000.0,16342559999.999998
2018,Empleo público,5,Comisión nacional del servicio civil,3801,Inversión,54970340137.0,86380392491.2818
2018,Interior,37,Corporación nacional para la reconstrucción de la cuenca del rio páez y zonas aledañas nasa ki we,3704,Funcionamiento,2881487157.0,4527968918.5098
2018,Interior,37,Dirección nacional del derecho de autor,3703,Funcionamiento,3651633550.0,5738176960.469999
2018,Interior,37,Ministerio del interior,3701,Inversión,66184117888.0,104001722849.2032
2018,Interior,37,Ministerio del interior,3701,Funcionamiento,395617927487.0,621674011253.0718
2018,Trabajo,36,Unidad administrativa especial del servicio público de empleo,3613,Inversión,17078464000.0,26837098329.6
2018,Trabajo,36,Unidad administrativa especial del servicio público de empleo,3613,Funcionamiento,10256640000.0,16117284095.999998
2018,Trabajo,36,Unidad administrativa especial de organizaciones solidarias,3612,Inversión,14864640000.0,23358295296.0
2018,Interior,37,Dirección nacional del derecho de autor,3703,Inversión,475000000.0,746415000.0
2018,"Ciencia, tecnología e innovación",39,"Ministerio de ciencia, tecnología e innovación",3901,Funcionamiento,23522041800.0,36962536484.52
2018,"Ciencia, tecnología e innovación",39,"Ministerio de ciencia, tecnología e innovación",3901,Inversión,314078000000.0,493542169199.99994
2018,"Vivienda, ciudad y territorio",40,"Ministerio de vivienda, ciudad y territorio",4001,Funcionamiento,1963532449558.0,3085494891235.441
2018,Transporte,24,Instituto nacional de vías,2402,Deuda,6970010100.0,10952673871.14
2018,Deporte y recreación,43,Ministerio del deporte,4301,Funcionamiento,37547814726.0,59002636060.43639
2018,Inteligencia,42,Departamento administrativo dirección nacional de inteligencia,4201,Inversión,7038200000.0,11059827480.0
2018,Igualdad y equidad,46,Instituto colombiano de bienestar familiar,4602,Inversión,5634845838016.0,8854596749858.342
2018,Igualdad y equidad,46,Instituto colombiano de bienestar familiar,4602,Funcionamiento,594662255312.0,934452267997.2769
2018,Inclusión social y reconciliación,41,Centro de memoria histórica,4105,Inversión,65478693546.0,102893219038.1844
2018,Inclusión social y reconciliación,41,Centro de memoria histórica,4105,Funcionamiento,12263689697.0,19271161989.8658
2018,Deporte y recreación,43,Ministerio del deporte,4301,Inversión,513085000000.0,806261769000.0
2018,Inclusión social y reconciliación,41,Unidad de atención y reparación integral a las víctimas,4104,Inversión,1193788967516.0,1875919983554.6423
2018,Inclusión social y reconciliación,41,Unidad de atención y reparación integral a las víctimas,4104,Funcionamiento,696817224705.0,1094978586901.4368
2018,Inclusión social y reconciliación,41,Departamento administrativo para la prosperidad social,4101,Inversión,2918939561822.0,4586821627447.091
2018,Inclusión social y reconciliación,41,Departamento administrativo para la prosperidad social,4101,Funcionamiento,141175911342.0,221843827082.8188
2018,"Vivienda, ciudad y territorio",40,Fondo nacional de vivienda - fonvivienda,4002,Inversión,1410927987994.0,2217132240333.7715
2018,"Vivienda, ciudad y territorio",40,Fondo nacional de vivienda - fonvivienda,4002,Funcionamiento,2163000000.0,3398938199.9999995
2018,"Vivienda, ciudad y territorio",40,"Ministerio de vivienda, ciudad y territorio",4001,Inversión,450287428592.0,707581665289.4688
2018,Trabajo,36,Unidad administrativa especial de organizaciones solidarias,3612,Funcionamiento,6419715000.0,10087940151.0
2018,Trabajo,36,Servicio nacional de aprendizaje (sena),3602,Inversión,3304142791795.0,5192129983026.663
2018,Trabajo,36,Servicio nacional de aprendizaje (sena),3602,Deuda,141000000.0,221567399.99999997
2018,Trabajo,36,Servicio nacional de aprendizaje (sena),3602,Funcionamiento,86535873166.0,135982471093.05238
2018,Cultura,33,Archivo general de la nación,3304,Funcionamiento,11496839853.0,18066134145.0042
2018,Cultura,33,"Ministerio de las culturas, las artes y los saberes ancestrales",3301,Inversión,117631154540.0,184845596244.156
2018,Cultura,33,"Ministerio de las culturas, las artes y los saberes ancestrales",3301,Funcionamiento,223046159464.0,350494734981.72955
2018,Ambiente y desarrollo sostenible,32,Corporación autónoma regional del sur de bolívar (csb),3239,Inversión,3977335776.0,6249985438.4064
2018,Ambiente y desarrollo sostenible,32,Corporación autónoma regional del sur de bolívar (csb),3239,Funcionamiento,2406230000.0,3781149821.999999
2018,Ambiente y desarrollo sostenible,32,Corporación autónoma regional del canal del dique (cardique),3238,Funcionamiento,2226992000.0,3499495228.7999997
2018,Ambiente y desarrollo sostenible,32,Corporación autónoma regional del guavio (corpoguavio),3237,Inversión,1734991615.0,2726365823.811
2018,Ambiente y desarrollo sostenible,32,Corporación autónoma regional del guavio (corpoguavio),3237,Funcionamiento,720693000.0,1132496980.1999998
2018,Ambiente y desarrollo sostenible,32,Corporación autónoma regional de chivor (corpochivor),3236,Inversión,2048844071.0,3219553573.1693997
2018,Ambiente y desarrollo sostenible,32,Corporación autónoma regional de chivor (corpochivor),3236,Funcionamiento,1999555000.0,3142100727.0
2018,Ambiente y desarrollo sostenible,32,Corporación autónoma regional de boyacá (corpoboyacá),3235,Inversión,1120000000.0,1759967999.9999998
2018,Ambiente y desarrollo sostenible,32,Corporación autónoma regional de boyacá (corpoboyacá),3235,Funcionamiento,2041127000.0,3207426967.7999997
2018,Ambiente y desarrollo sostenible,32,Corporación autónoma regional de santander (cas),3234,Inversión,930000000.0,1461402000.0
2018,Ambiente y desarrollo sostenible,32,Corporación autónoma regional de santander (cas),3234,Funcionamiento,2015814000.0,3167650119.6
2018,Ambiente y desarrollo sostenible,32,Corporación autónoma regional del atlántico (cra),3233,Funcionamiento,1740381000.0,2734834703.3999996
2018,Cultura,33,Archivo general de la nación,3304,Inversión,15556626492.0,24445682869.528797
2018,Ambiente y desarrollo sostenible,32,Corporación autónoma regional del alto magdalena (cam),3231,Inversión,1074086189.0,1687819037.3946
2018,Cultura,33,Instituto colombiano de antropología e historia,3305,Funcionamiento,6539079135.0,10275508952.738998
2018,Cultura,33,Instituto caro y cuervo,3307,Funcionamiento,7171726575.0,11269651139.955
2018,Trabajo,36,Ministerio del trabajo,3601,Inversión,1513879279937.0,2378909900493.0015
2018,Trabajo,36,Ministerio del trabajo,3601,Funcionamiento,22485064152000.0,35333029808452.8
2018,"Comercio, industria y turismo",35,Instituto nacional de metrología - inm,3505,Inversión,7213198429.0,11334820011.3306
2018,"Comercio, industria y turismo",35,Instituto nacional de metrología - inm,3505,Funcionamiento,12244605034.0,19241172350.427597
2018,"Comercio, industria y turismo",35,Unidad administrativa especial junta central contadores,3504,Inversión,6007000000.0,9439399800.0
2018,"Comercio, industria y turismo",35,Unidad administrativa especial junta central contadores,3504,Funcionamiento,5977000000.0,9392257800.0
2018,"Comercio, industria y turismo",35,Superintendencia de industria y comercio,3503,Inversión,110086200000.0,172989454680.0
2018,"Comercio, industria y turismo",35,Superintendencia de industria y comercio,3503,Funcionamiento,75459500000.0,118577058299.99998
2018,"Comercio, industria y turismo",35,Superintendencia de sociedades,3502,Inversión,12006000000.0,18866228400.0
2018,"Comercio, industria y turismo",35,Superintendencia de sociedades,3502,Funcionamiento,122695000000.0,192802923000.0
2018,"Comercio, industria y turismo",35,"Ministerio de comercio, industria y turismo",3501,Inversión,123665000000.0,194327181000.0
2018,"Comercio, industria y turismo",35,"Ministerio de comercio, industria y turismo",3501,Funcionamiento,372651291598.0,585584239617.0972
2018,Organismos de control,25,Auditoría general de la republica,3401,Inversión,5210355870.0,8187553214.117999
2018,Organismos de control,25,Auditoría general de la republica,3401,Funcionamiento,27801685529.0,43687568640.2706
2018,Cultura,33,Instituto caro y cuervo,3307,Inversión,4707585072.0,7397499182.1408
2018,Cultura,33,Instituto colombiano de antropología e historia,3305,Inversión,7944693334.0,12484291105.0476
2018,Transporte,24,Instituto nacional de vías,2402,Funcionamiento,192813906572.0,302987772787.2408
2018,Presidencia de la república,2,Unidad nacional para la gestión del riesgo de desastres,211,Inversión,896432618.0,1408654215.9252
2018,Transporte,24,Ministerio de transporte,2401,Deuda,14771043701.0,23211218071.7514
2018,Hacienda,13,Unidad de información y análisis financiero,1312,Inversión,1379072000.0,2167073740.7999997
2018,Hacienda,13,Unidad de información y análisis financiero,1312,Funcionamiento,8866460578.0,13932756152.2692
2018,Hacienda,13,Unidad administrativa especial dirección de impuestos y aduanas nacionales,1310,Inversión,227733345457.0,357860179051.12976
2018,Hacienda,13,Unidad administrativa especial dirección de impuestos y aduanas nacionales,1310,Funcionamiento,1283781439024.0,2017334153282.3137
2018,Hacienda,13,Superintendencia de la economía solidaria,1309,Inversión,11128800037.0,17487796378.1418
2018,Hacienda,13,Superintendencia de la economía solidaria,1309,Funcionamiento,15322277178.0,24077426357.509197
2018,Hacienda,13,Superintendencia financiera de colombia,1313,Funcionamiento,198364593623.0,311710122419.1822
2018,Hacienda,13,Unidad administrativa especial contaduría general de la nación,1308,Inversión,9680000000.0,15211151999.999998
2018,Hacienda,13,Ministerio de hacienda y crédito público,1301,Inversión,2042738262459.0,3209958905628.0723
2018,Hacienda,13,Ministerio de hacienda y crédito público,1301,Funcionamiento,12081225246615.0,18984437352530.81
2018,Justicia y del derecho,12,Unidad de servicios penitenciarios y carcelarios - uspec,1211,Inversión,357939873646.0,562466717447.3243
2018,Justicia y del derecho,12,Unidad de servicios penitenciarios y carcelarios - uspec,1211,Funcionamiento,670484958860.0,1053600064352.604
2018,Justicia y del derecho,12,Unidad administrativa especial agencia nacional de defensa jurídica del estado,1210,Inversión,5910365208.0,9287547887.8512
2018,Justicia y del derecho,12,Unidad administrativa especial agencia nacional de defensa jurídica del estado,1210,Funcionamiento,33114135775.0,52035552956.835
2018,Hacienda,13,Unidad administrativa especial contaduría general de la nación,1308,Funcionamiento,12823840090.0,20151382317.426
2018,Hacienda,13,Superintendencia financiera de colombia,1313,Inversión,20950240887.0,32921208529.8318
2018,Hacienda,13,Unidad administrativa especial de gestión  pensional y contribuciones parafiscales de la protección social (ugppp),1314,Funcionamiento,173505750000.0,272646935549.99997
2018,Hacienda,13,Unidad administrativa especial de gestión  pensional y contribuciones parafiscales de la protección social (ugppp),1314,Inversión,6634041074.0,10424732143.6836
2018,Defensa y policía,15,Fondo rotatorio de la policía,1512,Funcionamiento,233038000000.0,366195913200.0
2018,Defensa y policía,15,Caja de sueldos de retiro de la policía nacional,1511,Inversión,14000000000.0,21999600000.0
2018,Defensa y policía,15,Caja de sueldos de retiro de la policía nacional,1511,Funcionamiento,3013034465000.0,4734682358301.0
2018,Defensa y policía,15,Club militar de oficiales,1510,Funcionamiento,45839927122.0,72032861479.51079
2018,Defensa y policía,15,"Defensa civil colombiana, guillermo león valencia",1508,Inversión,1308504084.0,2056183317.5975995
2018,Defensa y policía,15,"Defensa civil colombiana, guillermo león valencia",1508,Funcionamiento,28011000000.0,44016485400.0
2018,Defensa y policía,15,Instituto casas fiscales del ejército,1507,Inversión,13593000000.0,21360040200.0
2018,Defensa y policía,15,Instituto casas fiscales del ejército,1507,Funcionamiento,25481000000.0,40040843400.0
2018,Defensa y policía,15,Caja de retiro de las fuerzas militares,1503,Inversión,5500000000.0,8642700000.0
2018,Defensa y policía,15,Caja de retiro de las fuerzas militares,1503,Funcionamiento,2880321119000.0,4526136606396.6
2018,Defensa y policía,15,Ministerio de defensa nacional,1501,Inversión,684961725639.0,1076348855669.1244
2018,Defensa y policía,15,Ministerio de defensa nacional,1501,Funcionamiento,12935139414000.0,20326278075159.6
2018,Servicio de la deuda pública nacional,14,Servicio de la deuda pública nacional,1401,Deuda,47316705869732.0,74353471603696.86
2018,Hacienda,13,Fondo adaptación,1315,Inversión,700000000000.0,1099980000000.0
2018,Hacienda,13,Fondo adaptación,1315,Funcionamiento,26714983095.0,41979924435.482994
2018,Justicia y del derecho,12,Instituto nacional penitenciario y carcelario - inpec,1208,Inversión,2697052230.0,4238147874.222
2018,Justicia y del derecho,12,Superintendencia de notariado y registro,1204,Inversión,41427391319.0,65099002718.6766
2018,Justicia y del derecho,12,Superintendencia de notariado y registro,1204,Funcionamiento,288390882668.0,453177433024.4952
2018,Justicia y del derecho,12,Ministerio de justicia y del derecho,1201,Inversión,25472214192.0,40027037381.3088
2018,Planeación,3,Unidad administrativa especial  - agencia nacional de contratación pública - colombia compra eficiente,303,Funcionamiento,9224566040.0,14495483075.256
2018,Planeación,3,Departamento administrativo nacional de planeación,301,Inversión,335491747975.0,527191732767.915
2018,Planeación,3,Departamento administrativo nacional de planeación,301,Funcionamiento,69873606947.0,109799385956.5158
2018,Presidencia de la república,2,Agencia nacional inmobiliaria virgilio barco vargas,213,Inversión,1414000000.0,2221959600.0
2018,Presidencia de la república,2,Agencia nacional inmobiliaria virgilio barco vargas,213,Funcionamiento,4738473300.0,7446036943.62
2018,Presidencia de la república,2,Agencia para la reincorporación y la normalización - arn,212,Inversión,1324509697.0,2081334537.8658
2018,Presidencia de la república,2,Agencia para la reincorporación y la normalización - arn,212,Funcionamiento,134269513529.0,210991113559.47055
2018,Presidencia de la república,2,Unidad nacional para la gestión del riesgo de desastres,211,Funcionamiento,99229000000.0,155928450600.0
2018,Presidencia de la república,2,"Agencia presidencial de cooperación internacional de colombia, apc - colombia",209,Inversión,165242241492.0,259661658280.5288
2018,Presidencia de la república,2,"Agencia presidencial de cooperación internacional de colombia, apc - colombia",209,Funcionamiento,27988000000.0,43980343200.0
2018,Presidencia de la república,2,Presidencia de la república,201,Inversión,40016314740.0,62881636982.436
2018,Presidencia de la república,2,Presidencia de la república,201,Funcionamiento,167941000000.0,263902487399.99997
2018,Congreso de la república,1,Congreso de la república,101,Inversión,79647000000.0,125157295799.99998
2018,Congreso de la república,1,Congreso de la república,101,Funcionamiento,472793488892.0,742947688444.8888
2018,Transporte,24,Ministerio de transporte,2401,Inversión,44430400000.0,69817930560.0
2018,Planeación,3,Unidad administrativa especial  - agencia nacional de contratación pública - colombia compra eficiente,303,Inversión,9000000000.0,14142599999.999998
2018,Defensa y policía,15,Fondo rotatorio de la policía,1512,Inversión,4960000000.0,7794143999.999999
2018,Planeación,3,Superintendencia de servicios públicos domiciliarios,324,Funcionamiento,96363065000.0,151424920341.0
2018,Información estadística,4,Departamento administrativo nacional de estadística (dane),401,Funcionamiento,77844211993.0,122324394725.8002
2018,Justicia y del derecho,12,Ministerio de justicia y del derecho,1201,Funcionamiento,68020003354.0,106886633270.4756
2018,Relaciones exteriores,11,Unidad administrativa especial migración colombia,1104,Inversión,18788688121.0,29524544513.339397
2018,Relaciones exteriores,11,Unidad administrativa especial migración colombia,1104,Funcionamiento,97859000000.0,153775632600.0
2018,Relaciones exteriores,11,Fondo rotatorio del ministerio de relaciones exteriores,1102,Inversión,53361000000.0,83851475400.0
2018,Relaciones exteriores,11,Fondo rotatorio del ministerio de relaciones exteriores,1102,Funcionamiento,320788000000.0,504086263199.99994
2018,Relaciones exteriores,11,Ministerio de relaciones exteriores,1101,Funcionamiento,404528000000.0,635675299200.0
2018,Empleo público,5,Escuela superior de administración pública (esap),503,Inversión,393718017732.0,618688493064.0647
2018,Empleo público,5,Escuela superior de administración pública (esap),503,Funcionamiento,53844275765.0,84610894937.12099
2018,Empleo público,5,Departamento administrativo de la función pública,501,Inversión,11990678600.0,18842152352.039997
2018,Empleo público,5,Departamento administrativo de la función pública,501,Funcionamiento,18287435459.0,28736876080.2726
2018,Información estadística,4,Instituto geográfico agustín codazzi - igac,403,Inversión,100943112404.0,158622006831.6456
2018,Información estadística,4,Instituto geográfico agustín codazzi - igac,403,Funcionamiento,57149991457.0,89805496575.5298
2018,Información estadística,4,Fondo rotatorio del dane,402,Inversión,7731000000.0,12148493400.0
2018,Información estadística,4,Fondo rotatorio del dane,402,Funcionamiento,1372239420.0,2156337024.588
2018,Información estadística,4,Departamento administrativo nacional de estadística (dane),401,Inversión,344962928167.0,542074745321.6238
2018,Planeación,3,Superintendencia de servicios públicos domiciliarios,324,Inversión,19113236000.0,30034539050.4
2018,Defensa y policía,15,Superintendencia de vigilancia y seguridad privada,1516,Funcionamiento,20150000000.0,31663709999.999996
2018,Justicia y del derecho,12,Instituto nacional penitenciario y carcelario - inpec,1208,Funcionamiento,1071259990266.0,1683377948703.9922
2018,Defensa y policía,15,Hospital militar,1519,Funcionamiento,391319180000.0,614918959452.0
2018,Educación,22,Instituto nacional de formación técnica profesional de san andres y providencia,2238,Funcionamiento,3575339374.0,5618288292.303599
2018,Educación,22,Escuela tecnológica instituto técnico central,2234,Funcionamiento,20488420471.0,32195503928.1294
2018,Igualdad y equidad,46,Instituto nacional para ciegos (inci),4604,Inversión,2387654311.0,3751959984.3054
2018,Igualdad y equidad,46,Instituto nacional para ciegos (inci),4604,Funcionamiento,5230144606.0,8218649233.8684
2018,Igualdad y equidad,46,Instituto nacional para sordos (insor),4603,Inversión,3703127805.0,5819095032.776999
2018,Igualdad y equidad,46,Instituto nacional para sordos (insor),4603,Funcionamiento,4861595229.0,7639510742.850599
2018,Educación,22,Ministerio de educación nacional,2201,Inversión,3356654784947.0,5274647329065.716
2018,Educación,22,Ministerio de educación nacional,2201,Funcionamiento,34051993279424.0,53509302239286.87
2018,Minas y energía,21,Agencia nacional de minería - anm,2112,Inversión,13513600000.0,21235271040.0
2018,Minas y energía,21,Agencia nacional de minería - anm,2112,Funcionamiento,98100175000.0,154154614995.0
2018,Minas y energía,21,Agencia nacional de hidrocarburos - anh,2111,Inversión,270371000000.0,424860989399.99994
2018,Minas y energía,21,Agencia nacional de hidrocarburos - anh,2111,Funcionamiento,369411897000.0,580493854945.7999
2018,Minas y energía,21,Instituto de planificación y promoción de soluciones  energéticas para las zonas no interconectadas - ipse,2110,Inversión,10600000000.0,16656839999.999998
2018,Minas y energía,21,Instituto de planificación y promoción de soluciones  energéticas para las zonas no interconectadas - ipse,2110,Funcionamiento,31130936000.0,48919152830.399994
2018,Minas y energía,21,Unidad de planeacion minero energética - upme,2109,Inversión,19271900000.0,30283863659.999996
2018,Educación,22,Instituto nacional de formación técnica profesional de san andres y providencia,2238,Inversión,3164035334.0,4971965123.8476
2018,Minas y energía,21,Unidad de planeacion minero energética - upme,2109,Funcionamiento,15269583000.0,23994622726.199997
2018,Educación,22,Instituto nacional de formación técnica profesional de san juan del cesar,2239,Funcionamiento,4484841071.0,7047479258.969399
2018,Educación,22,Instituto tolimense de formación técnica profesional,2241,Funcionamiento,14602798161.0,22946837030.1954
2018,Transporte,24,Ministerio de transporte,2401,Funcionamiento,71640870212.0,112576463451.1368
2018,Defensa y policía,15,Superintendencia de vigilancia y seguridad privada,1516,Inversión,5562000000.0,8740126800.0
2018,Tecnologías de la información y las comunicaciones,23,Computadores para educar cpe,2311,Inversión,36047434609.0,56644938744.58259
2018,Tecnologías de la información y las comunicaciones,23,Computadores para educar cpe,2311,Funcionamiento,17877565391.0,28092806255.417397
2018,Tecnologías de la información y las comunicaciones,23,ANTV,2310,Inversión,267318693392.0,420064594796.1888
2018,Tecnologías de la información y las comunicaciones,23,ANTV,2310,Funcionamiento,20463906608.0,32156982843.8112
2018,Tecnologías de la información y las comunicaciones,23,Agencia nacional del espectro - ane,2309,Inversión,11956774518.0,18788875477.585197
2018,Tecnologías de la información y las comunicaciones,23,Agencia nacional del espectro - ane,2309,Funcionamiento,13234492593.0,20796681660.6402
2018,Tecnologías de la información y las comunicaciones,23,Fondo único de tecnologías de la información y las comunicaciones,2306,Inversión,745388492662.0,1171303477369.067
2018,Tecnologías de la información y las comunicaciones,23,Fondo único de tecnologías de la información y las comunicaciones,2306,Funcionamiento,408848907338.0,642465172990.9331
2018,Tecnologías de la información y las comunicaciones,23,Ministerio de tecnologías de la información y las comunicaciones,2301,Inversión,17809000000.0,27985062599.999996
2018,Tecnologías de la información y las comunicaciones,23,Ministerio de tecnologías de la información y las comunicaciones,2301,Funcionamiento,66328488778.0,104228587265.7492
2018,Educación,22,"Instituto técnico nacional de comercio ""simón rodríguez"" de cali",2242,Inversión,1305000000.0,2050677000.0
2018,Educación,22,"Instituto técnico nacional de comercio ""simón rodríguez"" de cali",2242,Funcionamiento,6353450589.0,9983812255.5546
2018,Educación,22,Instituto tolimense de formación técnica profesional,2241,Inversión,3325767753.0,5226111447.064199
2018,Educación,22,Instituto nacional de formación técnica profesional de san juan del cesar,2239,Inversión,2062425514.0,3240895452.6995997
2018,Minas y energía,21,Servicio geológico colombiano,2103,Inversión,9686400000.0,15221208959.999998
2018,Educación,22,Escuela tecnológica instituto técnico central,2234,Inversión,7364871225.0,11573158642.964998
2018,Defensa y policía,15,Agencia logística de las fuerzas militares,1520,Funcionamiento,580383000000.0,912013846200.0
2018,Agricultura y desarrollo rural,17,Agencia nacional de tierras - ant,1717,Deuda,85970000.0,135093258.0
2018,Agricultura y desarrollo rural,17,Agencia nacional de tierras - ant,1717,Funcionamiento,21362067604.0,33568353032.9256
2018,Agricultura y desarrollo rural,17,Unidad administrativa especial de gestión de restitución de tierras despojadas,1716,Inversión,171086162911.0,268844796398.34537
2018,Agricultura y desarrollo rural,17,Unidad administrativa especial de gestión de restitución de tierras despojadas,1716,Funcionamiento,51579342998.0,81051779587.05719
2018,Agricultura y desarrollo rural,17,Autoridad nacional de acuicultura y pesca - aunap,1715,Inversión,56414985846.0,88650508758.40439
2018,Agricultura y desarrollo rural,17,Instituto colombiano agropecuario (ica),1702,Inversión,230692471969.0,362510150452.08655
2018,Agricultura y desarrollo rural,17,Instituto colombiano agropecuario (ica),1702,Deuda,75000000.0,117855000.0
2018,Agricultura y desarrollo rural,17,Instituto colombiano agropecuario (ica),1702,Funcionamiento,104912194555.0,164859022523.727
2018,Agricultura y desarrollo rural,17,Ministerio de agricultura y desarrollo rural,1701,Inversión,720399627388.0,1132035974477.5032
2018,Agricultura y desarrollo rural,17,Ministerio de agricultura y desarrollo rural,1701,Funcionamiento,296247447730.0,465523239362.92194
2018,Defensa y policía,15,Policía nacional,1601,Inversión,181231237474.0,284786766566.64355
2018,Defensa y policía,15,Policía nacional,1601,Funcionamiento,9560960000000.0,15024092543999.998
2018,Defensa y policía,15,Agencia logística de las fuerzas militares,1520,Inversión,7130000000.0,11204082000.0
2018,Minas y energía,21,Servicio geológico colombiano,2103,Funcionamiento,51786479000.0,81377273100.59999
2018,Defensa y policía,15,Hospital militar,1519,Inversión,17453000000.0,27425644199.999996
2018,Agricultura y desarrollo rural,17,Agencia nacional de tierras - ant,1717,Inversión,261304696769.0,410614200502.8066
2018,Agricultura y desarrollo rural,17,Agencia de desarrollo rural - adr,1718,Funcionamiento,21971645586.0,34526243873.8404
2018,Agricultura y desarrollo rural,17,Autoridad nacional de acuicultura y pesca - aunap,1715,Funcionamiento,11489053519.0,18053898699.7566
2018,Presidencia de la república,2,Agencia de renovación del territorio – art,214,Funcionamiento,44400845940.0,69771489310.116
2018,Minas y energía,21,Ministerio de minas y energía,2101,Inversión,3330471541000.0,5233502979527.399
2018,Agricultura y desarrollo rural,17,Agencia de desarrollo rural - adr,1718,Inversión,262541031969.0,412556977636.08655
2018,Salud y protección social,19,Fondo pasivo social de ferrocarriles nacionales de colombia ,1914,Funcionamiento,516670009000.0,811895252142.6
2018,Salud y protección social,19,Fondo de previsión social del congreso ,1913,Inversión,300000000.0,471419999.99999994
2018,Salud y protección social,19,Fondo de previsión social del congreso ,1913,Funcionamiento,292968569762.0,460370810524.0068
2018,Salud y protección social,19,Instituto nacional de vigilancia de medicamentos y alimentos - invima,1912,Inversión,55174000000.0,86700423600.0
2018,Salud y protección social,19,Instituto nacional de vigilancia de medicamentos y alimentos - invima,1912,Funcionamiento,122007350000.0,191722349790.0
2018,Salud y protección social,19,Superintendencia nacional de salud,1910,Inversión,51836656231.0,81456121601.39339
2018,Minas y energía,21,Ministerio de minas y energía,2101,Funcionamiento,99643820000.0,156580298748.0
2018,Salud y protección social,19,Instituto nacional de salud (ins),1903,Inversión,19902339788.0,31274536742.863197
2018,Salud y protección social,19,Instituto nacional de salud (ins),1903,Funcionamiento,33804038000.0,53119665313.2
2018,Salud y protección social,19,Ministerio de salud y protección social,1901,Inversión,393396353887.0,618183030498.0317
2018,Salud y protección social,19,Ministerio de salud y protección social,1901,Funcionamiento,23052103051803.0,36224074735603.234
2018,Presidencia de la república,2,Agencia de renovación del territorio – art,214,Inversión,51930000000.0,81602802000.0
2018,Salud y protección social,19,Superintendencia nacional de salud,1910,Funcionamiento,92414087000.0,145219496311.8
2019,Ambiente y desarrollo sostenible,32,Corporación autónoma regional de la frontera nororiental (corponor),3217,Funcionamiento,3460053000.0,5238080235.260116
2019,Ambiente y desarrollo sostenible,32,Corporación autónoma regional de nariño (corponariño),3216,Inversión,1749094650.0,2647906871.8786125
2019,Ambiente y desarrollo sostenible,32,Corporación autónoma regional de nariño (corponariño),3216,Funcionamiento,2358988648.0,3571208826.0763006
2019,Ambiente y desarrollo sostenible,32,Corporación autónoma regional de risaralda (carder),3215,Funcionamiento,2426207169.0,3672969118.850289
2019,Ambiente y desarrollo sostenible,32,Corporación autónoma regional del tolima (cortolima),3214,Funcionamiento,1951818712.0,2954805321.8080926
2019,Ambiente y desarrollo sostenible,32,Corporación autónoma regional para la defensa de la meseta de bucaramanga (cdmb),3213,Funcionamiento,1091700225.0,1652695311.7196531
2019,Ambiente y desarrollo sostenible,32,Corporación autónoma regional para el desarrollo sostenible del choco (codechoco),3212,Inversión,3347990033.0,5068431154.004046
2019,Ambiente y desarrollo sostenible,32,Corporación para el desarrollo sostenible del urabá (corpourabá),3210,Inversión,3776391879.0,5716977070.000578
2019,Ambiente y desarrollo sostenible,32,Corporación autónoma regional de caldas (corpocaldas),3211,Funcionamiento,3448056000.0,5219918302.890173
2019,Ambiente y desarrollo sostenible,32,Corporación para el desarrollo sostenible del urabá (corpourabá),3210,Funcionamiento,3389235554.0,5130871627.70289
2019,Ambiente y desarrollo sostenible,32,Corporación autónoma regional del quindío (crq),3209,Funcionamiento,4748752587.0,7189007529.10578
2019,Ambiente y desarrollo sostenible,32,Corporación autónoma regional de los valles del sinú y san jorge (cvs),3208,Funcionamiento,2855403000.0,4322717027.16763
2019,Ambiente y desarrollo sostenible,32,Fondo nacional ambiental,3204,Inversión,164762000000.0,249428715606.9364
2019,Ambiente y desarrollo sostenible,32,Corporación autónoma regional de la guajira (corpoguajira),3218,Funcionamiento,3429762000.0,5192223513.294798
2019,Ambiente y desarrollo sostenible,32,Corporación autónoma regional para el desarrollo sostenible del choco (codechoco),3212,Funcionamiento,1899475296.0,2875564046.3722544
2019,Ambiente y desarrollo sostenible,32,Corporación autónoma regional de la guajira (corpoguajira),3218,Inversión,2795865278.0,4232584487.330635
2019,Ambiente y desarrollo sostenible,32,Corporación autónoma regional de sucre (carsucre),3230,Inversión,2413148075.0,3653199311.228323
2019,Ambiente y desarrollo sostenible,32,Corporación autónoma regional del cesar (corpocesar),3219,Inversión,5550510258.0,8402766685.376879
2019,Ambiente y desarrollo sostenible,32,Fondo nacional ambiental,3204,Funcionamiento,29789287000.0,45097192284.9711
2019,Ambiente y desarrollo sostenible,32,Corporación autónoma regional de sucre (carsucre),3230,Funcionamiento,2328454000.0,3524983252.023122
2019,Ambiente y desarrollo sostenible,32,Corporación autónoma regional de la orinoquia (corporinoquia),3229,Funcionamiento,1932633000.0,2925760593.6416183
2019,Ambiente y desarrollo sostenible,32,Corporación  para el desarrollo sostenible de la mojana y el san jorge (corpomojana),3228,Inversión,4614107374.0,6985171799.1364155
2019,Ambiente y desarrollo sostenible,32,Corporación  para el desarrollo sostenible de la mojana y el san jorge (corpomojana),3228,Funcionamiento,2108500000.0,3192000867.052023
2019,Ambiente y desarrollo sostenible,32,Corporación para el desarrollo sostenible del área de manejo especial la macarena (cormacarena),3227,Inversión,1867421180.0,2827038190.99422
2019,Ambiente y desarrollo sostenible,32,Corporación para el desarrollo sostenible del área de manejo especial la macarena (cormacarena),3227,Funcionamiento,2325504000.0,3520517327.1676297
2019,Ambiente y desarrollo sostenible,32,"Corporación para el desarrollo sostenible del archipiélago de san andres, providencia y santa catalina (coralina)",3226,Inversión,2298988779.0,3480376654.451445
2019,Ambiente y desarrollo sostenible,32,"Corporación para el desarrollo sostenible del archipiélago de san andres, providencia y santa catalina (coralina)",3226,Funcionamiento,2149515072.0,3254092470.27052
2019,Ambiente y desarrollo sostenible,32,Corporación  para el desarrollo sostenible del norte y oriente de la amazonia (cda),3224,Inversión,5300255952.0,8023913490.339884
2019,Ambiente y desarrollo sostenible,32,Corporación  para el desarrollo sostenible del norte y oriente de la amazonia (cda),3224,Funcionamiento,2176522841.0,3294978798.0225434
2019,Ambiente y desarrollo sostenible,32,Corporación para el desarrollo sostenible del sur de la amazonia (corpoamazonia),3223,Inversión,3041027273.0,4603728571.090752
2019,Ambiente y desarrollo sostenible,32,Corporación para el desarrollo sostenible del sur de la amazonia (corpoamazonia),3223,Funcionamiento,2118547000.0,3207210747.398844
2019,Ambiente y desarrollo sostenible,32,Corporación autónoma regional del magdalena (corpamag),3222,Funcionamiento,4345500000.0,6578534393.063583
2019,Ambiente y desarrollo sostenible,32,Corporación autónoma regional del cauca (crc),3221,Funcionamiento,5338807000.0,8082274874.566474
2019,Ambiente y desarrollo sostenible,32,Corporación autónoma regional del cesar (corpocesar),3219,Funcionamiento,2698855000.0,4085723263.00578
2019,Ambiente y desarrollo sostenible,32,"Instituto de hidrología, meteorología y estudios ambientales- ideam",3202,Inversión,28173935775.0,42651755950.70809
2019,Transporte,24,Instituto nacional de vías,2402,Inversión,3491773460410.0,5286100978505.081
2019,Ambiente y desarrollo sostenible,32,Ministerio de ambiente y desarrollo sostenible,3201,Inversión,145915861183.0,220898058056.8075
2019,Organismos de control,25,Procuraduría general de la nación,2501,Inversión,54509400000.0,82520299768.78612
2019,Organismos de control,25,Procuraduría general de la nación,2501,Funcionamiento,650906484794.0,985389643743.0554
2019,Transporte,24,Superintendencia de puertos y transporte,2417,Inversión,19500000000.0,29520520231.21387
2019,Transporte,24,Superintendencia de puertos y transporte,2417,Funcionamiento,29666877742.0,44911880234.85433
2019,Transporte,24,Agencia nacional de seguridad vial,2416,Inversión,143936000000.0,217900800000.0
2019,Transporte,24,Agencia nacional de seguridad vial,2416,Funcionamiento,18667920121.0,28260857108.034103
2019,Transporte,24,Comisión de regulación de infraestructura y transporte,2415,Funcionamiento,2360992501.0,3574242404.6930633
2019,Transporte,24,Unidad de planeación del sector de infraestructura de transporte,2414,Funcionamiento,2360992501.0,3574242404.6930633
2019,Transporte,24,Agencia nacional de infraestructura,2413,Inversión,2418788028507.0,3661737483618.4
2019,Transporte,24,Agencia nacional de infraestructura,2413,Deuda,608283882399.0,920864443932.3588
2019,Transporte,24,Agencia nacional de infraestructura,2413,Funcionamiento,74780665239.0,113208417491.8734
2019,Transporte,24,Unidad administrativa especial de la aeronáutica civil,2412,Inversión,900715000000.0,1363567968208.0923
2019,Transporte,24,Unidad administrativa especial de la aeronáutica civil,2412,Deuda,1316000000.0,1992256647.398844
2019,Transporte,24,Unidad administrativa especial de la aeronáutica civil,2412,Funcionamiento,608458790543.0,921129232619.7208
2019,Ambiente y desarrollo sostenible,32,Corporación autónoma regional del alto magdalena (cam),3231,Funcionamiento,2185304000.0,3308272356.069364
2019,Organismos de control,25,Defensoría del pueblo,2502,Funcionamiento,485375030616.0,734796072360.2913
2019,Ambiente y desarrollo sostenible,32,"Instituto de hidrología, meteorología y estudios ambientales- ideam",3202,Funcionamiento,45070267785.0,68230653947.34971
2019,Organismos de control,25,Defensoría del pueblo,2502,Inversión,46839491316.0,70909033385.32024
2019,Organismos de control,25,Contraloría general de la república,2601,Inversión,99024677735.0,149910769357.2052
2019,Ambiente y desarrollo sostenible,32,Ministerio de ambiente y desarrollo sostenible,3201,Funcionamiento,172035095232.0,260439256885.90057
2019,Fiscalía,29,Fondo especial para la administración de bienes de la fiscalía general de la nación,2904,Inversión,48455000000.0,73354708092.48555
2019,Fiscalía,29,Fondo especial para la administración de bienes de la fiscalía general de la nación,2904,Funcionamiento,11046778749.0,16723418233.312716
2019,Fiscalía,29,Instituto nacional de medicina legal y ciencias forenses,2902,Inversión,41081625998.0,62192357507.95491
2019,Fiscalía,29,Instituto nacional de medicina legal y ciencias forenses,2902,Funcionamiento,192468826789.0,291373327953.9832
2019,Fiscalía,29,Fiscalía general de la nación,2901,Inversión,81983925000.0,124113236748.55492
2019,Fiscalía,29,Fiscalía general de la nación,2901,Funcionamiento,3498595433168.0,5296428577726.585
2019,Registraduría,28,Fondo social de vivienda de la registraduría nacional del estado civil,2803,Funcionamiento,12897498000.0,19525171827.745663
2019,Registraduría,28,Fondo rotatorio de la registraduría,2802,Inversión,49833491261.0,75441568562.17284
2019,Registraduría,28,Fondo rotatorio de la registraduría,2802,Funcionamiento,34523715330.0,52264514710.56069
2019,Registraduría,28,Registraduría nacional del estado civil,2801,Inversión,83518196471.0,126435928645.98209
2019,Registraduría,28,Registraduría nacional del estado civil,2801,Funcionamiento,1103777416499.0,1670978643821.3184
2019,Rama judicial,27,Rama judicial,2701,Inversión,383834000000.0,581075864739.8844
2019,Rama judicial,27,Rama judicial,2701,Funcionamiento,3975862609424.0,6018950389642.46
2019,Organismos de control,25,Fondo de bienestar social de la contraloría general de la república,2602,Funcionamiento,60586000000.0,91719499421.96532
2019,Organismos de control,25,Contraloría general de la república,2601,Funcionamiento,487582000000.0,738137143352.6011
2019,Ambiente y desarrollo sostenible,32,Corporación autónoma regional del centro de antioquia (corantioquia),3232,Funcionamiento,2334470502.0,3534091470.9468207
2019,"Sistema integral de verdad, justicia, reparación y no repetición",44,Unidad de búsqueda de personas dadas por desaparecidas en el contexto y en razón del conflicto armado (ubpd),4403,Inversión,48328748000.0,73163578619.65318
2019,Ambiente y desarrollo sostenible,32,Corporación autónoma regional de santander (cas),3234,Funcionamiento,2079592305.0,3148238292.9450865
2019,"Vivienda, ciudad y territorio",40,"Ministerio de vivienda, ciudad y territorio",4001,Inversión,488457337420.0,739462292891.8959
2019,"Vivienda, ciudad y territorio",40,"Ministerio de vivienda, ciudad y territorio",4001,Funcionamiento,2191257246928.0,3317284814858.053
2019,"Ciencia, tecnología e innovación",39,"Ministerio de ciencia, tecnología e innovación",3901,Inversión,333500095320.0,504876733897.7341
2019,"Ciencia, tecnología e innovación",39,"Ministerio de ciencia, tecnología e innovación",3901,Funcionamiento,23180888556.0,35092917415.123695
2019,Empleo público,5,Comisión nacional del servicio civil,3801,Inversión,102441313778.0,155083121840.79883
2019,Empleo público,5,Comisión nacional del servicio civil,3801,Funcionamiento,18482000000.0,27979397687.86127
2019,Interior,37,Dirección nacional de bomberos,3709,Inversión,40000000000.0,60554913294.79768
2019,Interior,37,Dirección nacional de bomberos,3709,Funcionamiento,4883000000.0,7392241040.462427
2019,Interior,37,Unidad nacional de protección - unp,3708,Inversión,1489241558.0,2254522335.4924855
2019,Interior,37,Unidad nacional de protección - unp,3708,Funcionamiento,687258000000.0,1040421215028.9016
2019,Interior,37,Corporación nacional para la reconstrucción de la cuenca del rio páez y zonas aledañas nasa ki we,3704,Inversión,10974867481.0,16614553718.346245
2019,Interior,37,Corporación nacional para la reconstrucción de la cuenca del rio páez y zonas aledañas nasa ki we,3704,Funcionamiento,3010996000.0,4558265042.774567
2019,Interior,37,Dirección nacional del derecho de autor,3703,Inversión,1280000000.0,1937757225.433526
2019,Interior,37,Dirección nacional del derecho de autor,3703,Funcionamiento,3732200397.0,5650076785.978613
2019,Interior,37,Ministerio del interior,3701,Inversión,98609112875.0,149281657005.56357
2019,"Vivienda, ciudad y territorio",40,Fondo nacional de vivienda - fonvivienda,4002,Funcionamiento,2163000000.0,3274506936.416185
2019,Interior,37,Ministerio del interior,3701,Funcionamiento,407616024172.0,617078825032.6405
2019,"Vivienda, ciudad y territorio",40,Fondo nacional de vivienda - fonvivienda,4002,Inversión,1662636797955.0,2517020678522.627
2019,Inclusión social y reconciliación,41,Departamento administrativo para la prosperidad social,4101,Inversión,3017486426431.0,4568090723018.953
2019,Transporte,24,Instituto nacional de vías,2402,Deuda,9426722619.0,14270859271.19133
2019,"Sistema integral de verdad, justicia, reparación y no repetición",44,Unidad de búsqueda de personas dadas por desaparecidas en el contexto y en razón del conflicto armado (ubpd),4403,Funcionamiento,33332400000.0,50461014797.68786
2019,"Sistema integral de verdad, justicia, reparación y no repetición",44,"Comisión para el esclarecimiento de la verdad, la  convivencia y la no repetición en liquidación",4402,Inversión,32120000000.0,48625595375.72254
2019,"Sistema integral de verdad, justicia, reparación y no repetición",44,"Comisión para el esclarecimiento de la verdad, la  convivencia y la no repetición en liquidación",4402,Funcionamiento,49360700000.0,74725822716.763
2019,"Sistema integral de verdad, justicia, reparación y no repetición",44,Jurisdicción especial para la paz,4401,Inversión,90358204914.0,136790831601.0208
2019,"Sistema integral de verdad, justicia, reparación y no repetición",44,Jurisdicción especial para la paz,4401,Funcionamiento,202107623109.0,305965239839.5786
2019,Deporte y recreación,43,Ministerio del deporte,4301,Inversión,532000000000.0,805380346820.8092
2019,Deporte y recreación,43,Ministerio del deporte,4301,Funcionamiento,37055371065.0,56097119548.69075
2019,Inteligencia,42,Departamento administrativo dirección nacional de inteligencia,4201,Inversión,7240789965.0,10961635212.910404
2019,Inteligencia,42,Departamento administrativo dirección nacional de inteligencia,4201,Funcionamiento,89259000000.0,135126775144.50868
2019,Igualdad y equidad,46,Instituto colombiano de bienestar familiar,4602,Inversión,5996240400579.0,9077545438795.607
2019,Igualdad y equidad,46,Instituto colombiano de bienestar familiar,4602,Funcionamiento,613254180468.0,928388843147.7988
2019,Inclusión social y reconciliación,41,Centro de memoria histórica,4105,Inversión,62294335312.0,94305701839.38034
2019,Inclusión social y reconciliación,41,Centro de memoria histórica,4105,Funcionamiento,12580080989.0,19044642838.260693
2019,Inclusión social y reconciliación,41,Unidad de atención y reparación integral a las víctimas,4104,Funcionamiento,718587543826.0,1087850160277.6266
2019,Inclusión social y reconciliación,41,Departamento administrativo para la prosperidad social,4101,Funcionamiento,157459057050.0,238372988678.5838
2019,Ambiente y desarrollo sostenible,32,Corporación autónoma regional del atlántico (cra),3233,Funcionamiento,1828800000.0,2768570635.83815
2019,Trabajo,36,Unidad administrativa especial del servicio público de empleo,3613,Inversión,13599280589.0,20587581423.463005
2019,Trabajo,36,Unidad administrativa especial de organizaciones solidarias,3612,Inversión,11834800886.0,17916383537.82312
2019,Cultura,33,Instituto colombiano de antropología e historia,3305,Inversión,16277800000.0,24642519190.75145
2019,Cultura,33,Instituto colombiano de antropología e historia,3305,Funcionamiento,6757100000.0,10229390115.606936
2019,Cultura,33,Archivo general de la nación,3304,Inversión,10922356934.0,16535059427.830055
2019,Cultura,33,Archivo general de la nación,3304,Funcionamiento,11750507644.0,17788774288.806934
2019,Cultura,33,"Ministerio de las culturas, las artes y los saberes ancestrales",3301,Inversión,145747573583.0,220643292031.14276
2019,Cultura,33,"Ministerio de las culturas, las artes y los saberes ancestrales",3301,Funcionamiento,209457180475.0,317091535065.9104
2019,Ambiente y desarrollo sostenible,32,Corporación autónoma regional del sur de bolívar (csb),3239,Inversión,4656376504.0,7049161886.691329
2019,Ambiente y desarrollo sostenible,32,Corporación autónoma regional del sur de bolívar (csb),3239,Funcionamiento,2483848000.0,3760230006.936416
2019,Ambiente y desarrollo sostenible,32,Corporación autónoma regional del canal del dique (cardique),3238,Funcionamiento,2323200000.0,3517029364.1618495
2019,Ambiente y desarrollo sostenible,32,Corporación autónoma regional del guavio (corpoguavio),3237,Inversión,6447241901.0,9760304357.64104
2019,Ambiente y desarrollo sostenible,32,Corporación autónoma regional del guavio (corpoguavio),3237,Funcionamiento,735360939.0,1113242947.5381503
2019,Ambiente y desarrollo sostenible,32,Corporación autónoma regional de chivor (corpochivor),3236,Inversión,2134407461.0,3231221468.415607
2019,Ambiente y desarrollo sostenible,32,Corporación autónoma regional de chivor (corpochivor),3236,Funcionamiento,2061518000.0,3120876093.6416183
2019,Ambiente y desarrollo sostenible,32,Corporación autónoma regional de boyacá (corpoboyacá),3235,Inversión,1000000000.0,1513872832.3699422
2019,Ambiente y desarrollo sostenible,32,Corporación autónoma regional de boyacá (corpoboyacá),3235,Funcionamiento,2106368186.0,3188773571.753757
2019,Cultura,33,Instituto caro y cuervo,3307,Funcionamiento,7347600000.0,11123332023.121387
2019,Trabajo,36,Unidad administrativa especial del servicio público de empleo,3613,Funcionamiento,10551708176.0,15973944342.742195
2019,Cultura,33,Instituto caro y cuervo,3307,Inversión,5586577956.0,8457368593.505202
2019,Organismos de control,25,Auditoría general de la republica,3401,Inversión,6479739246.0,9809501205.360691
2019,Trabajo,36,Unidad administrativa especial de organizaciones solidarias,3612,Funcionamiento,6693506000.0,10133116886.705202
2019,Trabajo,36,Servicio nacional de aprendizaje (sena),3602,Inversión,3502293116858.0,5302026400607.573
2019,Trabajo,36,Servicio nacional de aprendizaje (sena),3602,Funcionamiento,88206781199.0,133533849687.9659
2019,Trabajo,36,Ministerio del trabajo,3601,Inversión,1651155649528.0,2499639679834.585
2019,Trabajo,36,Ministerio del trabajo,3601,Funcionamiento,23318794236905.0,35301689078875.26
2019,"Comercio, industria y turismo",35,Instituto nacional de metrología - inm,3505,Inversión,14075698982.0,21308818285.467052
2019,"Comercio, industria y turismo",35,Instituto nacional de metrología - inm,3505,Funcionamiento,12423156000.0,18807078360.69364
2019,"Comercio, industria y turismo",35,Unidad administrativa especial junta central contadores,3504,Inversión,5720819000.0,8660592463.00578
2019,"Comercio, industria y turismo",35,Unidad administrativa especial junta central contadores,3504,Funcionamiento,6060755483.0,9175213069.350866
2019,"Comercio, industria y turismo",35,Superintendencia de industria y comercio,3503,Inversión,161536218750.0,244545293009.39307
2019,"Comercio, industria y turismo",35,Superintendencia de industria y comercio,3503,Funcionamiento,78755679868.0,119226084146.9896
2019,"Comercio, industria y turismo",35,Superintendencia de sociedades,3502,Inversión,12366180000.0,18720823942.19653
2019,"Comercio, industria y turismo",35,Superintendencia de sociedades,3502,Funcionamiento,124802297249.0,188934807222.61908
2019,"Comercio, industria y turismo",35,"Ministerio de comercio, industria y turismo",3501,Inversión,194761038993.0,294843445735.6456
2019,"Comercio, industria y turismo",35,"Ministerio de comercio, industria y turismo",3501,Funcionamiento,371630739081.0,562601679568.2885
2019,Organismos de control,25,Auditoría general de la republica,3401,Funcionamiento,28968000000.0,43853868208.09248
2019,Transporte,24,Instituto nacional de vías,2402,Funcionamiento,243444513937.0,368544035838.7301
2019,Inclusión social y reconciliación,41,Unidad de atención y reparación integral a las víctimas,4104,Inversión,1185442329159.0,1794608936455.1565
2019,Transporte,24,Ministerio de transporte,2401,Deuda,3420000000.0,5177445086.705202
2019,Hacienda,13,Unidad de información y análisis financiero,1312,Funcionamiento,9508000000.0,14393902890.17341
2019,Hacienda,13,Unidad administrativa especial dirección de impuestos y aduanas nacionales,1310,Inversión,203779062008.0,308495585779.741
2019,Hacienda,13,Unidad administrativa especial dirección de impuestos y aduanas nacionales,1310,Funcionamiento,1358206000000.0,2056151164161.8496
2019,Hacienda,13,Superintendencia de la economía solidaria,1309,Inversión,18484000000.0,27982425433.526012
2019,Hacienda,13,Superintendencia de la economía solidaria,1309,Funcionamiento,16080000000.0,24343075144.50867
2019,Hacienda,13,Unidad administrativa especial contaduría general de la nación,1308,Inversión,9316000000.0,14103239306.35838
2019,Hacienda,13,Unidad de información y análisis financiero,1312,Inversión,1213072000.0,1836436744.5086703
2019,Hacienda,13,Unidad administrativa especial contaduría general de la nación,1308,Funcionamiento,13285000000.0,20111800578.034683
2019,Hacienda,13,Ministerio de hacienda y crédito público,1301,Funcionamiento,10114058296289.0,15311398079757.74
2019,Justicia y del derecho,12,Unidad de servicios penitenciarios y carcelarios - uspec,1211,Inversión,317131500000.0,480096762138.72833
2019,Justicia y del derecho,12,Unidad de servicios penitenciarios y carcelarios - uspec,1211,Funcionamiento,718201219962.0,1087265315075.4208
2019,Justicia y del derecho,12,Unidad administrativa especial agencia nacional de defensa jurídica del estado,1210,Inversión,5697664909.0,8625540113.68266
2019,Justicia y del derecho,12,Unidad administrativa especial agencia nacional de defensa jurídica del estado,1210,Funcionamiento,48881590604.0,74000512018.42543
2019,Justicia y del derecho,12,Instituto nacional penitenciario y carcelario - inpec,1208,Inversión,2697052230.0,4082994098.4797688
2019,Hacienda,13,Ministerio de hacienda y crédito público,1301,Inversión,2461897519278.0,3726999770513.92
2019,Hacienda,13,Superintendencia financiera de colombia,1313,Funcionamiento,203914000000.0,308699864739.8844
2019,Hacienda,13,Superintendencia financiera de colombia,1313,Inversión,19436000000.0,29423632369.942196
2019,Hacienda,13,Unidad administrativa especial de gestión  pensional y contribuciones parafiscales de la protección social (ugppp),1314,Funcionamiento,185099232294.0,280216699062.4196
2019,Defensa y policía,15,Caja de sueldos de retiro de la policía nacional,1511,Inversión,13979650000.0,21163412341.040462
2019,Defensa y policía,15,Caja de sueldos de retiro de la policía nacional,1511,Funcionamiento,3153607504878.0,4774160725592.764
2019,Defensa y policía,15,Club militar de oficiales,1510,Funcionamiento,51638612655.0,78174292799.67918
2019,Defensa y policía,15,"Defensa civil colombiana, guillermo león valencia",1508,Inversión,3380000000.0,5116890173.410404
2019,Defensa y policía,15,"Defensa civil colombiana, guillermo león valencia",1508,Funcionamiento,33494000000.0,50705656647.39884
2019,Defensa y policía,15,Instituto casas fiscales del ejército,1507,Inversión,14075000000.0,21307760115.606937
2019,Defensa y policía,15,Instituto casas fiscales del ejército,1507,Funcionamiento,20649000000.0,31259960115.606937
2019,Defensa y policía,15,Caja de retiro de las fuerzas militares,1503,Inversión,6651641000.0,10069738600.578032
2019,Defensa y policía,15,Caja de retiro de las fuerzas militares,1503,Funcionamiento,3306603127022.0,5005776641428.103
2019,Defensa y policía,15,Ministerio de defensa nacional,1501,Inversión,1052984506979.0,1594084638021.9658
2019,Defensa y policía,15,Ministerio de defensa nacional,1501,Funcionamiento,13760345300715.0,20831412914781.84
2019,Servicio de la deuda pública nacional,14,Servicio de la deuda pública nacional,1401,Deuda,51312268915419.0,77680249878313.5
2019,Hacienda,13,Fondo adaptación,1315,Inversión,1290000000000.0,1952895953757.225
2019,Hacienda,13,Fondo adaptación,1315,Funcionamiento,27674478118.0,41895640572.85664
2019,Hacienda,13,Unidad administrativa especial de gestión  pensional y contribuciones parafiscales de la protección social (ugppp),1314,Inversión,6634041074.0,10043094550.754911
2019,Justicia y del derecho,12,Instituto nacional penitenciario y carcelario - inpec,1208,Funcionamiento,1149857630574.0,1740738228019.252
2019,Justicia y del derecho,12,Superintendencia de notariado y registro,1204,Inversión,73085000000.0,110641395953.75722
2019,Justicia y del derecho,12,Superintendencia de notariado y registro,1204,Funcionamiento,283871350756.0,429745125797.66705
2019,Justicia y del derecho,12,Ministerio de justicia y del derecho,1201,Inversión,29756526113.0,45047596468.17745
2019,Planeación,3,Unidad administrativa especial  - agencia nacional de contratación pública - colombia compra eficiente,303,Funcionamiento,9280000000.0,14048739884.393064
2019,Transporte,24,Ministerio de transporte,2401,Inversión,112308002961.0,170020034540.38092
2019,Planeación,3,Departamento administrativo nacional de planeación,301,Inversión,290197833546.0,439322616217.90405
2019,Planeación,3,Departamento administrativo nacional de planeación,301,Funcionamiento,70064637000.0,106068950464.16183
2019,Presidencia de la república,2,Agencia nacional inmobiliaria virgilio barco vargas,213,Inversión,5945000000.0,8999973988.439306
2019,Presidencia de la república,2,Agencia nacional inmobiliaria virgilio barco vargas,213,Funcionamiento,4968392555.0,7521514509.563583
2019,Presidencia de la república,2,Agencia para la reincorporación y la normalización - arn,212,Inversión,1324509697.0,2005139246.498844
2019,Presidencia de la república,2,Agencia para la reincorporación y la normalización - arn,212,Funcionamiento,138267249585.0,209319032753.24567
2019,Presidencia de la república,2,Unidad nacional para la gestión del riesgo de desastres,211,Inversión,70896432618.0,107328183252.3364
2019,Presidencia de la república,2,Unidad nacional para la gestión del riesgo de desastres,211,Funcionamiento,56324000000.0,85267373410.40462
2019,Presidencia de la república,2,"Agencia presidencial de cooperación internacional de colombia, apc - colombia",209,Inversión,95759095538.0,144967093187.29596
2019,Presidencia de la república,2,"Agencia presidencial de cooperación internacional de colombia, apc - colombia",209,Funcionamiento,28415000000.0,43016696531.79191
2019,Presidencia de la república,2,Presidencia de la república,201,Inversión,38448647214.0,58206362458.65086
2019,Presidencia de la república,2,Presidencia de la república,201,Funcionamiento,168625000000.0,255276806358.3815
2019,Congreso de la república,1,Congreso de la república,101,Funcionamiento,516247000000.0,781532308092.4855
2019,Planeación,3,Unidad administrativa especial  - agencia nacional de contratación pública - colombia compra eficiente,303,Inversión,14000000000.0,21194219653.17919
2019,Defensa y policía,15,Fondo rotatorio de la policía,1512,Funcionamiento,338642427839.0,512661571393.2607
2019,Planeación,3,Superintendencia de servicios públicos domiciliarios,324,Funcionamiento,118935174232.0,180052729083.0104
2019,Información estadística,4,Departamento administrativo nacional de estadística (dane),401,Funcionamiento,94562000000.0,143154842774.56647
2019,Justicia y del derecho,12,Ministerio de justicia y del derecho,1201,Funcionamiento,80109537364.0,121275652229.0844
2019,Relaciones exteriores,11,Unidad administrativa especial migración colombia,1104,Inversión,40433154593.0,61210654265.35664
2019,Relaciones exteriores,11,Unidad administrativa especial migración colombia,1104,Funcionamiento,106709000000.0,161543856069.36417
2019,Relaciones exteriores,11,Fondo rotatorio del ministerio de relaciones exteriores,1102,Inversión,17092967539.0,25876579181.87341
2019,Relaciones exteriores,11,Fondo rotatorio del ministerio de relaciones exteriores,1102,Funcionamiento,440009000000.0,666117671098.2659
2019,Relaciones exteriores,11,Ministerio de relaciones exteriores,1101,Funcionamiento,404092000000.0,611743900578.0347
2019,Empleo público,5,Escuela superior de administración pública (esap),503,Inversión,313814100000.0,475074640404.62427
2019,Empleo público,5,Escuela superior de administración pública (esap),503,Funcionamiento,51652050488.0,78194635969.98381
2019,Empleo público,5,Departamento administrativo de la función pública,501,Inversión,8928508438.0,13516626357.873987
2019,Empleo público,5,Departamento administrativo de la función pública,501,Funcionamiento,19894000000.0,30116986127.16763
2019,Información estadística,4,Instituto geográfico agustín codazzi - igac,403,Inversión,91191834862.0,138052841331.54797
2019,Información estadística,4,Instituto geográfico agustín codazzi - igac,403,Funcionamiento,59570000000.0,90181404624.27744
2019,Información estadística,4,Fondo rotatorio del dane,402,Inversión,3686000000.0,5580135260.115606
2019,Información estadística,4,Fondo rotatorio del dane,402,Funcionamiento,369000000.0,558619075.1445086
2019,Información estadística,4,Departamento administrativo nacional de estadística (dane),401,Inversión,115238768066.0,174456840210.89825
2019,Planeación,3,Superintendencia de servicios públicos domiciliarios,324,Inversión,24379584312.0,36907590354.40925
2019,Defensa y policía,15,Fondo rotatorio de la policía,1512,Inversión,4500000000.0,6812427745.66474
2019,Congreso de la república,1,Congreso de la república,101,Inversión,90000000000.0,136248554913.2948
2019,Defensa y policía,15,Superintendencia de vigilancia y seguridad privada,1516,Inversión,11500000000.0,17409537572.254333
2019,Educación,22,Escuela tecnológica instituto técnico central,2234,Funcionamiento,20959533642.0,31730068559.767628
2019,Igualdad y equidad,46,Instituto nacional para ciegos (inci),4604,Inversión,2290958589.0,3468219967.9716763
2019,Igualdad y equidad,46,Instituto nacional para ciegos (inci),4604,Funcionamiento,5453053000.0,8255228790.17341
2019,Igualdad y equidad,46,Instituto nacional para sordos (insor),4603,Inversión,4032904000.0,6105303801.156069
2019,Igualdad y equidad,46,Instituto nacional para sordos (insor),4603,Funcionamiento,5092057000.0,7708726753.179191
2019,Educación,22,Ministerio de educación nacional,2201,Inversión,4194409440940.0,6349802500475.063
2019,Educación,22,Instituto nacional de formación técnica profesional de san andres y providencia,2238,Funcionamiento,3420700000.0,5178504797.687861
2019,Educación,22,Ministerio de educación nacional,2201,Funcionamiento,37194139182370.0,56307196831576.31
2019,Minas y energía,21,Agencia nacional de minería - anm,2112,Funcionamiento,98204093000.0,148668508420.2312
2019,Minas y energía,21,Agencia nacional de hidrocarburos - anh,2111,Inversión,264400817108.0,400269213876.215
2019,Minas y energía,21,Agencia nacional de hidrocarburos - anh,2111,Funcionamiento,405105574000.0,613278322720.2312
2019,Minas y energía,21,Instituto de planificación y promoción de soluciones  energéticas para las zonas no interconectadas - ipse,2110,Inversión,43524444000.0,65890473315.60693
2019,Minas y energía,21,Instituto de planificación y promoción de soluciones  energéticas para las zonas no interconectadas - ipse,2110,Funcionamiento,34835744318.0,52736886918.40578
2019,Minas y energía,21,Unidad de planeacion minero energética - upme,2109,Inversión,20469934840.0,30988878234.65896
2019,Minas y energía,21,Agencia nacional de minería - anm,2112,Inversión,30886113489.0,46757648108.491905
2019,Educación,22,Instituto nacional de formación técnica profesional de san andres y providencia,2238,Inversión,2881135334.0,4361672508.523699
2019,Educación,22,Instituto nacional de formación técnica profesional de san juan del cesar,2239,Funcionamiento,5004400000.0,7576025202.312139
2019,Educación,22,Instituto nacional de formación técnica profesional de san juan del cesar,2239,Inversión,3174336769.0,4805542195.382081
2019,Transporte,24,Ministerio de transporte,2401,Funcionamiento,73265640374.0,110914862508.38496
2019,Tecnologías de la información y las comunicaciones,23,Computadores para educar cpe,2311,Inversión,35976600020.0,54463997371.31792
2019,Tecnologías de la información y las comunicaciones,23,Computadores para educar cpe,2311,Funcionamiento,17183419480.0,26013511917.98844
2019,Tecnologías de la información y las comunicaciones,23,ANTV,2310,Inversión,277019059000.0,419371627468.78613
2019,Tecnologías de la información y las comunicaciones,23,ANTV,2310,Funcionamiento,19061650836.0,28856915340.742195
2019,Tecnologías de la información y las comunicaciones,23,Agencia nacional del espectro - ane,2309,Inversión,14660000000.0,22193375722.54335
2019,Tecnologías de la información y las comunicaciones,23,Agencia nacional del espectro - ane,2309,Funcionamiento,13997000000.0,21189678034.68208
2019,Tecnologías de la información y las comunicaciones,23,Fondo único de tecnologías de la información y las comunicaciones,2306,Inversión,843020916998.0,1276226463362.8682
2019,Tecnologías de la información y las comunicaciones,23,Fondo único de tecnologías de la información y las comunicaciones,2306,Funcionamiento,424199002945.0,642183346076.8525
2019,Tecnologías de la información y las comunicaciones,23,Ministerio de tecnologías de la información y las comunicaciones,2301,Inversión,17556000000.0,26577551445.086704
2019,Tecnologías de la información y las comunicaciones,23,Ministerio de tecnologías de la información y las comunicaciones,2301,Funcionamiento,66948496183.0,101351509539.46648
2019,Educación,22,"Instituto técnico nacional de comercio ""simón rodríguez"" de cali",2242,Inversión,1110000000.0,1680398843.9306357
2019,Educación,22,"Instituto técnico nacional de comercio ""simón rodríguez"" de cali",2242,Funcionamiento,6494900000.0,9832452658.959538
2019,Educación,22,Instituto tolimense de formación técnica profesional,2241,Inversión,1317852208.0,1995060654.769942
2019,Educación,22,Instituto tolimense de formación técnica profesional,2241,Funcionamiento,14761264794.0,22346677743.055492
2019,Minas y energía,21,Unidad de planeacion minero energética - upme,2109,Funcionamiento,15701216000.0,23769644337.572254
2019,Minas y energía,21,Servicio geológico colombiano,2103,Inversión,30024895570.0,45453873698.167625
2019,Educación,22,Escuela tecnológica instituto técnico central,2234,Inversión,7364158701.0,11148399790.704624
2019,Minas y energía,21,Ministerio de minas y energía,2101,Inversión,3648645209054.0,5523584856943.599
2019,Agricultura y desarrollo rural,17,Agencia nacional de tierras - ant,1717,Funcionamiento,21967133158.0,33255446092.94913
2019,Agricultura y desarrollo rural,17,Unidad administrativa especial de gestión de restitución de tierras despojadas,1716,Inversión,196006673524.0,296729178011.1884
2019,Agricultura y desarrollo rural,17,Unidad administrativa especial de gestión de restitución de tierras despojadas,1716,Funcionamiento,52073688859.0,78832942844.92543
2019,Agricultura y desarrollo rural,17,Autoridad nacional de acuicultura y pesca - aunap,1715,Inversión,53712382069.0,81313715976.13353
2019,Agricultura y desarrollo rural,17,Autoridad nacional de acuicultura y pesca - aunap,1715,Funcionamiento,12496365829.0,18917908731.87919
2019,Agricultura y desarrollo rural,17,Instituto colombiano agropecuario (ica),1702,Inversión,220339781104.0,333566408503.68555
2019,Agricultura y desarrollo rural,17,Instituto colombiano agropecuario (ica),1702,Funcionamiento,115061319605.0,174188205806.6445
2019,Agricultura y desarrollo rural,17,Agencia nacional de tierras - ant,1717,Deuda,98141007.0,148573004.2387283
2019,Agricultura y desarrollo rural,17,Ministerio de agricultura y desarrollo rural,1701,Inversión,742721370702.0,1124385705126.3225
2019,Defensa y policía,15,Policía nacional,1601,Inversión,248092800000.0,375580949826.5896
2019,Defensa y policía,15,Policía nacional,1601,Funcionamiento,9903734000000.0,14992993841618.496
2019,Defensa y policía,15,Agencia logística de las fuerzas militares,1520,Inversión,5350000000.0,8099219653.179191
2019,Defensa y policía,15,Agencia logística de las fuerzas militares,1520,Funcionamiento,559539024085.0,847070927213.0723
2019,Defensa y policía,15,Hospital militar,1519,Inversión,28170000000.0,42645797687.86127
2019,Minas y energía,21,Servicio geológico colombiano,2103,Funcionamiento,52882364000.0,80057174171.09827
2019,Defensa y policía,15,Hospital militar,1519,Funcionamiento,401831012001.0,608321052272.034
2019,Agricultura y desarrollo rural,17,Ministerio de agricultura y desarrollo rural,1701,Funcionamiento,341920342882.0,517623917923.6751
2019,Agricultura y desarrollo rural,17,Agencia nacional de tierras - ant,1717,Inversión,316424294330.0,479026142688.01733
2019,Defensa y policía,15,Superintendencia de vigilancia y seguridad privada,1516,Funcionamiento,20179000000.0,30548439884.393063
2019,Agricultura y desarrollo rural,17,Agencia de desarrollo rural - adr,1718,Inversión,248857975094.0,376739327613.4023
2019,Agricultura y desarrollo rural,17,Agencia de desarrollo rural - adr,1718,Funcionamiento,21993510913.0,33295378659.622543
2019,Salud y protección social,19,Fondo pasivo social de ferrocarriles nacionales de colombia ,1914,Inversión,3200000000.0,4844393063.583815
2019,Salud y protección social,19,Fondo pasivo social de ferrocarriles nacionales de colombia ,1914,Funcionamiento,521938714574.0,790148840155.6682
2019,Salud y protección social,19,Fondo de previsión social del congreso ,1913,Inversión,400000000.0,605549132.9479768
2019,Salud y protección social,19,Fondo de previsión social del congreso ,1913,Funcionamiento,288727908867.0,437097337180.73584
2019,Salud y protección social,19,Instituto nacional de vigilancia de medicamentos y alimentos - invima,1912,Inversión,59515000000.0,90098141618.4971
2019,Salud y protección social,19,Instituto nacional de vigilancia de medicamentos y alimentos - invima,1912,Funcionamiento,123427727860.0,186853883968.40463
2019,Salud y protección social,19,Superintendencia nacional de salud,1910,Inversión,65056354393.0,98487047488.59364
2019,Minas y energía,21,Ministerio de minas y energía,2101,Funcionamiento,102474640300.0,155133573957.05203
2019,Salud y protección social,19,Instituto nacional de salud (ins),1903,Inversión,27315578546.0,41352312261.256645
2019,Salud y protección social,19,Instituto nacional de salud (ins),1903,Funcionamiento,36118398072.0,54678661589.9237
2019,Salud y protección social,19,Ministerio de salud y protección social,1901,Inversión,505676708196.0,765530230500.1873
2019,Salud y protección social,19,Ministerio de salud y protección social,1901,Funcionamiento,30583108406007.0,46298936945278.805
2019,Presidencia de la república,2,Agencia de renovación del territorio – art,214,Inversión,66595114310.0,100816534322.47977
2019,Presidencia de la república,2,Agencia de renovación del territorio – art,214,Funcionamiento,47472083624.0,71866697694.36763
2019,Salud y protección social,19,Superintendencia nacional de salud,1910,Funcionamiento,89317402161.0,135215188589.39824
2020,Ambiente y desarrollo sostenible,32,Corporación autónoma regional de nariño (corponariño),3216,Funcionamiento,2463809000.0,3670486786.6894193
2020,Ambiente y desarrollo sostenible,32,Corporación autónoma regional de risaralda (carder),3215,Funcionamiento,2533362000.0,3774104139.93174
2020,Ambiente y desarrollo sostenible,32,Corporación autónoma regional del tolima (cortolima),3214,Funcionamiento,2037946000.0,3036052658.7030716
2020,Ambiente y desarrollo sostenible,32,Corporación autónoma regional para la defensa de la meseta de bucaramanga (cdmb),3213,Funcionamiento,1157676000.0,1724660662.1160407
2020,Ambiente y desarrollo sostenible,32,Corporación autónoma regional para el desarrollo sostenible del choco (codechoco),3212,Inversión,5198358333.0,7744311987.55802
2020,Ambiente y desarrollo sostenible,32,"Instituto de hidrología, meteorología y estudios ambientales- ideam",3202,Inversión,30507821958.0,45449366159.27303
2020,Ambiente y desarrollo sostenible,32,Corporación autónoma regional para el desarrollo sostenible del choco (codechoco),3212,Funcionamiento,1983567000.0,2955040940.2730374
2020,Ambiente y desarrollo sostenible,32,Corporación para el desarrollo sostenible del urabá (corpourabá),3210,Funcionamiento,3540503000.0,5274503616.040956
2020,Ambiente y desarrollo sostenible,32,Corporación para el desarrollo sostenible del urabá (corpourabá),3210,Inversión,4408899462.0,6568206877.689419
2020,Ambiente y desarrollo sostenible,32,Corporación autónoma regional del quindío (crq),3209,Funcionamiento,4955100000.0,7381915187.71331
2020,Ambiente y desarrollo sostenible,32,Corporación autónoma regional de los valles del sinú y san jorge (cvs),3208,Funcionamiento,2971571000.0,4426930858.361774
2020,Ambiente y desarrollo sostenible,32,Fondo nacional ambiental,3204,Inversión,132204136832.0,196952579273.6109
2020,Ambiente y desarrollo sostenible,32,Fondo nacional ambiental,3204,Funcionamiento,30934692000.0,46085300539.249146
2020,Ambiente y desarrollo sostenible,32,Corporación autónoma regional de nariño (corponariño),3216,Inversión,1871347501.0,2787860696.882252
2020,Ambiente y desarrollo sostenible,32,Corporación autónoma regional de caldas (corpocaldas),3211,Funcionamiento,3603222000.0,5367939941.979522
2020,Ambiente y desarrollo sostenible,32,Corporación autónoma regional de la frontera nororiental (corponor),3217,Funcionamiento,3616272000.0,5387381324.232081
2020,Ambiente y desarrollo sostenible,32,Corporación  para el desarrollo sostenible del norte y oriente de la amazonia (cda),3224,Funcionamiento,2274000000.0,3387716723.5494876
2020,Ambiente y desarrollo sostenible,32,Corporación autónoma regional de la guajira (corpoguajira),3218,Inversión,2507845294.0,3736090344.1331058
2020,Ambiente y desarrollo sostenible,32,"Instituto de hidrología, meteorología y estudios ambientales- ideam",3202,Funcionamiento,48503143000.0,72258095288.3959
2020,Ambiente y desarrollo sostenible,32,Corporación autónoma regional de sucre (carsucre),3230,Inversión,4675985424.0,6966101152.1365185
2020,Ambiente y desarrollo sostenible,32,Corporación autónoma regional de sucre (carsucre),3230,Funcionamiento,2431381000.0,3622176813.9931736
2020,Ambiente y desarrollo sostenible,32,Corporación autónoma regional de la orinoquia (corporinoquia),3229,Funcionamiento,2018929000.0,3007721872.013652
2020,Ambiente y desarrollo sostenible,32,Corporación  para el desarrollo sostenible de la mojana y el san jorge (corpomojana),3228,Inversión,5426887674.0,8084766108.194538
2020,Ambiente y desarrollo sostenible,32,Corporación  para el desarrollo sostenible de la mojana y el san jorge (corpomojana),3228,Funcionamiento,2201000000.0,3278964163.8225255
2020,Ambiente y desarrollo sostenible,32,Corporación autónoma regional de la guajira (corpoguajira),3218,Funcionamiento,3579172000.0,5332111187.71331
2020,Ambiente y desarrollo sostenible,32,Corporación para el desarrollo sostenible del área de manejo especial la macarena (cormacarena),3227,Funcionamiento,2428619000.0,3618062093.856655
2020,Ambiente y desarrollo sostenible,32,Corporación  para el desarrollo sostenible del norte y oriente de la amazonia (cda),3224,Inversión,6792759558.0,10119588897.83959
2020,Ambiente y desarrollo sostenible,32,Corporación para el desarrollo sostenible del sur de la amazonia (corpoamazonia),3223,Inversión,6290000000.0,9370597269.624573
2020,Ambiente y desarrollo sostenible,32,Corporación para el desarrollo sostenible del sur de la amazonia (corpoamazonia),3223,Funcionamiento,2207629000.0,3288839790.102389
2020,Ambiente y desarrollo sostenible,32,Corporación autónoma regional del magdalena (corpamag),3222,Funcionamiento,4539800000.0,6763217406.143344
2020,Ambiente y desarrollo sostenible,32,Corporación autónoma regional del cauca (crc),3221,Funcionamiento,5579956000.0,8312801344.709897
2020,Ambiente y desarrollo sostenible,32,Corporación autónoma regional del cesar (corpocesar),3219,Funcionamiento,2820046000.0,4201194808.87372
2020,Ambiente y desarrollo sostenible,32,"Corporación para el desarrollo sostenible del archipiélago de san andres, providencia y santa catalina (coralina)",3226,Funcionamiento,2243200000.0,3341832081.9112625
2020,Ambiente y desarrollo sostenible,32,Corporación autónoma regional del alto magdalena (cam),3231,Funcionamiento,2283078000.0,3401240774.744027
2020,Transporte,24,Instituto nacional de vías,2402,Deuda,9426722619.0,14043564584.278156
2020,Ambiente y desarrollo sostenible,32,Ministerio de ambiente y desarrollo sostenible,3201,Funcionamiento,183066422000.0,272725232774.744
2020,Organismos de control,25,Procuraduría general de la nación,2501,Funcionamiento,744569000000.0,1109229926621.1604
2020,Transporte,24,Superintendencia de puertos y transporte,2417,Inversión,15777000000.0,23503960750.85324
2020,Transporte,24,Superintendencia de puertos y transporte,2417,Funcionamiento,36526000000.0,54415013651.87713
2020,Transporte,24,Agencia nacional de seguridad vial,2416,Inversión,143936000000.0,214430252559.72696
2020,Transporte,24,Agencia nacional de seguridad vial,2416,Funcionamiento,19500000000.0,29050341296.92833
2020,Transporte,24,Comisión de regulación de infraestructura y transporte,2415,Funcionamiento,861000000.0,1282684300.341297
2020,Transporte,24,Unidad de planeación del sector de infraestructura de transporte,2414,Funcionamiento,861000000.0,1282684300.341297
2020,Transporte,24,Agencia nacional de infraestructura,2413,Inversión,3691790246744.0,5499885469978.688
2020,Transporte,24,Agencia nacional de infraestructura,2413,Deuda,896061000000.0,1334916813993.1738
2020,Transporte,24,Agencia nacional de infraestructura,2413,Funcionamiento,100000000600.0,148976110108.87372
2020,Transporte,24,Unidad administrativa especial de la aeronáutica civil,2412,Inversión,1002823200000.0,1493966985665.5288
2020,Transporte,24,Unidad administrativa especial de la aeronáutica civil,2412,Deuda,1165000000.0,1735571672.3549488
2020,Transporte,24,Unidad administrativa especial de la aeronáutica civil,2412,Funcionamiento,635884000000.0,947315242320.8192
2020,Transporte,24,Instituto nacional de vías,2402,Inversión,2106263131360.0,3137828862930.5117
2020,Ambiente y desarrollo sostenible,32,Corporación autónoma regional del centro de antioquia (corantioquia),3232,Funcionamiento,2439300000.0,3633974232.081911
2020,Organismos de control,25,Procuraduría general de la nación,2501,Inversión,197857652052.0,294760631811.2559
2020,Ambiente y desarrollo sostenible,32,Ministerio de ambiente y desarrollo sostenible,3201,Inversión,166663194948.0,248288343326.96927
2020,Organismos de control,25,Defensoría del pueblo,2502,Funcionamiento,551682000000.0,821874378839.5903
2020,Organismos de control,25,Contraloría general de la república,2601,Funcionamiento,720903852420.0,1073974510516.4844
2020,Fiscalía,29,Fondo especial para la administración de bienes de la fiscalía general de la nación,2904,Inversión,40722273000.0,60666457899.3174
2020,Fiscalía,29,Fondo especial para la administración de bienes de la fiscalía general de la nación,2904,Funcionamiento,17353204000.0,25852128143.344707
2020,Fiscalía,29,Instituto nacional de medicina legal y ciencias forenses,2902,Inversión,43845282129.0,65318995390.13139
2020,Fiscalía,29,Instituto nacional de medicina legal y ciencias forenses,2902,Funcionamiento,202963000000.0,302366380546.0751
2020,Fiscalía,29,Fiscalía general de la nación,2901,Inversión,93091575000.0,138684206441.97952
2020,Fiscalía,29,Fiscalía general de la nación,2901,Funcionamiento,3597356300000.0,5359201450341.297
2020,Registraduría,28,Fondo social de vivienda de la registraduría nacional del estado civil,2803,Funcionamiento,13770000000.0,20514010238.90785
2020,Registraduría,28,Fondo rotatorio de la registraduría,2802,Inversión,45063309472.0,67133565134.907845
2020,Registraduría,28,Fondo rotatorio de la registraduría,2802,Funcionamiento,58485000000.0,87128677474.40273
2020,Registraduría,28,Registraduría nacional del estado civil,2801,Inversión,57952521024.0,86335411013.56996
2020,Registraduría,28,Registraduría nacional del estado civil,2801,Funcionamiento,489593000000.0,729376602389.0785
2020,Rama judicial,27,Rama judicial,2701,Inversión,449675529788.0,669909108370.1774
2020,Rama judicial,27,Rama judicial,2701,Funcionamiento,4331530195000.0,6452945153984.641
2020,Organismos de control,25,Fondo de bienestar social de la contraloría general de la república,2602,Funcionamiento,63072000000.0,93962211604.09557
2020,Organismos de control,25,Contraloría general de la república,2601,Inversión,105006396977.0,156434444643.20987
2020,Organismos de control,25,Defensoría del pueblo,2502,Inversión,45271492653.0,67443708338.0017
2020,Ambiente y desarrollo sostenible,32,Corporación autónoma regional del atlántico (cra),3233,Funcionamiento,1911000000.0,2846933447.0989757
2020,Interior,37,Ministerio del interior,3701,Funcionamiento,489826623429.0,729724645483.8174
2020,Ambiente y desarrollo sostenible,32,Corporación autónoma regional de boyacá (corpoboyacá),3235,Funcionamiento,2199800000.0,3277176450.5119452
2020,"Vivienda, ciudad y territorio",40,Fondo nacional de vivienda - fonvivienda,4002,Inversión,1556195312465.0,2318359228296.8345
2020,"Vivienda, ciudad y territorio",40,Fondo nacional de vivienda - fonvivienda,4002,Funcionamiento,2300000000.0,3426450511.945392
2020,"Vivienda, ciudad y territorio",40,"Ministerio de vivienda, ciudad y territorio",4001,Inversión,448209183160.0,667724602216.1774
2020,"Vivienda, ciudad y territorio",40,"Ministerio de vivienda, ciudad y territorio",4001,Funcionamiento,2331089528348.0,3472766481651.5425
2020,"Ciencia, tecnología e innovación",39,"Ministerio de ciencia, tecnología e innovación",3901,Inversión,368190103130.0,548515290157.8327
2020,"Ciencia, tecnología e innovación",39,"Ministerio de ciencia, tecnología e innovación",3901,Funcionamiento,24172511265.0,36011266782.1587
2020,Inclusión social y reconciliación,41,Departamento administrativo para la prosperidad social,4101,Funcionamiento,162991000000.0,242817650170.64844
2020,Empleo público,5,Comisión nacional del servicio civil,3801,Inversión,95435917317.0,142176716412.52728
2020,Interior,37,Dirección nacional de bomberos,3709,Inversión,51100000000.0,76126791808.87372
2020,Interior,37,Dirección nacional de bomberos,3709,Funcionamiento,4892400000.0,7288507167.235495
2020,Interior,37,Unidad nacional de protección - unp,3708,Inversión,6000000000.0,8938566552.901024
2020,Interior,37,Unidad nacional de protección - unp,3708,Funcionamiento,933365926632.0,1390492242235.0442
2020,Interior,37,Corporación nacional para la reconstrucción de la cuenca del rio páez y zonas aledañas nasa ki we,3704,Inversión,17000000000.0,25325938566.5529
2020,Interior,37,Corporación nacional para la reconstrucción de la cuenca del rio páez y zonas aledañas nasa ki we,3704,Funcionamiento,3014900000.0,4491480716.723549
2020,Empleo público,5,Comisión nacional del servicio civil,3801,Funcionamiento,20135294037.0,29996777635.325935
2020,Inclusión social y reconciliación,41,Departamento administrativo para la prosperidad social,4101,Inversión,3485582139470.0,5192684654875.955
2020,Inclusión social y reconciliación,41,Unidad de atención y reparación integral a las víctimas,4104,Funcionamiento,743792000000.0,1108072382252.5596
2020,Inclusión social y reconciliación,41,Unidad de atención y reparación integral a las víctimas,4104,Inversión,1292691207745.0,1925801065463.1145
2020,Transporte,24,Instituto nacional de vías,2402,Funcionamiento,159186008833.0,237149122374.0768
2020,"Sistema integral de verdad, justicia, reparación y no repetición",44,Unidad de búsqueda de personas dadas por desaparecidas en el contexto y en razón del conflicto armado (ubpd),4403,Inversión,51957165888.0,77403764198.33446
2020,"Sistema integral de verdad, justicia, reparación y no repetición",44,Unidad de búsqueda de personas dadas por desaparecidas en el contexto y en razón del conflicto armado (ubpd),4403,Funcionamiento,68094500000.0,101444536689.41978
2020,"Sistema integral de verdad, justicia, reparación y no repetición",44,"Comisión para el esclarecimiento de la verdad, la  convivencia y la no repetición en liquidación",4402,Inversión,35266909346.0,52539269384.058014
2020,"Sistema integral de verdad, justicia, reparación y no repetición",44,"Comisión para el esclarecimiento de la verdad, la  convivencia y la no repetición en liquidación",4402,Funcionamiento,60557900000.0,90216803242.32082
2020,"Sistema integral de verdad, justicia, reparación y no repetición",44,Jurisdicción especial para la paz,4401,Inversión,115136795183.0,171526317738.49658
2020,"Sistema integral de verdad, justicia, reparación y no repetición",44,Jurisdicción especial para la paz,4401,Funcionamiento,201713900000.0,300505519965.8703
2020,Deporte y recreación,43,Ministerio del deporte,4301,Inversión,637141157797.0,949188107093.4828
2020,Deporte y recreación,43,Ministerio del deporte,4301,Funcionamiento,39593952363.0,58985529714.8447
2020,Inteligencia,42,Departamento administrativo dirección nacional de inteligencia,4201,Inversión,8244353307.0,12282116786.70819
2020,Inteligencia,42,Departamento administrativo dirección nacional de inteligencia,4201,Funcionamiento,91583000000.0,136436790102.38908
2020,Igualdad y equidad,46,Instituto colombiano de bienestar familiar,4602,Inversión,6306525220346.0,9395215899935.252
2020,Igualdad y equidad,46,Instituto colombiano de bienestar familiar,4602,Funcionamiento,681667000000.0,1015520974402.7303
2020,Inclusión social y reconciliación,41,Centro de memoria histórica,4105,Inversión,32562991865.0,48511078324.479515
2020,Inclusión social y reconciliación,41,Centro de memoria histórica,4105,Funcionamiento,13146000000.0,19584399317.406143
2020,Interior,37,Dirección nacional del derecho de autor,3703,Inversión,927077331.0,1381123737.138225
2020,Ambiente y desarrollo sostenible,32,Corporación autónoma regional de santander (cas),3234,Funcionamiento,2171670000.0,3235269470.989761
2020,Interior,37,Dirección nacional del derecho de autor,3703,Funcionamiento,3939700000.0,5869211774.744027
2020,Trabajo,36,Unidad administrativa especial del servicio público de empleo,3613,Inversión,11673890544.0,17391307926.47099
2020,Cultura,33,Instituto caro y cuervo,3307,Inversión,5097724235.0,7594391223.813992
2020,Cultura,33,Instituto caro y cuervo,3307,Funcionamiento,8638000000.0,12868556313.993174
2020,Cultura,33,Instituto colombiano de antropología e historia,3305,Inversión,13539108306.0,20170036776.686005
2020,Cultura,33,Instituto colombiano de antropología e historia,3305,Funcionamiento,7873200000.0,11729187030.716722
2020,Cultura,33,Archivo general de la nación,3304,Inversión,11411292186.0,17000099109.860067
2020,Cultura,33,Archivo general de la nación,3304,Funcionamiento,12657706978.0,18856959371.662113
2020,Organismos de control,25,Auditoría general de la republica,3401,Funcionamiento,30240000000.0,45050375426.621155
2020,Cultura,33,"Ministerio de las culturas, las artes y los saberes ancestrales",3301,Inversión,144558201417.0,215357184022.25424
2020,Ambiente y desarrollo sostenible,32,Corporación autónoma regional del sur de bolívar (csb),3239,Inversión,3789729269.0,5645791214.738908
2020,Ambiente y desarrollo sostenible,32,Corporación autónoma regional del sur de bolívar (csb),3239,Funcionamiento,2595203000.0,3866232455.631399
2020,Ambiente y desarrollo sostenible,32,Corporación autónoma regional del canal del dique (cardique),3238,Funcionamiento,2325200000.0,3463992491.4675765
2020,Ambiente y desarrollo sostenible,32,Corporación autónoma regional del guavio (corpoguavio),3237,Funcionamiento,764420000.0,1138803174.0614333
2020,Ambiente y desarrollo sostenible,32,Corporación autónoma regional de chivor (corpochivor),3236,Inversión,706164078.0,1052015768.0784982
2020,Ambiente y desarrollo sostenible,32,Corporación autónoma regional de chivor (corpochivor),3236,Funcionamiento,2152648000.0,3206931235.49488
2020,Cultura,33,"Ministerio de las culturas, las artes y los saberes ancestrales",3301,Funcionamiento,198678000000.0,295982754266.2116
2020,Organismos de control,25,Auditoría general de la republica,3401,Inversión,6693140129.0,9971179748.493174
2020,"Comercio, industria y turismo",35,"Ministerio de comercio, industria y turismo",3501,Funcionamiento,393304915000.0,585930359718.4299
2020,"Comercio, industria y turismo",35,"Ministerio de comercio, industria y turismo",3501,Inversión,241928708327.0,360415976739.71155
2020,Trabajo,36,Unidad administrativa especial del servicio público de empleo,3613,Funcionamiento,10896064176.0,16232532466.976109
2020,Trabajo,36,Unidad administrativa especial de organizaciones solidarias,3612,Inversión,10975637780.0,16351078126.177471
2020,Trabajo,36,Unidad administrativa especial de organizaciones solidarias,3612,Funcionamiento,7501102000.0,11174849907.849829
2020,Trabajo,36,Servicio nacional de aprendizaje (sena),3602,Inversión,3781115827460.0,5632959244663.105
2020,Trabajo,36,Servicio nacional de aprendizaje (sena),3602,Funcionamiento,92568145000.0,137904420793.51535
2020,Trabajo,36,Ministerio del trabajo,3601,Inversión,1965878374800.0,2928689114676.45
2020,Trabajo,36,Ministerio del trabajo,3601,Funcionamiento,25689647041452.0,38271436633425.93
2020,"Comercio, industria y turismo",35,Instituto nacional de metrología - inm,3505,Inversión,18039425915.0,26874434852.89249
2020,"Comercio, industria y turismo",35,Instituto nacional de metrología - inm,3505,Funcionamiento,12986472000.0,19346740709.89761
2020,"Comercio, industria y turismo",35,Unidad administrativa especial junta central contadores,3504,Inversión,7605564397.0,11330473922.493174
2020,"Comercio, industria y turismo",35,Unidad administrativa especial junta central contadores,3504,Funcionamiento,6332559000.0,9434000011.945393
2020,"Comercio, industria y turismo",35,Superintendencia de industria y comercio,3503,Inversión,163731685495.0,243921094602.61945
2020,"Comercio, industria y turismo",35,Superintendencia de industria y comercio,3503,Funcionamiento,83960832908.0,125081582130.86006
2020,"Comercio, industria y turismo",35,Superintendencia de sociedades,3502,Inversión,22298823000.0,33219918906.14334
2020,"Comercio, industria y turismo",35,Superintendencia de sociedades,3502,Funcionamiento,118961102000.0,177223621238.90784
2020,Interior,37,Ministerio del interior,3701,Inversión,148541779108.0,221291763073.86343
2020,Transporte,24,Ministerio de transporte,2401,Inversión,264669218667.0,394293904259.8822
2020,Transporte,24,Ministerio de transporte,2401,Funcionamiento,82173000000.0,122418138225.25597
2020,Justicia y del derecho,12,Ministerio de justicia y del derecho,1201,Inversión,32957097683.0,49098201838.325935
2020,Hacienda,13,Superintendencia de la economía solidaria,1309,Inversión,20845000000.0,31054069965.870304
2020,Hacienda,13,Superintendencia de la economía solidaria,1309,Funcionamiento,17140000000.0,25534505119.45392
2020,Hacienda,13,Unidad administrativa especial contaduría general de la nación,1308,Inversión,9522602959.0,14186403384.312286
2020,Hacienda,13,Unidad administrativa especial contaduría general de la nación,1308,Funcionamiento,13859000000.0,20646598976.109215
2020,Hacienda,13,Ministerio de hacienda y crédito público,1301,Inversión,3573751068144.0,5324035294351.044
2020,Hacienda,13,Ministerio de hacienda y crédito público,1301,Funcionamiento,11013100057670.0,16406887969873.564
2020,Hacienda,13,Unidad administrativa especial dirección de impuestos y aduanas nacionales,1310,Funcionamiento,1580941000000.0,2355224390784.983
2020,Justicia y del derecho,12,Unidad de servicios penitenciarios y carcelarios - uspec,1211,Inversión,379254440000.0,564998508737.2013
2020,Justicia y del derecho,12,Unidad administrativa especial agencia nacional de defensa jurídica del estado,1210,Inversión,9171272524.0,13663004971.761091
2020,Justicia y del derecho,12,Unidad administrativa especial agencia nacional de defensa jurídica del estado,1210,Funcionamiento,81354920000.0,121199394470.98976
2020,Justicia y del derecho,12,Instituto nacional penitenciario y carcelario - inpec,1208,Inversión,2115927818.0,3152226937.0546074
2020,Justicia y del derecho,12,Instituto nacional penitenciario y carcelario - inpec,1208,Funcionamiento,1372234200000.0,2044301120477.8152
2020,Justicia y del derecho,12,Superintendencia de notariado y registro,1204,Inversión,83454348849.0,124327041885.96756
2020,Justicia y del derecho,12,Superintendencia de notariado y registro,1204,Funcionamiento,359137952000.0,535029747604.0955
2020,Justicia y del derecho,12,Unidad de servicios penitenciarios y carcelarios - uspec,1211,Funcionamiento,824119400000.0,1227741017406.1433
2020,Hacienda,13,Unidad administrativa especial dirección de impuestos y aduanas nacionales,1310,Inversión,142073418420.0,211655450990.88736
2020,Hacienda,13,Unidad de información y análisis financiero,1312,Funcionamiento,10199000000.0,15194073378.83959
2020,Hacienda,13,Unidad de información y análisis financiero,1312,Inversión,5893918335.0,8780530215.793514
2020,Defensa y policía,15,Club militar de oficiales,1510,Funcionamiento,53742000000.0,80062740614.33446
2020,Defensa y policía,15,"Defensa civil colombiana, guillermo león valencia",1508,Inversión,3552706426.0,5292683805.286689
2020,Defensa y policía,15,"Defensa civil colombiana, guillermo león valencia",1508,Funcionamiento,33591000000.0,50042564846.416374
2020,Defensa y policía,15,Instituto casas fiscales del ejército,1507,Inversión,13016000000.0,19390730375.42662
2020,Defensa y policía,15,Instituto casas fiscales del ejército,1507,Funcionamiento,24295000000.0,36193745733.78839
2020,Defensa y policía,15,Caja de retiro de las fuerzas militares,1503,Inversión,3800000000.0,5661092150.170648
2020,Defensa y policía,15,Caja de retiro de las fuerzas militares,1503,Funcionamiento,3546586000000.0,5283565832764.505
2020,Defensa y policía,15,Ministerio de defensa nacional,1501,Inversión,1064068195289.0,1585207396736.0017
2020,Defensa y policía,15,Ministerio de defensa nacional,1501,Funcionamiento,13947210753171.0,20778011924092.633
2020,Servicio de la deuda pública nacional,14,Servicio de la deuda pública nacional,1401,Deuda,52707007457633.0,78520848994050.52
2020,Hacienda,13,Fondo adaptación,1315,Inversión,381900000000.0,568939761092.1501
2020,Hacienda,13,Fondo adaptación,1315,Funcionamiento,30230000000.0,45035477815.69965
2020,Hacienda,13,Unidad administrativa especial de gestión  pensional y contribuciones parafiscales de la protección social (ugppp),1314,Inversión,6888655374.0,10262450753.416382
2020,Hacienda,13,Unidad administrativa especial de gestión  pensional y contribuciones parafiscales de la protección social (ugppp),1314,Funcionamiento,194234500000.0,289363000853.2423
2020,Hacienda,13,Superintendencia financiera de colombia,1313,Inversión,28186000000.0,41990406143.3447
2020,Justicia y del derecho,12,Ministerio de justicia y del derecho,1201,Funcionamiento,79765900000.0,118832134300.3413
2020,Defensa y policía,15,Caja de sueldos de retiro de la policía nacional,1511,Funcionamiento,3614575000000.0,5384853199658.702
2020,Relaciones exteriores,11,Unidad administrativa especial migración colombia,1104,Inversión,48989846971.0,72983167927.78668
2020,Relaciones exteriores,11,Fondo rotatorio del ministerio de relaciones exteriores,1102,Inversión,24424173517.0,36386183413.55119
2020,Presidencia de la república,2,Agencia de renovación del territorio – art,214,Funcionamiento,54223000000.0,80779315699.65869
2020,Presidencia de la república,2,Agencia nacional inmobiliaria virgilio barco vargas,213,Inversión,3301135000.0,4917902482.935153
2020,Presidencia de la república,2,Agencia nacional inmobiliaria virgilio barco vargas,213,Funcionamiento,6341000000.0,9446575085.324232
2020,Presidencia de la república,2,Agencia para la reincorporación y la normalización - arn,212,Inversión,1324509697.0,1973203012.7662115
2020,Presidencia de la república,2,Agencia para la reincorporación y la normalización - arn,212,Funcionamiento,128871560000.0,191987835972.69623
2020,Presidencia de la república,2,Unidad nacional para la gestión del riesgo de desastres,211,Inversión,68000000000.0,101303754266.2116
2020,Presidencia de la república,2,Agencia de renovación del territorio – art,214,Inversión,48024715860.0,71545353149.79521
2020,Presidencia de la república,2,Unidad nacional para la gestión del riesgo de desastres,211,Funcionamiento,139162000000.0,207318133105.80203
2020,Presidencia de la república,2,"Agencia presidencial de cooperación internacional de colombia, apc - colombia",209,Funcionamiento,28855000000.0,42987056313.99317
2020,Presidencia de la república,2,Presidencia de la república,201,Inversión,52640714248.0,78422087949.66553
2020,Presidencia de la república,2,Presidencia de la república,201,Funcionamiento,169622000000.0,252696255972.69623
2020,Congreso de la república,1,Congreso de la república,101,Inversión,83641129558.0,124605300518.99998
2020,Congreso de la república,1,Congreso de la república,101,Funcionamiento,549238700000.0,818234445563.1399
2020,Tecnologías de la información y las comunicaciones,23,Corporación agencia nacional de gobierno digital - and,2312,Inversión,15300000000.0,22793344709.89761
2020,Presidencia de la república,2,"Agencia presidencial de cooperación internacional de colombia, apc - colombia",209,Inversión,69646230970.0,103756245114.01022
2020,Planeación,3,Departamento administrativo nacional de planeación,301,Funcionamiento,71349409124.0,106293573660.83958
2020,Planeación,3,Departamento administrativo nacional de planeación,301,Inversión,411964838919.0,613729188355.4385
2020,Planeación,3,Unidad administrativa especial  - agencia nacional de contratación pública - colombia compra eficiente,303,Funcionamiento,9734637000.0,14502283448.80546
2020,Relaciones exteriores,11,Fondo rotatorio del ministerio de relaciones exteriores,1102,Funcionamiento,420991000000.0,627176011945.3925
2020,Relaciones exteriores,11,Ministerio de relaciones exteriores,1101,Funcionamiento,408207000000.0,608130906143.3446
2020,Empleo público,5,Escuela superior de administración pública (esap),503,Inversión,336202846770.0,500861920188.07166
2020,Empleo público,5,Escuela superior de administración pública (esap),503,Funcionamiento,57478670000.0,85629486194.53925
2020,Empleo público,5,Departamento administrativo de la función pública,501,Inversión,12097418487.0,18022263377.390785
2020,Empleo público,5,Departamento administrativo de la función pública,501,Funcionamiento,21183930000.0,31558994692.832764
2020,Información estadística,4,Instituto geográfico agustín codazzi - igac,403,Inversión,166504415428.0,248051799775.843
2020,Información estadística,4,Instituto geográfico agustín codazzi - igac,403,Funcionamiento,66829000000.0,99559244027.30374
2020,Información estadística,4,Fondo rotatorio del dane,402,Inversión,41489000000.0,61808697952.21842
2020,Información estadística,4,Fondo rotatorio del dane,402,Funcionamiento,380000000.0,566109215.0170648
2020,Información estadística,4,Departamento administrativo nacional de estadística (dane),401,Inversión,127855523362.0,190474184121.20477
2020,Información estadística,4,Departamento administrativo nacional de estadística (dane),401,Funcionamiento,95340000000.0,142033822525.59726
2020,Planeación,3,Superintendencia de servicios públicos domiciliarios,324,Inversión,26208304997.0,39044113075.73549
2020,Planeación,3,Superintendencia de servicios públicos domiciliarios,324,Funcionamiento,594040178346.0,884977944873.8191
2020,Planeación,3,Unidad administrativa especial  - agencia nacional de contratación pública - colombia compra eficiente,303,Inversión,25316664380.0,37715781576.34812
2020,Relaciones exteriores,11,Unidad administrativa especial migración colombia,1104,Funcionamiento,114271000000.0,170236489761.09213
2020,Defensa y policía,15,Caja de sueldos de retiro de la policía nacional,1511,Inversión,6000000000.0,8938566552.901024
2020,Hacienda,13,Superintendencia financiera de colombia,1313,Funcionamiento,240856000000.0,358817897610.92145
2020,Defensa y policía,15,Fondo rotatorio de la policía,1512,Inversión,3955000000.0,5892005119.453924
2020,Defensa y policía,15,Fondo rotatorio de la policía,1512,Funcionamiento,271163000000.0,403968087030.7167
2020,Igualdad y equidad,46,Instituto nacional para ciegos (inci),4604,Inversión,2826638589.0,4211016191.462457
2020,Igualdad y equidad,46,Instituto nacional para ciegos (inci),4604,Funcionamiento,5846133375.0,8709342041.595562
2020,Igualdad y equidad,46,Instituto nacional para sordos (insor),4603,Inversión,6269262631.0,9339703544.134811
2020,Igualdad y equidad,46,Instituto nacional para sordos (insor),4603,Funcionamiento,5329283695.0,7939359497.841296
2020,Educación,22,Ministerio de educación nacional,2201,Inversión,3982531040336.0,5933019792172.914
2020,Educación,22,Ministerio de educación nacional,2201,Funcionamiento,40158222579202.0,59826157528401.61
2020,Minas y energía,21,Agencia nacional de minería - anm,2112,Inversión,44557301917.0,66379734767.1348
2020,Minas y energía,21,Agencia nacional de minería - anm,2112,Funcionamiento,103719163000.0,154516773547.78156
2020,Minas y energía,21,Agencia nacional de hidrocarburos - anh,2111,Inversión,296166018225.0,441216610768.6433
2020,Minas y energía,21,Agencia nacional de hidrocarburos - anh,2111,Funcionamiento,888821445000.0,1324131606629.6926
2020,Minas y energía,21,Instituto de planificación y promoción de soluciones  energéticas para las zonas no interconectadas - ipse,2110,Inversión,37353436361.0,55647696148.72525
2020,Minas y energía,21,Instituto de planificación y promoción de soluciones  energéticas para las zonas no interconectadas - ipse,2110,Funcionamiento,37883596000.0,56437507351.53583
2020,Minas y energía,21,Unidad de planeacion minero energética - upme,2109,Inversión,21080156335.0,31404396724.325935
2020,Minas y energía,21,Unidad de planeacion minero energética - upme,2109,Funcionamiento,16305100000.0,24290703583.617744
2020,Educación,22,Escuela tecnológica instituto técnico central,2234,Inversión,12591201615.0,18757882269.445393
2020,Minas y energía,21,Servicio geológico colombiano,2103,Inversión,17191652199.0,25611454555.84812
2020,Educación,22,Instituto nacional de formación técnica profesional de san andres y providencia,2238,Funcionamiento,4580960695.0,6824537008.080204
2020,Educación,22,Instituto nacional de formación técnica profesional de san juan del cesar,2239,Funcionamiento,5554606583.0,8275036769.554606
2020,Tecnologías de la información y las comunicaciones,23,Corporación agencia nacional de gobierno digital - and,2312,Funcionamiento,2026513922.0,3019021593.6962457
2020,Tecnologías de la información y las comunicaciones,23,Computadores para educar cpe,2311,Inversión,16295294979.0,24276096444.82423
2020,Tecnologías de la información y las comunicaciones,23,Computadores para educar cpe,2311,Funcionamiento,17128600252.0,25517522218.423206
2020,Tecnologías de la información y las comunicaciones,23,Agencia nacional del espectro - ane,2309,Inversión,11222946610.0,16719509198.856651
2020,Tecnologías de la información y las comunicaciones,23,Agencia nacional del espectro - ane,2309,Funcionamiento,16190850000.0,24120498378.83959
2020,Tecnologías de la información y las comunicaciones,23,Unidad administrativa especial comisión de regulación de las comunicaciones ,2308,Inversión,28036220000.0,41767269726.962456
2020,Tecnologías de la información y las comunicaciones,23,Unidad administrativa especial comisión de regulación de las comunicaciones ,2308,Funcionamiento,17889881000.0,26651648656.996586
2020,Tecnologías de la información y las comunicaciones,23,Fondo único de tecnologías de la información y las comunicaciones,2306,Inversión,1140479176643.0,1699041503770.203
2020,Tecnologías de la información y las comunicaciones,23,Fondo único de tecnologías de la información y las comunicaciones,2306,Funcionamiento,302418457718.0,450531251856.3378
2020,Tecnologías de la información y las comunicaciones,23,Ministerio de tecnologías de la información y las comunicaciones,2301,Funcionamiento,55137210989.0,82141271661.08702
2020,Educación,22,"Instituto técnico nacional de comercio ""simón rodríguez"" de cali",2242,Inversión,5007567161.0,7460078722.786689
2020,Educación,22,"Instituto técnico nacional de comercio ""simón rodríguez"" de cali",2242,Funcionamiento,7514661084.0,11195049703.638224
2020,Educación,22,Instituto tolimense de formación técnica profesional,2241,Inversión,2762130937.0,4114915201.366894
2020,Educación,22,Instituto tolimense de formación técnica profesional,2241,Funcionamiento,17342171573.0,25835692462.84812
2020,Educación,22,Instituto nacional de formación técnica profesional de san juan del cesar,2239,Inversión,1692236769.0,2521028497.162116
2020,Educación,22,Instituto nacional de formación técnica profesional de san andres y providencia,2238,Inversión,2386746293.0,3555681764.145051
2020,Minas y energía,21,Servicio geológico colombiano,2103,Funcionamiento,58112421000.0,86573623776.4505
2020,Educación,22,Escuela tecnológica instituto técnico central,2234,Funcionamiento,23719766527.0,35336785286.81058
2020,Agricultura y desarrollo rural,17,Instituto colombiano agropecuario (ica),1702,Funcionamiento,125786643000.0,187392046653.5836
2020,Agricultura y desarrollo rural,17,Autoridad nacional de acuicultura y pesca - aunap,1715,Inversión,60445582537.0,90049477055.9744
2020,Agricultura y desarrollo rural,17,Autoridad nacional de acuicultura y pesca - aunap,1715,Funcionamiento,13141064000.0,19577045856.65529
2020,Agricultura y desarrollo rural,17,Instituto colombiano agropecuario (ica),1702,Inversión,189155139588.0,281795967338.4368
2020,Agricultura y desarrollo rural,17,Ministerio de agricultura y desarrollo rural,1701,Inversión,441689142354.0,658011299104.1672
2020,Agricultura y desarrollo rural,17,Ministerio de agricultura y desarrollo rural,1701,Funcionamiento,328469522000.0,489341113832.76447
2020,Defensa y policía,15,Policía nacional,1601,Inversión,275485914191.0,410408196397.1723
2020,Agricultura y desarrollo rural,17,Unidad administrativa especial de gestión de restitución de tierras despojadas,1716,Funcionamiento,54519823000.0,81221511056.31398
2020,Defensa y policía,15,Policía nacional,1601,Funcionamiento,10607212000000.0,15802211733788.396
2020,Defensa y policía,15,Agencia logística de las fuerzas militares,1520,Funcionamiento,514309000000.0,766197537542.6621
2020,Defensa y policía,15,Hospital militar,1519,Inversión,19500000000.0,29050341296.92833
2020,Defensa y policía,15,Hospital militar,1519,Funcionamiento,410001000000.0,610803537542.6621
2020,Defensa y policía,15,Superintendencia de vigilancia y seguridad privada,1516,Inversión,10598000000.0,15788488054.607508
2020,Minas y energía,21,Ministerio de minas y energía,2101,Inversión,2906381264838.0,4329813727309.853
2020,Defensa y policía,15,Superintendencia de vigilancia y seguridad privada,1516,Funcionamiento,20287000000.0,30222783276.45051
2020,Defensa y policía,15,Agencia logística de las fuerzas militares,1520,Inversión,6000000000.0,8938566552.901024
2020,Agricultura y desarrollo rural,17,Agencia nacional de tierras - ant,1717,Funcionamiento,33334159849.0,49659934382.5546
2020,Agricultura y desarrollo rural,17,Unidad administrativa especial de gestión de restitución de tierras despojadas,1716,Inversión,201886873730.0,300763209498.7884
2020,Agricultura y desarrollo rural,17,Agencia nacional de tierras - ant,1717,Inversión,236242770361.0,351945287585.58527
2020,Minas y energía,21,Ministerio de minas y energía,2101,Funcionamiento,122686476899.0,182773539817.1109
2020,Salud y protección social,19,Fondo pasivo social de ferrocarriles nacionales de colombia ,1914,Inversión,2317693327.0,3452809342.1006823
2020,Salud y protección social,19,Fondo pasivo social de ferrocarriles nacionales de colombia ,1914,Funcionamiento,556007043000.0,828317659622.8668
2020,Salud y protección social,19,Fondo de previsión social del congreso ,1913,Inversión,191714000.0,285608058.0204778
2020,Salud y protección social,19,Fondo de previsión social del congreso ,1913,Funcionamiento,295941922000.0,440882760931.7406
2020,Salud y protección social,19,Instituto nacional de vigilancia de medicamentos y alimentos - invima,1912,Inversión,67602415000.0,100711447602.38908
2020,Salud y protección social,19,Instituto nacional de vigilancia de medicamentos y alimentos - invima,1912,Funcionamiento,128530585000.0,191479864684.30032
2020,Agricultura y desarrollo rural,17,Agencia nacional de tierras - ant,1717,Deuda,40757000.0,60718192.8327645
2020,Salud y protección social,19,Superintendencia nacional de salud,1910,Funcionamiento,98715994000.0,147063247034.12967
2020,Salud y protección social,19,Superintendencia nacional de salud,1910,Inversión,68392877000.0,101889047134.81229
2020,Salud y protección social,19,Instituto nacional de salud (ins),1903,Funcionamiento,37039612072.0,55180172933.20136
2020,Salud y protección social,19,Ministerio de salud y protección social,1901,Inversión,547463782196.0,815590242076.9761
2020,Salud y protección social,19,Ministerio de salud y protección social,1901,Funcionamiento,30059051178102.0,44780804912087.1
2020,Agricultura y desarrollo rural,17,Agencia de desarrollo rural - adr,1718,Inversión,194900337639.0,290354939861.5136
2020,Agricultura y desarrollo rural,17,Agencia de desarrollo rural - adr,1718,Funcionamiento,35936159611.0,53536292389.766205
2020,Salud y protección social,19,Instituto nacional de salud (ins),1903,Inversión,26122918597.0,38916907739.21672
2021,Ambiente y desarrollo sostenible,32,Corporación autónoma regional para la defensa de la meseta de bucaramanga (cdmb),3213,Funcionamiento,1216974000.0,1716500263.531101
2021,Ambiente y desarrollo sostenible,32,Corporación para el desarrollo sostenible del urabá (corpourabá),3210,Inversión,1920577093.0,2708908395.9610443
2021,Ambiente y desarrollo sostenible,32,Corporación autónoma regional del tolima (cortolima),3214,Funcionamiento,2111308000.0,2977927826.2274475
2021,Ambiente y desarrollo sostenible,32,Corporación autónoma regional para el desarrollo sostenible del choco (codechoco),3212,Inversión,5088444261.0,7177076843.851896
2021,Ambiente y desarrollo sostenible,32,Corporación autónoma regional para el desarrollo sostenible del choco (codechoco),3212,Funcionamiento,2031745000.0,2865706932.0527773
2021,Ambiente y desarrollo sostenible,32,Corporación autónoma regional de caldas (corpocaldas),3211,Funcionamiento,3785611000.0,5339475025.042634
2021,Ambiente y desarrollo sostenible,32,Corporación para el desarrollo sostenible del urabá (corpourabá),3210,Funcionamiento,3623997000.0,5111523997.666277
2021,Ambiente y desarrollo sostenible,32,Corporación autónoma regional de la orinoquia (corporinoquia),3229,Funcionamiento,2118755400.0,2988432129.575442
2021,Ambiente y desarrollo sostenible,32,Corporación autónoma regional de los valles del sinú y san jorge (cvs),3208,Funcionamiento,3028787000.0,4272000620.9496446
2021,Ambiente y desarrollo sostenible,32,Fondo nacional ambiental,3204,Inversión,307884412378.0,434260448443.39746
2021,Ambiente y desarrollo sostenible,32,Fondo nacional ambiental,3204,Funcionamiento,53449868000.0,75389213333.81203
2021,Ambiente y desarrollo sostenible,32,"Instituto de hidrología, meteorología y estudios ambientales- ideam",3202,Inversión,31291389274.0,44135435872.151146
2021,Ambiente y desarrollo sostenible,32,"Instituto de hidrología, meteorología y estudios ambientales- ideam",3202,Funcionamiento,51132763000.0,72121015867.69588
2021,Ambiente y desarrollo sostenible,32,Corporación autónoma regional de risaralda (carder),3215,Funcionamiento,2534929000.0,3575430778.7451744
2021,Ambiente y desarrollo sostenible,32,Ministerio de ambiente y desarrollo sostenible,3201,Inversión,308768506024.0,435507432336.5169
2021,Ambiente y desarrollo sostenible,32,Corporación autónoma regional del quindío (crq),3209,Funcionamiento,5032792400.0,7098581794.596534
2021,Ambiente y desarrollo sostenible,32,Corporación autónoma regional de nariño (corponariño),3216,Funcionamiento,2523623000.0,3559484051.8804407
2021,Ambiente y desarrollo sostenible,32,Corporación  para el desarrollo sostenible de la mojana y el san jorge (corpomojana),3228,Inversión,4220109486.0,5952320300.063189
2021,Ambiente y desarrollo sostenible,32,Corporación autónoma regional de la frontera nororiental (corponor),3217,Funcionamiento,3801177000.0,5361430336.415042
2021,Ambiente y desarrollo sostenible,32,Ministerio de ambiente y desarrollo sostenible,3201,Funcionamiento,219202523000.0,309177672239.6553
2021,Ambiente y desarrollo sostenible,32,Corporación  para el desarrollo sostenible de la mojana y el san jorge (corpomojana),3228,Funcionamiento,2250239000.0,3173885256.7992096
2021,Ambiente y desarrollo sostenible,32,Corporación para el desarrollo sostenible del área de manejo especial la macarena (cormacarena),3227,Inversión,640390703.0,903249215.2357956
2021,Ambiente y desarrollo sostenible,32,Corporación para el desarrollo sostenible del área de manejo especial la macarena (cormacarena),3227,Funcionamiento,2484114000.0,3503757956.736378
2021,Ambiente y desarrollo sostenible,32,"Corporación para el desarrollo sostenible del archipiélago de san andres, providencia y santa catalina (coralina)",3226,Funcionamiento,2293058000.0,3234279993.896418
2021,Ambiente y desarrollo sostenible,32,Corporación  para el desarrollo sostenible del norte y oriente de la amazonia (cda),3224,Inversión,6949992404.0,9802726921.86123
2021,Ambiente y desarrollo sostenible,32,Corporación  para el desarrollo sostenible del norte y oriente de la amazonia (cda),3224,Funcionamiento,2328236000.0,3283897361.457678
2021,Ambiente y desarrollo sostenible,32,Corporación para el desarrollo sostenible del sur de la amazonia (corpoamazonia),3223,Inversión,3661344862.0,5164201881.470962
2021,Ambiente y desarrollo sostenible,32,Corporación para el desarrollo sostenible del sur de la amazonia (corpoamazonia),3223,Funcionamiento,2250939000.0,3174872582.8920197
2021,Ambiente y desarrollo sostenible,32,Corporación autónoma regional del magdalena (corpamag),3222,Funcionamiento,4768431000.0,6725709068.665289
2021,Ambiente y desarrollo sostenible,32,Corporación autónoma regional del cauca (crc),3221,Funcionamiento,5714058000.0,8059483656.045237
2021,Ambiente y desarrollo sostenible,32,Corporación autónoma regional del cesar (corpocesar),3219,Inversión,1861942882.0,2626206843.887263
2021,Ambiente y desarrollo sostenible,32,Corporación autónoma regional del cesar (corpocesar),3219,Funcionamiento,2886551000.0,4071381600.7539706
2021,Ambiente y desarrollo sostenible,32,Corporación autónoma regional de la guajira (corpoguajira),3218,Inversión,730317457.0,1030087830.4728478
2021,Ambiente y desarrollo sostenible,32,Corporación autónoma regional de la guajira (corpoguajira),3218,Funcionamiento,3657862000.0,5159289423.570594
2021,Ambiente y desarrollo sostenible,32,Corporación autónoma regional de nariño (corponariño),3216,Inversión,2109840328.0,2975857724.9970374
2021,Fiscalía,29,Fondo especial para la administración de bienes de la fiscalía general de la nación,2904,Inversión,64452292597.0,90907757460.66402
2021,Transporte,24,Ministerio de transporte,2401,Inversión,182486003224.0,257390275079.61
2021,Fiscalía,29,Instituto nacional de medicina legal y ciencias forenses,2902,Inversión,44668590240.0,63003520961.43612
2021,Transporte,24,Agencia nacional de seguridad vial,2416,Inversión,143936000000.0,203016812135.35583
2021,Transporte,24,Agencia nacional de seguridad vial,2416,Funcionamiento,20136828000.0,28402308158.334076
2021,Transporte,24,Comisión de regulación de infraestructura y transporte,2415,Funcionamiento,1210000000.0,1706663674.715016
2021,Transporte,24,Unidad de planeación del sector de infraestructura de transporte,2414,Inversión,5872000000.0,8282255452.831881
2021,Transporte,24,Unidad de planeación del sector de infraestructura de transporte,2414,Funcionamiento,3550000000.0,5007153756.395295
2021,Transporte,24,Agencia nacional de infraestructura,2413,Inversión,4237527256305.0,5976887470207.051
2021,Transporte,24,Agencia nacional de infraestructura,2413,Deuda,969198470862.0,1367021341991.3352
2021,Transporte,24,Agencia nacional de infraestructura,2413,Funcionamiento,101565565000.0,143254760650.74945
2021,Transporte,24,Unidad administrativa especial de la aeronáutica civil,2412,Inversión,995523000000.0,1404151191275.4688
2021,Transporte,24,Unidad administrativa especial de la aeronáutica civil,2412,Deuda,1284000000.0,1811038147.3835375
2021,Transporte,24,Unidad administrativa especial de la aeronáutica civil,2412,Funcionamiento,548101000000.0,773077741136.343
2021,Transporte,24,Instituto nacional de vías,2402,Inversión,4375365389458.0,6171303449415.94
2021,Transporte,24,Instituto nacional de vías,2402,Deuda,2456712528.0,3465109116.326361
2021,Transporte,24,Instituto nacional de vías,2402,Funcionamiento,195776613000.0,276136226252.76
2021,Ambiente y desarrollo sostenible,32,Corporación autónoma regional de sucre (carsucre),3230,Funcionamiento,2486327000.0,3506879317.6555057
2021,Transporte,24,Superintendencia de puertos y transporte,2417,Funcionamiento,42233338000.0,59568680848.3978
2021,Fiscalía,29,Fondo especial para la administración de bienes de la fiscalía general de la nación,2904,Funcionamiento,18016196584.0,25411229972.262447
2021,Transporte,24,Superintendencia de puertos y transporte,2417,Inversión,12424924000.0,17524930951.97917
2021,Organismos de control,25,Procuraduría general de la nación,2501,Inversión,102079036923.0,143978995261.4686
2021,Fiscalía,29,Instituto nacional de medicina legal y ciencias forenses,2902,Funcionamiento,226053700000.0,318841023409.02966
2021,Fiscalía,29,Fiscalía general de la nación,2901,Inversión,94418000001.0,133173364331.36288
2021,Fiscalía,29,Fiscalía general de la nación,2901,Funcionamiento,4056603300000.0,5721700408957.902
2021,Registraduría,28,Fondo social de vivienda de la registraduría nacional del estado civil,2803,Funcionamiento,14183100000.0,20004778152.769047
2021,Registraduría,28,Fondo rotatorio de la registraduría,2802,Inversión,57537593696.0,81154810819.40076
2021,Registraduría,28,Fondo rotatorio de la registraduría,2802,Funcionamiento,39639550000.0,55910231460.37159
2021,Registraduría,28,Registraduría nacional del estado civil,2801,Inversión,62671096655.0,88395441417.88617
2021,Registraduría,28,Registraduría nacional del estado civil,2801,Funcionamiento,986604000000.0,1391571246387.218
2021,Rama judicial,27,Rama judicial,2701,Inversión,480260662865.0,677391262567.149
2021,Rama judicial,27,Rama judicial,2701,Funcionamiento,4737475927000.0,6682047995411.362
2021,Organismos de control,25,Fondo de bienestar social de la contraloría general de la república,2602,Funcionamiento,87748000000.0,123765557131.31673
2021,Organismos de control,25,Contraloría general de la república,2601,Inversión,153817217700.0,216953932226.7121
2021,Organismos de control,25,Contraloría general de la república,2601,Funcionamiento,922092946424.0,1300580608572.546
2021,Organismos de control,25,Defensoría del pueblo,2502,Inversión,60629385904.0,85515678134.40945
2021,Organismos de control,25,Defensoría del pueblo,2502,Funcionamiento,649994000000.0,916794337671.663
2021,Organismos de control,25,Procuraduría general de la nación,2501,Funcionamiento,791737000000.0,1116717998204.8289
2021,Ambiente y desarrollo sostenible,32,Corporación autónoma regional de sucre (carsucre),3230,Inversión,3040828814.0,4288985188.331029
2021,"Sistema integral de verdad, justicia, reparación y no repetición",44,Unidad de búsqueda de personas dadas por desaparecidas en el contexto y en razón del conflicto armado (ubpd),4403,Funcionamiento,73983300000.0,104350917888.87888
2021,Ambiente y desarrollo sostenible,32,Corporación autónoma regional del centro de antioquia (corantioquia),3232,Funcionamiento,2563809500.0,3616165737.635759
2021,"Vivienda, ciudad y territorio",40,"Ministerio de vivienda, ciudad y territorio",4001,Inversión,991523015036.0,1398509349095.7454
2021,"Vivienda, ciudad y territorio",40,"Ministerio de vivienda, ciudad y territorio",4001,Funcionamiento,2716083307242.0,3830942742123.758
2021,"Ciencia, tecnología e innovación",39,"Ministerio de ciencia, tecnología e innovación",3901,Inversión,386465162527.0,545095912750.137
2021,"Ciencia, tecnología e innovación",39,"Ministerio de ciencia, tecnología e innovación",3901,Funcionamiento,24385909360.0,34395492297.19414
2021,Empleo público,5,Comisión nacional del servicio civil,3801,Inversión,100242026850.0,141387955293.14243
2021,Empleo público,5,Comisión nacional del servicio civil,3801,Funcionamiento,23355821092.0,32942587975.916695
2021,Interior,37,Dirección nacional de bomberos,3709,Inversión,62325400000.0,87907848092.6308
2021,Interior,37,Dirección nacional de bomberos,3709,Funcionamiento,5134900000.0,7242601077.102592
2021,Interior,37,Unidad nacional de protección - unp,3708,Inversión,9000000000.0,12694192621.847227
2021,Interior,37,Unidad nacional de protección - unp,3708,Funcionamiento,991597500000.0,1398614407593.573
2021,Interior,37,Corporación nacional para la reconstrucción de la cuenca del rio páez y zonas aledañas nasa ki we,3704,Inversión,16000000000.0,22567453549.950623
2021,Interior,37,Corporación nacional para la reconstrucción de la cuenca del rio páez y zonas aledañas nasa ki we,3704,Funcionamiento,3267819000.0,4609147093.259131
2021,Interior,37,Dirección nacional del derecho de autor,3703,Inversión,927077331.0,1307610912.784669
2021,Interior,37,Dirección nacional del derecho de autor,3703,Funcionamiento,4197796000.0,5920847890.135534
2021,Interior,37,Ministerio del interior,3701,Inversión,254649247000.0,359174065825.15027
2021,"Vivienda, ciudad y territorio",40,Fondo nacional de vivienda - fonvivienda,4002,Funcionamiento,2669000000.0,3764533345.301139
2021,Interior,37,Ministerio del interior,3701,Funcionamiento,531739900000.0,750000968369.087
2021,"Vivienda, ciudad y territorio",40,Fondo nacional de vivienda - fonvivienda,4002,Inversión,1726239718449.0,2434802166386.1035
2021,Inclusión social y reconciliación,41,Departamento administrativo para la prosperidad social,4101,Inversión,6230508633098.0,8787919635625.343
2021,"Sistema integral de verdad, justicia, reparación y no repetición",44,Unidad de búsqueda de personas dadas por desaparecidas en el contexto y en razón del conflicto armado (ubpd),4403,Inversión,53905707500.0,76032159380.2172
2021,"Sistema integral de verdad, justicia, reparación y no repetición",44,"Comisión para el esclarecimiento de la verdad, la  convivencia y la no repetición en liquidación",4402,Inversión,41159792190.0,58054481148.34035
2021,"Sistema integral de verdad, justicia, reparación y no repetición",44,"Comisión para el esclarecimiento de la verdad, la  convivencia y la no repetición en liquidación",4402,Funcionamiento,75832300000.0,106958869239.74506
2021,"Sistema integral de verdad, justicia, reparación y no repetición",44,Jurisdicción especial para la paz,4401,Inversión,119157487686.0,168067566780.16367
2021,"Sistema integral de verdad, justicia, reparación y no repetición",44,Jurisdicción especial para la paz,4401,Funcionamiento,211590800000.0,298441596912.30585
2021,Deporte y recreación,43,Ministerio del deporte,4301,Inversión,697862964025.0,984311876554.0658
2021,Deporte y recreación,43,Ministerio del deporte,4301,Funcionamiento,39882291951.0,56252610691.860146
2021,Inteligencia,42,Departamento administrativo dirección nacional de inteligencia,4201,Inversión,7846050941.0,11066586885.097744
2021,Inteligencia,42,Departamento administrativo dirección nacional de inteligencia,4201,Funcionamiento,98064000000.0,138315922807.6474
2021,Igualdad y equidad,46,Instituto colombiano de bienestar familiar,4602,Inversión,6707691173320.0,9460969311332.06
2021,Igualdad y equidad,46,Instituto colombiano de bienestar familiar,4602,Funcionamiento,683411000000.0,963927874876.5818
2021,Inclusión social y reconciliación,41,Centro de memoria histórica,4105,Inversión,30176357503.0,42562721640.97854
2021,Inclusión social y reconciliación,41,Centro de memoria histórica,4105,Funcionamiento,12994200000.0,18327875307.423027
2021,Inclusión social y reconciliación,41,Unidad de atención y reparación integral a las víctimas,4104,Inversión,1334909993686.0,1882844954742.1057
2021,Inclusión social y reconciliación,41,Unidad de atención y reparación integral a las víctimas,4104,Funcionamiento,765042000000.0,1079065612422.583
2021,Inclusión social y reconciliación,41,Departamento administrativo para la prosperidad social,4101,Funcionamiento,179300000000.0,252896526344.13425
2021,Ambiente y desarrollo sostenible,32,Corporación autónoma regional del alto magdalena (cam),3231,Funcionamiento,2347454000.0,3311003694.1028624
2021,Trabajo,36,Unidad administrativa especial del servicio público de empleo,3613,Inversión,14673890544.0,20697021453.048733
2021,Trabajo,36,Unidad administrativa especial de organizaciones solidarias,3612,Inversión,21500000000.0,30325015707.746155
2021,Cultura,33,Instituto colombiano de antropología e historia,3305,Inversión,15527078055.0,21900413298.29189
2021,Cultura,33,Instituto colombiano de antropología e historia,3305,Funcionamiento,8315844291.0,11729214360.360289
2021,Cultura,33,Archivo general de la nación,3304,Inversión,10774624299.0,15197239586.61574
2021,Cultura,33,Archivo general de la nación,3304,Funcionamiento,13304839702.0,18766021997.776497
2021,Cultura,33,"Ministerio de las culturas, las artes y los saberes ancestrales",3301,Inversión,262792554690.0,370659923202.46466
2021,Cultura,33,"Ministerio de las culturas, las artes y los saberes ancestrales",3301,Funcionamiento,181318884705.0,255744094269.3088
2021,Ambiente y desarrollo sostenible,32,Corporación autónoma regional del sur de bolívar (csb),3239,Inversión,2100103137.0,2962123749.6470685
2021,Ambiente y desarrollo sostenible,32,Corporación autónoma regional del sur de bolívar (csb),3239,Funcionamiento,2656202000.0,3746482203.392872
2021,Ambiente y desarrollo sostenible,32,Corporación autónoma regional del canal del dique (cardique),3238,Funcionamiento,2441226240.0,3443266236.007539
2021,Ambiente y desarrollo sostenible,32,Corporación autónoma regional del guavio (corpoguavio),3237,Funcionamiento,775300000.0,1093534171.0797951
2021,Ambiente y desarrollo sostenible,32,Corporación autónoma regional de chivor (corpochivor),3236,Inversión,2172020582.0,3063560849.6138577
2021,Ambiente y desarrollo sostenible,32,Corporación autónoma regional de chivor (corpochivor),3236,Funcionamiento,2201452000.0,3105072859.527869
2021,Ambiente y desarrollo sostenible,32,Corporación autónoma regional de boyacá (corpoboyacá),3235,Funcionamiento,2254979000.0,3180570864.913382
2021,Ambiente y desarrollo sostenible,32,Corporación autónoma regional de santander (cas),3234,Funcionamiento,2278068000.0,3213137110.851808
2021,Ambiente y desarrollo sostenible,32,Corporación autónoma regional del atlántico (cra),3233,Funcionamiento,2008639680.0,2833117667.311731
2021,Cultura,33,Instituto caro y cuervo,3307,Funcionamiento,8666012740.0,12223114998.3269
2021,Trabajo,36,Unidad administrativa especial del servicio público de empleo,3613,Funcionamiento,10616732060.0,14974537976.020102
2021,Cultura,33,Instituto caro y cuervo,3307,Inversión,5390429173.0,7603016248.498517
2021,Organismos de control,25,Auditoría general de la republica,3401,Inversión,6447862875.0,9094490370.50085
2021,Trabajo,36,Unidad administrativa especial de organizaciones solidarias,3612,Funcionamiento,7752547000.0,10934702769.769318
2021,Trabajo,36,Servicio nacional de aprendizaje (sena),3602,Inversión,3776164654355.0,5326151277132.614
2021,Trabajo,36,Servicio nacional de aprendizaje (sena),3602,Funcionamiento,93625796930.0,132055988955.93031
2021,Trabajo,36,Ministerio del trabajo,3601,Inversión,317217295104.0,447424160781.2813
2021,Trabajo,36,Ministerio del trabajo,3601,Funcionamiento,22990458550000.0,32427256588699.39
2021,"Comercio, industria y turismo",35,Instituto nacional de metrología - inm,3505,Inversión,16915609480.0,23858889450.56278
2021,"Comercio, industria y turismo",35,Instituto nacional de metrología - inm,3505,Funcionamiento,17523459000.0,24716240438.56027
2021,"Comercio, industria y turismo",35,Unidad administrativa especial junta central contadores,3504,Inversión,6892672808.0,9721879589.346737
2021,"Comercio, industria y turismo",35,Unidad administrativa especial junta central contadores,3504,Funcionamiento,6258348000.0,8827186111.839151
2021,"Comercio, industria y turismo",35,Superintendencia de industria y comercio,3503,Inversión,138279817403.0,195038959758.6161
2021,"Comercio, industria y turismo",35,Superintendencia de industria y comercio,3503,Funcionamiento,108015202000.0,152351753363.9709
2021,"Comercio, industria y turismo",35,Superintendencia de sociedades,3502,Inversión,28518935965.0,40224985167.75962
2021,"Comercio, industria y turismo",35,Superintendencia de sociedades,3502,Funcionamiento,128612369000.0,181403353959.78812
2021,"Comercio, industria y turismo",35,"Ministerio de comercio, industria y turismo",3501,Inversión,251446291660.0,354656406709.02423
2021,"Comercio, industria y turismo",35,"Ministerio de comercio, industria y turismo",3501,Funcionamiento,438463554000.0,618437868015.0793
2021,Organismos de control,25,Auditoría general de la republica,3401,Funcionamiento,35864280000.0,50585342062.65146
2021,Transporte,24,Ministerio de transporte,2401,Funcionamiento,155337838352.0,219098715722.4062
2021,Información estadística,4,Instituto geográfico agustín codazzi - igac,403,Inversión,210063832018.0,296287860724.4279
2021,Tecnologías de la información y las comunicaciones,23,Corporación agencia nacional de gobierno digital - and,2312,Funcionamiento,3868172429.0,5455925100.916075
2021,Hacienda,13,Unidad administrativa especial dirección de impuestos y aduanas nacionales,1310,Inversión,102424601812.0,144466402735.2812
2021,Hacienda,13,Unidad administrativa especial dirección de impuestos y aduanas nacionales,1310,Funcionamiento,1795416000000.0,2532372948927.385
2021,Hacienda,13,Superintendencia de la economía solidaria,1309,Inversión,44146000000.0,62266425276.00752
2021,Hacienda,13,Superintendencia de la economía solidaria,1309,Funcionamiento,17259000000.0,24343230051.16237
2021,Hacienda,13,Unidad administrativa especial contaduría general de la nación,1308,Inversión,10005602959.0,14112561251.030066
2021,Hacienda,13,Unidad administrativa especial contaduría general de la nación,1308,Funcionamiento,15138000000.0,21351631989.947037
2021,Hacienda,13,Unidad de información y análisis financiero,1312,Funcionamiento,10353000000.0,14602552912.664928
2021,Hacienda,13,Ministerio de hacienda y crédito público,1301,Inversión,3841524839258.0,5418339585683.529
2021,Justicia y del derecho,12,Unidad de servicios penitenciarios y carcelarios - uspec,1211,Inversión,351418800000.0,495664215348.71185
2021,Justicia y del derecho,12,Unidad de servicios penitenciarios y carcelarios - uspec,1211,Funcionamiento,940377010000.0,1326369655788.5286
2021,Justicia y del derecho,12,Unidad administrativa especial agencia nacional de defensa jurídica del estado,1210,Inversión,17330500000.0,24444078359.21371
2021,Justicia y del derecho,12,Unidad administrativa especial agencia nacional de defensa jurídica del estado,1210,Funcionamiento,77614700000.0,109472883565.20956
2021,Justicia y del derecho,12,Instituto nacional penitenciario y carcelario - inpec,1208,Inversión,2115927818.0,2984443921.7352114
2021,Justicia y del derecho,12,Instituto nacional penitenciario y carcelario - inpec,1208,Funcionamiento,1484319000000.0,2093581255363.0728
2021,Hacienda,13,Ministerio de hacienda y crédito público,1301,Funcionamiento,14450793371128.0,20382350510179.098
2021,Hacienda,13,Unidad de información y análisis financiero,1312,Inversión,4893918335.0,6902704668.897763
2021,Hacienda,13,Superintendencia financiera de colombia,1313,Funcionamiento,248803000000.0,350928134099.2729
2021,Hacienda,13,Superintendencia financiera de colombia,1313,Inversión,30198000000.0,42593247643.838066
2021,Defensa y policía,15,Caja de sueldos de retiro de la policía nacional,1511,Funcionamiento,4434468000000.0,6254665663046.403
2021,Defensa y policía,15,Club militar de oficiales,1510,Funcionamiento,55337000000.0,78050948568.35112
2021,Defensa y policía,15,"Defensa civil colombiana, guillermo león valencia",1508,Inversión,5060000000.0,7136957185.1718855
2021,Defensa y policía,15,"Defensa civil colombiana, guillermo león valencia",1508,Funcionamiento,35908000000.0,50647007629.47669
2021,Defensa y policía,15,Instituto casas fiscales del ejército,1507,Inversión,16699000000.0,23553369176.914097
2021,Defensa y policía,15,Instituto casas fiscales del ejército,1507,Funcionamiento,28771000000.0,40580512880.351845
2021,Defensa y policía,15,Caja de retiro de las fuerzas militares,1503,Inversión,7789000000.0,10986118481.28534
2021,Defensa y policía,15,Caja de retiro de las fuerzas militares,1503,Funcionamiento,4286432000000.0,6045865940938.873
2021,Defensa y policía,15,Ministerio de defensa nacional,1501,Inversión,1666159970000.0,2350061733110.1333
2021,Defensa y policía,15,Ministerio de defensa nacional,1501,Funcionamiento,14680606909869.0,20706494657722.055
2021,Servicio de la deuda pública nacional,14,Servicio de la deuda pública nacional,1401,Deuda,69546767704122.0,98093340606998.72
2021,Hacienda,13,Fondo adaptación,1315,Inversión,649713389140.0,916398545637.3716
2021,Hacienda,13,Fondo adaptación,1315,Funcionamiento,30330000000.0,42779429135.62516
2021,Hacienda,13,Unidad administrativa especial de gestión  pensional y contribuciones parafiscales de la protección social (ugppp),1314,Inversión,7888655374.0,11126678982.769588
2021,Hacienda,13,Unidad administrativa especial de gestión  pensional y contribuciones parafiscales de la protección social (ugppp),1314,Funcionamiento,192883000000.0,272054883942.19543
2021,Justicia y del derecho,12,Superintendencia de notariado y registro,1204,Inversión,105429302030.0,148704429772.85876
2021,Justicia y del derecho,12,Superintendencia de notariado y registro,1204,Funcionamiento,368324800000.0,519509550955.9284
2021,Justicia y del derecho,12,Ministerio de justicia y del derecho,1201,Inversión,36331085001.0,51243754573.71097
2021,Justicia y del derecho,12,Ministerio de justicia y del derecho,1201,Funcionamiento,109032139000.0,153786108270.89127
2021,Presidencia de la república,2,Agencia de renovación del territorio – art,214,Inversión,46209100000.0,65176357364.68897
2021,Presidencia de la república,2,Agencia de renovación del territorio – art,214,Funcionamiento,56925000000.0,80290768333.18372
2021,Presidencia de la república,2,Agencia nacional inmobiliaria virgilio barco vargas,213,Inversión,65129000000.0,91862230140.9209
2021,Presidencia de la república,2,Agencia nacional inmobiliaria virgilio barco vargas,213,Funcionamiento,6074000000.0,8567169553.900007
2021,Presidencia de la república,2,Agencia para la reincorporación y la normalización - arn,212,Inversión,2300000000.0,3244071447.8054028
2021,Presidencia de la república,2,Agencia para la reincorporación y la normalización - arn,212,Funcionamiento,133495000000.0,188290138228.1662
2021,Presidencia de la república,2,Unidad nacional para la gestión del riesgo de desastres,211,Inversión,18900000000.0,26657804505.879177
2021,Presidencia de la república,2,Unidad nacional para la gestión del riesgo de desastres,211,Funcionamiento,429291000000.0,605500293869.491
2021,Presidencia de la república,2,"Agencia presidencial de cooperación internacional de colombia, apc - colombia",209,Inversión,182863938905.0,257923340449.9748
2021,Presidencia de la república,2,"Agencia presidencial de cooperación internacional de colombia, apc - colombia",209,Funcionamiento,28695000000.0,40473317475.98958
2021,Presidencia de la república,2,Presidencia de la república,201,Inversión,77142295675.0,108806573398.88248
2021,Presidencia de la república,2,Presidencia de la república,201,Funcionamiento,216295000000.0,305076710349.1607
2021,Congreso de la república,1,Congreso de la república,101,Inversión,84867900257.0,119703274808.23064
2021,Congreso de la república,1,Congreso de la república,101,Funcionamiento,612014429179.0,863225450149.7894
2021,Tecnologías de la información y las comunicaciones,23,Corporación agencia nacional de gobierno digital - and,2312,Inversión,32234769000.0,45466040756.30553
2021,Planeación,3,Departamento administrativo nacional de planeación,301,Funcionamiento,126254179491.0,178077208196.89197
2021,Defensa y policía,15,Caja de sueldos de retiro de la policía nacional,1511,Inversión,5780000000.0,8152492594.919664
2021,Planeación,3,Departamento administrativo nacional de planeación,301,Inversión,1160361269534.0,1636649940710.6428
2021,Planeación,3,Unidad administrativa especial  - agencia nacional de contratación pública - colombia compra eficiente,303,Inversión,31076164311.0,43831868412.44537
2021,Relaciones exteriores,11,Unidad administrativa especial migración colombia,1104,Inversión,45967582381.0,64835705011.671646
2021,Relaciones exteriores,11,Unidad administrativa especial migración colombia,1104,Funcionamiento,124125000000.0,175074073242.97635
2021,Relaciones exteriores,11,Fondo rotatorio del ministerio de relaciones exteriores,1102,Inversión,25994707443.0,36664647047.77865
2021,Relaciones exteriores,11,Fondo rotatorio del ministerio de relaciones exteriores,1102,Funcionamiento,469750000000.0,662566331568.0817
2021,Relaciones exteriores,11,Ministerio de relaciones exteriores,1101,Funcionamiento,508301000000.0,716941200430.8408
2021,Empleo público,5,Escuela superior de administración pública (esap),503,Inversión,214000000000.0,301839691230.58966
2021,Empleo público,5,Escuela superior de administración pública (esap),503,Funcionamiento,115677431153.0,163159065895.1837
2021,Empleo público,5,Departamento administrativo de la función pública,501,Inversión,20397418487.0,28769862140.267296
2021,Información estadística,4,Instituto geográfico agustín codazzi - igac,403,Funcionamiento,85428256866.0,120493638667.29411
2021,Información estadística,4,Fondo rotatorio del dane,402,Inversión,45000000000.0,63470963109.23614
2021,Información estadística,4,Fondo rotatorio del dane,402,Funcionamiento,435000000.0,613552643.3892827
2021,Información estadística,4,Departamento administrativo nacional de estadística (dane),401,Inversión,165800285044.0,233855639456.19025
2021,Información estadística,4,Departamento administrativo nacional de estadística (dane),401,Funcionamiento,104046000000.0,146753329503.6352
2021,Planeación,3,Superintendencia de servicios públicos domiciliarios,324,Inversión,23534000000.0,33193903240.28363
2021,Planeación,3,Superintendencia de servicios públicos domiciliarios,324,Funcionamiento,835192626879.0,1178010675772.0674
2021,Planeación,3,Unidad administrativa especial  - agencia nacional de contratación pública - colombia compra eficiente,303,Funcionamiento,19873389000.0,28030736446.099983
2021,Defensa y policía,15,Fondo rotatorio de la policía,1512,Funcionamiento,424660895070.0,598969688998.2926
2021,Empleo público,5,Departamento administrativo de la función pública,501,Funcionamiento,27576274813.0,38895393807.69068
2021,Defensa y policía,15,Superintendencia de vigilancia y seguridad privada,1516,Funcionamiento,22241000000.0,31370170900.278244
2021,Educación,22,Escuela tecnológica instituto técnico central,2234,Inversión,11191671975.0,15785471090.131044
2021,Educación,22,Escuela tecnológica instituto técnico central,2234,Funcionamiento,25700776621.0,36250067662.00466
2021,Igualdad y equidad,46,Instituto nacional para ciegos (inci),4604,Inversión,1765220026.0,2489782558.8873525
2021,Igualdad y equidad,46,Instituto nacional para ciegos (inci),4604,Funcionamiento,6245557422.0,8809145438.4084
2021,Igualdad y equidad,46,Instituto nacional para sordos (insor),4603,Inversión,6553077346.0,9242891788.443048
2021,Igualdad y equidad,46,Instituto nacional para sordos (insor),4603,Funcionamiento,6133028268.0,8650426909.91401
2021,Educación,22,Ministerio de educación nacional,2201,Inversión,3296949779443.0,4650235062756.242
2021,Educación,22,Ministerio de educación nacional,2201,Funcionamiento,42753299380977.0,60302068617958.21
2021,Minas y energía,21,Agencia nacional de minería - anm,2112,Inversión,66855000000.0,94296694192.62184
2021,Minas y energía,21,Agencia nacional de minería - anm,2112,Funcionamiento,104930144800.0,148000385547.72458
2021,Minas y energía,21,Agencia nacional de hidrocarburos - anh,2111,Inversión,280458971902.0,395577801316.5808
2021,Minas y energía,21,Agencia nacional de hidrocarburos - anh,2111,Funcionamiento,909179689000.0,1282366900004.129
2021,Minas y energía,21,Instituto de planificación y promoción de soluciones  energéticas para las zonas no interconectadas - ipse,2110,Inversión,43277200000.0,61041012548.24521
2021,Minas y energía,21,Instituto de planificación y promoción de soluciones  energéticas para las zonas no interconectadas - ipse,2110,Funcionamiento,34576058670.0,48768349873.47454
2021,Minas y energía,21,Unidad de planeacion minero energética - upme,2109,Inversión,21080200000.0,29732902145.229324
2021,Educación,22,Instituto nacional de formación técnica profesional de san andres y providencia,2238,Funcionamiento,4787871262.0,6753128894.270531
2021,Minas y energía,21,Unidad de planeacion minero energética - upme,2109,Funcionamiento,16856104000.0,23774959003.32106
2021,Educación,22,Instituto nacional de formación técnica profesional de san andres y providencia,2238,Inversión,2487452756.0,3508467158.045417
2021,Educación,22,Instituto nacional de formación técnica profesional de san juan del cesar,2239,Inversión,2503732588.0,3531429305.0742292
2021,Tecnologías de la información y las comunicaciones,23,Computadores para educar cpe,2311,Inversión,85708020430.0,120888235619.51527
2021,Defensa y policía,15,Fondo rotatorio de la policía,1512,Inversión,8195000000.0,11558767615.115335
2021,Tecnologías de la información y las comunicaciones,23,Computadores para educar cpe,2311,Funcionamiento,18019489008.0,25415873823.86787
2021,Tecnologías de la información y las comunicaciones,23,Agencia nacional del espectro - ane,2309,Inversión,17426926658.0,24580084867.05071
2021,Tecnologías de la información y las comunicaciones,23,Agencia nacional del espectro - ane,2309,Funcionamiento,17147073342.0,24185361322.698853
2021,Tecnologías de la información y las comunicaciones,23,Unidad administrativa especial comisión de regulación de las comunicaciones ,2308,Inversión,19490383000.0,27490519563.95296
2021,Tecnologías de la información y las comunicaciones,23,Unidad administrativa especial comisión de regulación de las comunicaciones ,2308,Funcionamiento,24327089000.0,34312528188.313427
2021,Tecnologías de la información y las comunicaciones,23,Fondo único de tecnologías de la información y las comunicaciones,2306,Inversión,1450065000000.0,2045267158244.3225
2021,Tecnologías de la información y las comunicaciones,23,Fondo único de tecnologías de la información y las comunicaciones,2306,Funcionamiento,710052000000.0,1001504095503.0964
2021,Tecnologías de la información y las comunicaciones,23,Ministerio de tecnologías de la información y las comunicaciones,2301,Funcionamiento,81891600000.0,115505304945.69604
2021,Educación,22,Unidad administrativa especial alimentación escolar,2246,Inversión,1195936580000.0,1686827701114.8008
2021,Educación,22,Unidad administrativa especial alimentación escolar,2246,Funcionamiento,12093017476.0,17056788135.5232
2021,Educación,22,"Instituto técnico nacional de comercio ""simón rodríguez"" de cali",2242,Inversión,5380911928.0,7589592499.469705
2021,Educación,22,"Instituto técnico nacional de comercio ""simón rodríguez"" de cali",2242,Funcionamiento,7675851444.0,10826526307.424463
2021,Educación,22,Instituto tolimense de formación técnica profesional,2241,Inversión,4475008473.0,6311846615.628937
2021,Educación,22,Instituto nacional de formación técnica profesional de san juan del cesar,2239,Funcionamiento,6290674205.0,8872781119.95063
2021,Minas y energía,21,Servicio geológico colombiano,2103,Inversión,157608314772.0,222301145168.9442
2021,Educación,22,Instituto tolimense de formación técnica profesional,2241,Funcionamiento,18340157794.0,25868166194.67875
2021,Minas y energía,21,Ministerio de minas y energía,2101,Inversión,4221787912086.0,5954687662733.99
2021,Agricultura y desarrollo rural,17,Unidad administrativa especial de gestión de restitución de tierras despojadas,1716,Inversión,207943479942.0,293297176537.8859
2021,Agricultura y desarrollo rural,17,Unidad administrativa especial de gestión de restitución de tierras despojadas,1716,Funcionamiento,60370482000.0,85150503020.19565
2021,Agricultura y desarrollo rural,17,Autoridad nacional de acuicultura y pesca - aunap,1715,Inversión,60976870434.0,86005793196.2908
2021,Agricultura y desarrollo rural,17,Autoridad nacional de acuicultura y pesca - aunap,1715,Funcionamiento,13670531000.0,19281817084.103756
2021,Agricultura y desarrollo rural,17,Instituto colombiano agropecuario (ica),1702,Inversión,180306804713.0,254316590006.2904
2021,Agricultura y desarrollo rural,17,Instituto colombiano agropecuario (ica),1702,Funcionamiento,158098047000.0,222991895750.6507
2021,Agricultura y desarrollo rural,17,Ministerio de agricultura y desarrollo rural,1701,Funcionamiento,330780665000.0,466554830788.08
2021,Defensa y policía,15,Policía nacional,1601,Inversión,302879000000.0,427200485234.7185
2021,Defensa y policía,15,Policía nacional,1601,Funcionamiento,11169835000000.0,15754670782694.549
2021,Defensa y policía,15,Unidad administrativa especial de la justicia penal militar y policial,1521,Funcionamiento,39263026000.0,55379157217.84399
2021,Defensa y policía,15,Agencia logística de las fuerzas militares,1520,Inversión,6180000000.0,8716678933.66843
2021,Defensa y policía,15,Agencia logística de las fuerzas militares,1520,Funcionamiento,414497000000.0,584633862130.8678
2021,Defensa y policía,15,Hospital militar,1519,Inversión,20000000000.0,28209316937.43829
2021,Minas y energía,21,Servicio geológico colombiano,2103,Funcionamiento,60521354000.0,85363302823.44492
2021,Defensa y policía,15,Hospital militar,1519,Funcionamiento,440301000000.0,621029522843.5507
2021,Agricultura y desarrollo rural,17,Agencia nacional de tierras - ant,1717,Funcionamiento,32315435000.0,45579817394.309296
2021,Agricultura y desarrollo rural,17,Agencia nacional de tierras - ant,1717,Deuda,8525000.0,12024221.344583068
2021,Agricultura y desarrollo rural,17,Ministerio de agricultura y desarrollo rural,1701,Inversión,726735002593.0,1025034900883.7983
2021,Agricultura y desarrollo rural,17,Agencia de desarrollo rural - adr,1718,Funcionamiento,42476986000.0,59912338031.05644
2021,Minas y energía,21,Ministerio de minas y energía,2101,Funcionamiento,133351596000.0,188087871783.86136
2021,Salud y protección social,19,Fondo pasivo social de ferrocarriles nacionales de colombia ,1914,Inversión,2437693327.0,3438283182.881069
2021,Agricultura y desarrollo rural,17,Agencia nacional de tierras - ant,1717,Inversión,265217830374.0,374080691723.9956
2021,Salud y protección social,19,Fondo pasivo social de ferrocarriles nacionales de colombia ,1914,Funcionamiento,587732323000.0,828976368694.1924
2021,Salud y protección social,19,Fondo de previsión social del congreso ,1913,Inversión,300000000.0,423139754.0615743
2021,Salud y protección social,19,Fondo de previsión social del congreso ,1913,Funcionamiento,309806990187.0,436972178780.9458
2021,Salud y protección social,19,Instituto nacional de vigilancia de medicamentos y alimentos - invima,1912,Inversión,75413648220.0,106368375202.32292
2021,Salud y protección social,19,Instituto nacional de vigilancia de medicamentos y alimentos - invima,1912,Funcionamiento,134000609704.0,189003283447.5052
2021,Salud y protección social,19,Superintendencia nacional de salud,1910,Inversión,62990768248.0,88846327282.0278
2021,Defensa y policía,15,Superintendencia de vigilancia y seguridad privada,1516,Inversión,10664360000.0,15041715558.746967
2021,Salud y protección social,19,Superintendencia nacional de salud,1910,Funcionamiento,131532344000.0,185521878971.00793
2021,Salud y protección social,19,Instituto nacional de salud (ins),1903,Inversión,54389226224.0,76714146026.74228
2021,Salud y protección social,19,Instituto nacional de salud (ins),1903,Funcionamiento,40626242000.0,57301926827.75333
2021,Salud y protección social,19,Ministerio de salud y protección social,1901,Inversión,684215413134.0,965062472128.864
2021,Salud y protección social,19,Ministerio de salud y protección social,1901,Funcionamiento,33966013942645.0,47907902620476.02
2021,Agricultura y desarrollo rural,17,Agencia de desarrollo rural - adr,1718,Inversión,231708437804.0,326816837954.5871
2022,Ambiente y desarrollo sostenible,32,Corporación autónoma regional de nariño (corponariño),3216,Funcionamiento,2589714000.0,3228974513.6872177
2022,Ambiente y desarrollo sostenible,32,Corporación autónoma regional de risaralda (carder),3215,Funcionamiento,2599473500.0,3241143107.117353
2022,Ambiente y desarrollo sostenible,32,Corporación autónoma regional del tolima (cortolima),3214,Deuda,1389697022.0,1732738157.875744
2022,Ambiente y desarrollo sostenible,32,Corporación autónoma regional del tolima (cortolima),3214,Funcionamiento,2163854680.0,2697993528.6455607
2022,Ambiente y desarrollo sostenible,32,Corporación autónoma regional para la defensa de la meseta de bucaramanga (cdmb),3213,Funcionamiento,1248616000.0,1556831851.4639373
2022,Ambiente y desarrollo sostenible,32,Corporación autónoma regional para el desarrollo sostenible del choco (codechoco),3212,Inversión,2517626609.0,3139092639.357772
2022,Ambiente y desarrollo sostenible,32,Corporación autónoma regional para el desarrollo sostenible del choco (codechoco),3212,Funcionamiento,2082836555.0,2596976404.4489408
2022,Ambiente y desarrollo sostenible,32,Corporación autónoma regional de caldas (corpocaldas),3211,Deuda,83020580.0,103513877.18162344
2022,Ambiente y desarrollo sostenible,32,Corporación autónoma regional de caldas (corpocaldas),3211,Funcionamiento,3884100000.0,4842874506.0699835
2022,Ambiente y desarrollo sostenible,32,Corporación para el desarrollo sostenible del urabá (corpourabá),3210,Inversión,1363018487.0,1699474133.517258
2022,Ambiente y desarrollo sostenible,32,Corporación autónoma regional del quindío (crq),3209,Funcionamiento,5159646000.0,6433283920.019043
2022,Ambiente y desarrollo sostenible,32,Corporación para el desarrollo sostenible del urabá (corpourabá),3210,Funcionamiento,3716890752.0,4634390325.869079
2022,Ambiente y desarrollo sostenible,32,Ministerio de ambiente y desarrollo sostenible,3201,Inversión,279267974129.0,348204153412.92596
2022,Ambiente y desarrollo sostenible,32,Corporación autónoma regional de los valles del sinú y san jorge (cvs),3208,Inversión,15227411732.0,18986237241.660557
2022,Ambiente y desarrollo sostenible,32,Corporación autónoma regional de los valles del sinú y san jorge (cvs),3208,Deuda,140180613.0,174783635.061652
2022,Ambiente y desarrollo sostenible,32,Corporación autónoma regional de los valles del sinú y san jorge (cvs),3208,Funcionamiento,3091431863.0,3854539418.8036184
2022,Ambiente y desarrollo sostenible,32,"Instituto de hidrología, meteorología y estudios ambientales- ideam",3202,Deuda,73458261.0,91591138.09045464
2022,Ambiente y desarrollo sostenible,32,Fondo nacional ambiental,3204,Funcionamiento,74681779420.0,93116677124.96072
2022,Ambiente y desarrollo sostenible,32,"Instituto de hidrología, meteorología y estudios ambientales- ideam",3202,Inversión,32228239274.0,40183650872.937874
2022,Ambiente y desarrollo sostenible,32,"Instituto de hidrología, meteorología y estudios ambientales- ideam",3202,Funcionamiento,54516177350.0,67973277067.19829
2022,Ambiente y desarrollo sostenible,32,Corporación para el desarrollo sostenible del urabá (corpourabá),3210,Deuda,3358230.0,4187195.605808141
2022,Ambiente y desarrollo sostenible,32,Fondo nacional ambiental,3204,Inversión,420760717978.0,524623813560.7627
2022,Ambiente y desarrollo sostenible,32,"Corporación para el desarrollo sostenible del archipiélago de san andres, providencia y santa catalina (coralina)",3226,Funcionamiento,2348299400.0,2927967687.9790525
2022,Ambiente y desarrollo sostenible,32,Corporación autónoma regional de la frontera nororiental (corponor),3217,Deuda,643274000.0,802063606.7602952
2022,Ambiente y desarrollo sostenible,32,Corporación autónoma regional de sucre (carsucre),3230,Inversión,3267897078.0,4074564364.3332543
2022,Ambiente y desarrollo sostenible,32,Corporación autónoma regional de sucre (carsucre),3230,Funcionamiento,2548500000.0,3177587003.0945015
2022,Ambiente y desarrollo sostenible,32,Ministerio de ambiente y desarrollo sostenible,3201,Deuda,1932988235.0,2410138627.691026
2022,Ambiente y desarrollo sostenible,32,Corporación autónoma regional de la orinoquia (corporinoquia),3229,Deuda,6730000.0,8391273.506308023
2022,Ambiente y desarrollo sostenible,32,Corporación autónoma regional de la orinoquia (corporinoquia),3229,Funcionamiento,2172846000.0,2709204319.9238276
2022,Ambiente y desarrollo sostenible,32,Corporación  para el desarrollo sostenible de la mojana y el san jorge (corpomojana),3228,Inversión,4105914167.0,5119442610.5084505
2022,Ambiente y desarrollo sostenible,32,Corporación  para el desarrollo sostenible de la mojana y el san jorge (corpomojana),3228,Funcionamiento,2305000000.0,2873980004.7607713
2022,Ambiente y desarrollo sostenible,32,Corporación para el desarrollo sostenible del área de manejo especial la macarena (cormacarena),3227,Funcionamiento,2545920000.0,3174370140.442752
2022,Ambiente y desarrollo sostenible,32,Corporación  para el desarrollo sostenible del norte y oriente de la amazonia (cda),3224,Inversión,28886521057.0,36017042917.53535
2022,Ambiente y desarrollo sostenible,32,Corporación  para el desarrollo sostenible del norte y oriente de la amazonia (cda),3224,Funcionamiento,2388733200.0,2978382409.331112
2022,Ambiente y desarrollo sostenible,32,Corporación para el desarrollo sostenible del sur de la amazonia (corpoamazonia),3223,Inversión,6461368802.0,8056331774.547965
2022,Ambiente y desarrollo sostenible,32,Corporación para el desarrollo sostenible del sur de la amazonia (corpoamazonia),3223,Deuda,446113520.0,556234853.0730779
2022,Ambiente y desarrollo sostenible,32,Corporación para el desarrollo sostenible del sur de la amazonia (corpoamazonia),3223,Funcionamiento,2299083590.0,2866603152.682695
2022,Ambiente y desarrollo sostenible,32,Corporación autónoma regional del magdalena (corpamag),3222,Deuda,7271340.0,9066241.114020472
2022,Ambiente y desarrollo sostenible,32,Corporación autónoma regional del magdalena (corpamag),3222,Funcionamiento,4891300000.0,6098697786.241371
2022,Ambiente y desarrollo sostenible,32,Corporación autónoma regional del cauca (crc),3221,Deuda,127683023.0,159201065.09735778
2022,Ambiente y desarrollo sostenible,32,Corporación autónoma regional del cauca (crc),3221,Funcionamiento,5863100000.0,7310382718.400381
2022,Ambiente y desarrollo sostenible,32,Corporación autónoma regional del cesar (corpocesar),3219,Inversión,32238783421.0,40196797800.33278
2022,Ambiente y desarrollo sostenible,32,Corporación autónoma regional del cesar (corpocesar),3219,Deuda,145348481.0,181227170.549393
2022,Ambiente y desarrollo sostenible,32,Corporación autónoma regional del cesar (corpocesar),3219,Funcionamiento,2960844000.0,3691716465.603428
2022,Ambiente y desarrollo sostenible,32,Corporación autónoma regional de la guajira (corpoguajira),3218,Funcionamiento,3745353000.0,4669878365.627232
2022,Ambiente y desarrollo sostenible,32,Corporación autónoma regional de la frontera nororiental (corponor),3217,Funcionamiento,3900436000.0,4863242982.147108
2022,Ambiente y desarrollo sostenible,32,Ministerio de ambiente y desarrollo sostenible,3201,Funcionamiento,240334037145.0,299659530246.49133
2022,Transporte,24,Unidad de planeación del sector de infraestructura de transporte,2414,Funcionamiento,7585900000.0,9458448988.336111
2022,Fiscalía,29,Fondo especial para la administración de bienes de la fiscalía general de la nación,2904,Funcionamiento,16605000000.0,20703877648.179005
2022,Transporte,24,Superintendencia de puertos y transporte,2417,Inversión,14188184010.0,17690480324.775055
2022,Transporte,24,Superintendencia de puertos y transporte,2417,Deuda,699639000.0,872342080.9331112
2022,Transporte,24,Superintendencia de puertos y transporte,2417,Funcionamiento,42888396000.0,53475224529.397766
2022,Transporte,24,Agencia nacional de seguridad vial,2416,Inversión,123690791105.0,154223366771.71866
2022,Transporte,24,Agencia nacional de seguridad vial,2416,Deuda,17235000.0,21489390.621280648
2022,Transporte,24,Agencia nacional de seguridad vial,2416,Funcionamiento,20565873000.0,25642476261.36634
2022,Transporte,24,Comisión de regulación de infraestructura y transporte,2415,Funcionamiento,1246300000.0,1553944156.153297
2022,Transporte,24,Unidad de planeación del sector de infraestructura de transporte,2414,Inversión,2000000000.0,2493691978.1004524
2022,Transporte,24,Agencia nacional de infraestructura,2413,Inversión,4505182025012.0,5617268137827.388
2022,Organismos de control,25,Procuraduría general de la nación,2501,Funcionamiento,877960503000.0,1094681531710.0692
2022,Transporte,24,Agencia nacional de infraestructura,2413,Deuda,1167604335047.0,1455822781951.0083
2022,Transporte,24,Unidad administrativa especial de la aeronáutica civil,2412,Inversión,997142545584.0,1243283183472.743
2022,Transporte,24,Unidad administrativa especial de la aeronáutica civil,2412,Deuda,3101000000.0,3866469412.044752
2022,Transporte,24,Unidad administrativa especial de la aeronáutica civil,2412,Funcionamiento,605635000000.0,755133570578.4337
2022,Transporte,24,Instituto nacional de vías,2402,Inversión,5284806000000.0,6589339164008.569
2022,Transporte,24,Instituto nacional de vías,2402,Deuda,113245623287.0,141199851172.88885
2022,Transporte,24,Instituto nacional de vías,2402,Funcionamiento,203071707000.0,253199143362.53275
2022,Transporte,24,Ministerio de transporte,2401,Inversión,187908781072.0,234293309986.94028
2022,Transporte,24,Ministerio de transporte,2401,Deuda,13215388000.0,16477553521.54249
2022,Ambiente y desarrollo sostenible,32,Corporación autónoma regional del alto magdalena (cam),3231,Funcionamiento,2408139890.0,3002579562.918353
2022,Transporte,24,Agencia nacional de infraestructura,2413,Funcionamiento,99785985370.0,124417755622.00903
2022,Organismos de control,25,Procuraduría general de la nación,2501,Inversión,140170498557.0,174771023908.96597
2022,Organismos de control,25,Defensoría del pueblo,2502,Funcionamiento,721773422000.0,899940296223.7563
2022,Organismos de control,25,Defensoría del pueblo,2502,Deuda,247291740.0,308334714.1442514
2022,Fiscalía,29,Instituto nacional de medicina legal y ciencias forenses,2902,Inversión,46051048947.0,57418565671.12259
2022,Fiscalía,29,Instituto nacional de medicina legal y ciencias forenses,2902,Deuda,82199195.0,102489736.5889074
2022,Fiscalía,29,Instituto nacional de medicina legal y ciencias forenses,2902,Funcionamiento,240284300000.0,299597515686.7413
2022,Fiscalía,29,Fiscalía general de la nación,2901,Inversión,139356000001.0,173755469651.33017
2022,Fiscalía,29,Fiscalía general de la nación,2901,Deuda,514422336633.0,641405427108.7013
2022,Fiscalía,29,Fiscalía general de la nación,2901,Funcionamiento,4218350300000.0,5259633151963.818
2022,Registraduría,28,Fondo social de vivienda de la registraduría nacional del estado civil,2803,Funcionamiento,14193863802.0,17697562150.648895
2022,Registraduría,28,Fondo rotatorio de la registraduría,2802,Inversión,65866122520.0,82124910678.35278
2022,Registraduría,28,Fondo rotatorio de la registraduría,2802,Funcionamiento,59784885682.0,74542544918.428
2022,Registraduría,28,Registraduría nacional del estado civil,2801,Inversión,62671096655.0,78141205493.6658
2022,Registraduría,28,Registraduría nacional del estado civil,2801,Deuda,68676963.0,85629595.8567008
2022,Registraduría,28,Registraduría nacional del estado civil,2801,Funcionamiento,2123098245211.0,2647176531400.909
2022,Rama judicial,27,Rama judicial,2701,Inversión,580822027740.0,724195615639.6382
2022,Rama judicial,27,Rama judicial,2701,Deuda,61903665013.0,77184336428.96786
2022,Rama judicial,27,Rama judicial,2701,Funcionamiento,5005472200000.0,6241052935872.411
2022,Organismos de control,25,Fondo de bienestar social de la contraloría general de la república,2602,Deuda,7790978.0,9714149.670078551
2022,Organismos de control,25,Fondo de bienestar social de la contraloría general de la república,2602,Funcionamiento,107388497000.0,133896916754.58224
2022,Organismos de control,25,Contraloría general de la república,2601,Inversión,222112767100.0,276940412775.48206
2022,Organismos de control,25,Contraloría general de la república,2601,Deuda,1164626320.0,1452109655.8343253
2022,Organismos de control,25,Contraloría general de la república,2601,Funcionamiento,994411912780.0,1239878504913.5063
2022,Organismos de control,25,Defensoría del pueblo,2502,Inversión,74375679763.0,92735017995.38065
2022,Fiscalía,29,Fondo especial para la administración de bienes de la fiscalía general de la nación,2904,Inversión,15147840800.0,18887024544.25137
2022,Ambiente y desarrollo sostenible,32,Corporación autónoma regional del alto magdalena (cam),3231,Deuda,58337672.0,72738092.3437277
2022,Inclusión social y reconciliación,41,Departamento administrativo para la prosperidad social,4101,Funcionamiento,191203900000.0,238401815805.76056
2022,Ambiente y desarrollo sostenible,32,Corporación autónoma regional del centro de antioquia (corantioquia),3232,Deuda,888519507.0,1107846983.4958344
2022,"Vivienda, ciudad y territorio",40,Fondo nacional de vivienda - fonvivienda,4002,Funcionamiento,4576559836.0,5706265275.164961
2022,"Vivienda, ciudad y territorio",40,"Ministerio de vivienda, ciudad y territorio",4001,Inversión,784459895188.0,978100673885.9186
2022,"Vivienda, ciudad y territorio",40,"Ministerio de vivienda, ciudad y territorio",4001,Deuda,31376858.0,39122109.546298504
2022,"Vivienda, ciudad y territorio",40,"Ministerio de vivienda, ciudad y territorio",4001,Funcionamiento,2645011262645.0,3297921683821.593
2022,"Ciencia, tecnología e innovación",39,"Ministerio de ciencia, tecnología e innovación",3901,Inversión,302901433272.0,377671437152.75793
2022,"Ciencia, tecnología e innovación",39,"Ministerio de ciencia, tecnología e innovación",3901,Deuda,15157000.0,18898444.65603428
2022,"Ciencia, tecnología e innovación",39,"Ministerio de ciencia, tecnología e innovación",3901,Funcionamiento,27602653000.0,34416257180.19519
2022,Empleo público,5,Comisión nacional del servicio civil,3801,Inversión,92993853543.0,115949013296.41373
2022,Empleo público,5,Comisión nacional del servicio civil,3801,Deuda,141400876.0,176305115.0887884
2022,"Vivienda, ciudad y territorio",40,Fondo nacional de vivienda - fonvivienda,4002,Deuda,172134681.0,214625436.5812902
2022,Empleo público,5,Comisión nacional del servicio civil,3801,Funcionamiento,28205433826.0,35167832035.369675
2022,Interior,37,Dirección nacional de bomberos,3709,Funcionamiento,5463600000.0,6812267745.774816
2022,Interior,37,Unidad nacional de protección - unp,3708,Inversión,9000000000.0,11221613901.452036
2022,Interior,37,Unidad nacional de protección - unp,3708,Deuda,11264211624.0,14044737083.197334
2022,Interior,37,Unidad nacional de protección - unp,3708,Funcionamiento,1318351400000.0,1643781155248.7505
2022,Interior,37,Corporación nacional para la reconstrucción de la cuenca del rio páez y zonas aledañas nasa ki we,3704,Inversión,21598935000.0,26930545472.506542
2022,Interior,37,Corporación nacional para la reconstrucción de la cuenca del rio páez y zonas aledañas nasa ki we,3704,Funcionamiento,3380000000.0,4214339442.9897647
2022,Interior,37,Dirección nacional del derecho de autor,3703,Inversión,927077331.0,1155922651.696739
2022,Interior,37,Dirección nacional del derecho de autor,3703,Funcionamiento,4284600000.0,5342236324.684599
2022,Interior,37,Ministerio del interior,3701,Inversión,408315341829.0,509106346227.1607
2022,Interior,37,Dirección nacional de bomberos,3709,Inversión,74359954034.0,92715410433.25208
2022,"Vivienda, ciudad y territorio",40,Fondo nacional de vivienda - fonvivienda,4002,Inversión,1970753424439.0,2457226002668.765
2022,Inclusión social y reconciliación,41,Departamento administrativo para la prosperidad social,4101,Deuda,381865302.0,476127220.1561533
2022,Inclusión social y reconciliación,41,Departamento administrativo para la prosperidad social,4101,Inversión,12916249110989.0,16104573397610.184
2022,Transporte,24,Ministerio de transporte,2401,Funcionamiento,208013806000.0,259361179678.17188
2022,"Sistema integral de verdad, justicia, reparación y no repetición",44,Unidad de búsqueda de personas dadas por desaparecidas en el contexto y en razón del conflicto armado (ubpd),4403,Funcionamiento,82806200000.0,103246578338.49084
2022,"Sistema integral de verdad, justicia, reparación y no repetición",44,"Comisión para el esclarecimiento de la verdad, la  convivencia y la no repetición en liquidación",4402,Inversión,28892914204.0,36025014187.229706
2022,"Sistema integral de verdad, justicia, reparación y no repetición",44,"Comisión para el esclarecimiento de la verdad, la  convivencia y la no repetición en liquidación",4402,Funcionamiento,52107085796.0,64969510925.838615
2022,"Sistema integral de verdad, justicia, reparación y no repetición",44,Jurisdicción especial para la paz,4401,Inversión,156074504821.0,194600870329.0641
2022,"Sistema integral de verdad, justicia, reparación y no repetición",44,Jurisdicción especial para la paz,4401,Deuda,374778624.0,467291224.1161629
2022,"Sistema integral de verdad, justicia, reparación y no repetición",44,Jurisdicción especial para la paz,4401,Funcionamiento,218449000000.0,272372259462.03287
2022,Deporte y recreación,43,Ministerio del deporte,4301,Inversión,830298752890.0,1035254669754.3014
2022,Deporte y recreación,43,Ministerio del deporte,4301,Deuda,92488165.0,115318497.56486551
2022,Deporte y recreación,43,Ministerio del deporte,4301,Funcionamiento,51585845707.0,64319604811.53678
2022,Inteligencia,42,Departamento administrativo dirección nacional de inteligencia,4201,Inversión,8000000000.0,9974767912.40181
2022,Inteligencia,42,Departamento administrativo dirección nacional de inteligencia,4201,Deuda,297559.0,371010.24565579626
2022,Inteligencia,42,Departamento administrativo dirección nacional de inteligencia,4201,Funcionamiento,100070000000.0,124771878124.25612
2022,Igualdad y equidad,46,Instituto colombiano de bienestar familiar,4602,Inversión,7120187553158.0,8877777291940.396
2022,Igualdad y equidad,46,Instituto colombiano de bienestar familiar,4602,Deuda,2402796473.0,2995917144.86408
2022,Igualdad y equidad,46,Instituto colombiano de bienestar familiar,4602,Funcionamiento,697546203527.0,869732686044.8527
2022,Inclusión social y reconciliación,41,Centro de memoria histórica,4105,Inversión,53790031750.0,67067885338.37182
2022,Inclusión social y reconciliación,41,Centro de memoria histórica,4105,Funcionamiento,13149505600.0,16395408315.353489
2022,Inclusión social y reconciliación,41,Unidad de atención y reparación integral a las víctimas,4104,Inversión,1398957293497.0,1744284290249.2944
2022,Inclusión social y reconciliación,41,Unidad de atención y reparación integral a las víctimas,4104,Deuda,408021669.0,508740181.438229
2022,Inclusión social y reconciliación,41,Unidad de atención y reparación integral a las víctimas,4104,Funcionamiento,768182000000.0,957804645560.5808
2022,Interior,37,Ministerio del interior,3701,Funcionamiento,755463999244.0,941947257329.2244
2022,Trabajo,36,Unidad administrativa especial del servicio público de empleo,3613,Inversión,15000000000.0,18702689835.75339
2022,Trabajo,36,Unidad administrativa especial del servicio público de empleo,3613,Funcionamiento,11071724000.0,13804734661.271126
2022,Trabajo,36,Unidad administrativa especial de organizaciones solidarias,3612,Inversión,21500000000.0,26807188764.579865
2022,Cultura,33,Instituto colombiano de antropología e historia,3305,Inversión,8618921131.0,10746467242.127588
2022,Cultura,33,Instituto colombiano de antropología e historia,3305,Funcionamiento,11436451730.0,14259493968.51702
2022,Cultura,33,Archivo general de la nación,3304,Inversión,20177985542.0,25158840340.156155
2022,Cultura,33,Archivo general de la nación,3304,Deuda,21948619.0,27366547.565341588
2022,Cultura,33,Archivo general de la nación,3304,Funcionamiento,15460255470.0,19276557522.46132
2022,Cultura,33,"Ministerio de las culturas, las artes y los saberes ancestrales",3301,Inversión,333719245391.0,416096502584.63654
2022,Cultura,33,"Ministerio de las culturas, las artes y los saberes ancestrales",3301,Funcionamiento,159111420260.0,198387436163.2659
2022,Ambiente y desarrollo sostenible,32,Corporación autónoma regional del sur de bolívar (csb),3239,Funcionamiento,2724580000.0,3397131644.846465
2022,Ambiente y desarrollo sostenible,32,Corporación autónoma regional del canal del dique (cardique),3238,Inversión,7000000000.0,8727921923.351583
2022,Ambiente y desarrollo sostenible,32,Corporación autónoma regional del canal del dique (cardique),3238,Deuda,1872529196.0,2334755517.412045
2022,Ambiente y desarrollo sostenible,32,Corporación autónoma regional del canal del dique (cardique),3238,Funcionamiento,2503700000.0,3121728302.7850513
2022,Ambiente y desarrollo sostenible,32,Corporación autónoma regional del guavio (corpoguavio),3237,Inversión,17206350761.0,21453669432.54416
2022,Ambiente y desarrollo sostenible,32,Corporación autónoma regional del guavio (corpoguavio),3237,Funcionamiento,788126140.0,982671916.524637
2022,Ambiente y desarrollo sostenible,32,Corporación autónoma regional de chivor (corpochivor),3236,Inversión,700000000.0,872792192.3351583
2022,Ambiente y desarrollo sostenible,32,Corporación autónoma regional de chivor (corpochivor),3236,Funcionamiento,2256100000.0,2813009235.896215
2022,Ambiente y desarrollo sostenible,32,Corporación autónoma regional de boyacá (corpoboyacá),3235,Inversión,1031852810.0,1286561537.4387052
2022,Ambiente y desarrollo sostenible,32,Corporación autónoma regional de boyacá (corpoboyacá),3235,Deuda,312515432.0,389658612.9054987
2022,Ambiente y desarrollo sostenible,32,Corporación autónoma regional de boyacá (corpoboyacá),3235,Funcionamiento,2313100000.0,2884079457.272078
2022,Ambiente y desarrollo sostenible,32,Corporación autónoma regional de santander (cas),3234,Deuda,273897000.0,341507375.8628898
2022,Ambiente y desarrollo sostenible,32,Corporación autónoma regional de santander (cas),3234,Funcionamiento,2335355936.0,2911829181.8062367
2022,Ambiente y desarrollo sostenible,32,Corporación autónoma regional del atlántico (cra),3233,Funcionamiento,2061100000.0,2569874268.031421
2022,Cultura,33,Instituto caro y cuervo,3307,Funcionamiento,8810749822.0,10985648076.085695
2022,Ambiente y desarrollo sostenible,32,Corporación autónoma regional del centro de antioquia (corantioquia),3232,Funcionamiento,2631100000.0,3280576481.79005
2022,Cultura,33,Instituto caro y cuervo,3307,Inversión,5251529173.0,6547848085.735301
2022,Organismos de control,25,Auditoría general de la republica,3401,Inversión,7712341504.0,9616102070.447989
2022,Trabajo,36,Unidad administrativa especial de organizaciones solidarias,3612,Funcionamiento,7748261000.0,9660888149.964294
2022,Trabajo,36,Servicio nacional de aprendizaje (sena),3602,Inversión,3955025032000.0,4931307097742.442
2022,Trabajo,36,Servicio nacional de aprendizaje (sena),3602,Funcionamiento,99411152000.0,123950396138.06238
2022,Trabajo,36,Ministerio del trabajo,3601,Inversión,341039107948.0,425223243854.2309
2022,Trabajo,36,Ministerio del trabajo,3601,Deuda,864656669.0,1078093699.648179
2022,Trabajo,36,Ministerio del trabajo,3601,Funcionamiento,30223775304000.0,37684393011747.68
2022,"Comercio, industria y turismo",35,Instituto nacional de metrología - inm,3505,Inversión,18218984712.0,22716268012.72459
2022,"Comercio, industria y turismo",35,Instituto nacional de metrología - inm,3505,Deuda,417000.0,519934.77743394434
2022,"Comercio, industria y turismo",35,Instituto nacional de metrología - inm,3505,Funcionamiento,18313039000.0,22833539224.470364
2022,"Comercio, industria y turismo",35,Unidad administrativa especial junta central contadores,3504,Inversión,9003788085.0,11226337060.040466
2022,"Comercio, industria y turismo",35,Unidad administrativa especial junta central contadores,3504,Deuda,126490000.0,157713549.1549631
2022,"Comercio, industria y turismo",35,Unidad administrativa especial junta central contadores,3504,Funcionamiento,6307441000.0,7864407512.020947
2022,"Comercio, industria y turismo",35,Superintendencia de industria y comercio,3503,Inversión,143447151920.0,178856506012.13046
2022,"Comercio, industria y turismo",35,Superintendencia de industria y comercio,3503,Deuda,23885000.0,29780916.448464654
2022,"Comercio, industria y turismo",35,Superintendencia de industria y comercio,3503,Funcionamiento,117548595833.0,146564995232.86218
2022,"Comercio, industria y turismo",35,Superintendencia de sociedades,3502,Inversión,29035015348.0,36202192428.66556
2022,"Comercio, industria y turismo",35,Superintendencia de sociedades,3502,Deuda,229953000.0,286715975.72006667
2022,"Sistema integral de verdad, justicia, reparación y no repetición",44,Unidad de búsqueda de personas dadas por desaparecidas en el contexto y en razón del conflicto armado (ubpd),4403,Inversión,59296278250.0,73933326701.61867
2022,"Comercio, industria y turismo",35,"Ministerio de comercio, industria y turismo",3501,Inversión,260552206904.0,324868474116.4371
2022,"Comercio, industria y turismo",35,"Ministerio de comercio, industria y turismo",3501,Deuda,569462000.0,710031410.6165199
2022,"Comercio, industria y turismo",35,"Ministerio de comercio, industria y turismo",3501,Funcionamiento,384122399000.0,478941472497.5006
2022,Organismos de control,25,Auditoría general de la republica,3401,Funcionamiento,41136738000.0,51291176777.91003
2022,Tecnologías de la información y las comunicaciones,23,Corporación agencia nacional de gobierno digital - and,2312,Inversión,37760739000.0,47081825965.72245
2022,"Comercio, industria y turismo",35,Superintendencia de sociedades,3502,Funcionamiento,138517728000.0,172710273569.1502
2022,Tecnologías de la información y las comunicaciones,23,Computadores para educar cpe,2311,Inversión,140000000000.0,174558438467.03168
2022,Hacienda,13,Superintendencia de la economía solidaria,1309,Inversión,50289056103.0,62702707895.14735
2022,Hacienda,13,Superintendencia de la economía solidaria,1309,Deuda,8861530.0,11048963.137348251
2022,Hacienda,13,Superintendencia de la economía solidaria,1309,Funcionamiento,18071000000.0,22531753868.126637
2022,Hacienda,13,Unidad administrativa especial contaduría general de la nación,1308,Inversión,10200000000.0,12717829088.312307
2022,Hacienda,13,Unidad administrativa especial contaduría general de la nación,1308,Funcionamiento,15328000000.0,19111655320.161865
2022,Hacienda,13,Ministerio de hacienda y crédito público,1301,Inversión,3369939416787.0,4201795445163.1294
2022,Hacienda,13,Ministerio de hacienda y crédito público,1301,Deuda,19195380.0,23933682.561294932
2022,Hacienda,13,Ministerio de hacienda y crédito público,1301,Funcionamiento,19440686670307.0,24239542199254.48
2022,Justicia y del derecho,12,Unidad de servicios penitenciarios y carcelarios - uspec,1211,Inversión,412212146936.0,513965062044.9341
2022,Hacienda,13,Unidad administrativa especial dirección de impuestos y aduanas nacionales,1310,Funcionamiento,1737495000000.0,2166388671744.8228
2022,Justicia y del derecho,12,Unidad de servicios penitenciarios y carcelarios - uspec,1211,Deuda,728504435.0,908332832.7850512
2022,Justicia y del derecho,12,Unidad administrativa especial agencia nacional de defensa jurídica del estado,1210,Inversión,13983495196.0,17435264898.035706
2022,Justicia y del derecho,12,Unidad administrativa especial agencia nacional de defensa jurídica del estado,1210,Deuda,53618616.0,66854156.29802428
2022,Justicia y del derecho,12,Unidad administrativa especial agencia nacional de defensa jurídica del estado,1210,Funcionamiento,106083653047.0,132269977305.44775
2022,Justicia y del derecho,12,Instituto nacional penitenciario y carcelario - inpec,1208,Inversión,2150000000.0,2680718876.4579864
2022,Justicia y del derecho,12,Instituto nacional penitenciario y carcelario - inpec,1208,Deuda,4451053953.0,5549778768.344204
2022,Justicia y del derecho,12,Instituto nacional penitenciario y carcelario - inpec,1208,Funcionamiento,1525793300000.0,1902429256224.7085
2022,Justicia y del derecho,12,Superintendencia de notariado y registro,1204,Inversión,232161939578.0,289470183172.95026
2022,Justicia y del derecho,12,Superintendencia de notariado y registro,1204,Funcionamiento,404735990805.0,504643446759.48346
2022,Justicia y del derecho,12,Ministerio de justicia y del derecho,1201,Inversión,52493974190.0,65451901168.1076
2022,Justicia y del derecho,12,Unidad de servicios penitenciarios y carcelarios - uspec,1211,Funcionamiento,1067659123000.0,1331206495185.432
2022,Hacienda,13,Unidad administrativa especial dirección de impuestos y aduanas nacionales,1310,Deuda,55361903794.0,69027767691.7334
2022,Hacienda,13,Unidad administrativa especial dirección de impuestos y aduanas nacionales,1310,Inversión,89911344626.0,112105599417.04073
2022,Hacienda,13,Unidad de información y análisis financiero,1312,Funcionamiento,10480000000.0,13066945965.24637
2022,Defensa y policía,15,"Defensa civil colombiana, guillermo león valencia",1508,Deuda,63629470.0,79336149.4548917
2022,Defensa y policía,15,"Defensa civil colombiana, guillermo león valencia",1508,Funcionamiento,35991000000.0,44875233991.90669
2022,Defensa y policía,15,Instituto casas fiscales del ejército,1507,Inversión,16777000000.0,20918335158.295647
2022,Defensa y policía,15,Instituto casas fiscales del ejército,1507,Deuda,8609062.0,10734174.42418472
2022,Defensa y policía,15,Instituto casas fiscales del ejército,1507,Funcionamiento,28791000000.0,35897942870.74506
2022,Defensa y policía,15,Caja de retiro de las fuerzas militares,1503,Inversión,10030000000.0,12505865270.173767
2022,Defensa y policía,15,Caja de retiro de las fuerzas militares,1503,Deuda,4050467755.0,5050309474.099024
2022,Defensa y policía,15,Caja de retiro de las fuerzas militares,1503,Funcionamiento,4763507000000.0,5939359596762.676
2022,Defensa y policía,15,Ministerio de defensa nacional,1501,Inversión,1429689259648.0,1782602318980.296
2022,Defensa y policía,15,Ministerio de defensa nacional,1501,Deuda,896150000000.0,1117361033087.36
2022,Defensa y policía,15,Ministerio de defensa nacional,1501,Funcionamiento,15715101105000.0,19594310780288.027
2022,Servicio de la deuda pública nacional,14,Servicio de la deuda pública nacional,1401,Deuda,68409158374274.0,85295684733265.23
2022,Hacienda,13,Fondo adaptación,1315,Inversión,606088008885.0,755698402889.7001
2022,Hacienda,13,Fondo adaptación,1315,Funcionamiento,30590129312.0,38141180037.194954
2022,Hacienda,13,Unidad administrativa especial de gestión  pensional y contribuciones parafiscales de la protección social (ugppp),1314,Inversión,7888655374.0,9835938312.071411
2022,Hacienda,13,Unidad administrativa especial de gestión  pensional y contribuciones parafiscales de la protección social (ugppp),1314,Deuda,9225000000.0,11502154248.988337
2022,Hacienda,13,Unidad administrativa especial de gestión  pensional y contribuciones parafiscales de la protección social (ugppp),1314,Funcionamiento,199420000000.0,248646027136.39612
2022,Hacienda,13,Superintendencia financiera de colombia,1313,Inversión,31118188721.0,38799588793.286835
2022,Hacienda,13,Superintendencia financiera de colombia,1313,Deuda,44538443.0,55532579.01309212
2022,Hacienda,13,Superintendencia financiera de colombia,1313,Funcionamiento,258484000000.0,322289738633.6587
2022,Hacienda,13,Unidad de información y análisis financiero,1312,Inversión,5000000000.0,6234229945.251131
2022,Justicia y del derecho,12,Ministerio de justicia y del derecho,1201,Deuda,367264723.0,457922546.79219234
2022,Defensa y policía,15,"Defensa civil colombiana, guillermo león valencia",1508,Inversión,10600000000.0,13216567483.932398
2022,Justicia y del derecho,12,Ministerio de justicia y del derecho,1201,Funcionamiento,126459256834.0,157675217161.7453
2022,Relaciones exteriores,11,Unidad administrativa especial migración colombia,1104,Deuda,102978963.0,128398906.97310165
2022,Presidencia de la república,2,Agencia de renovación del territorio – art,214,Inversión,46609100000.0,58114369388.2409
2022,Presidencia de la república,2,Agencia de renovación del territorio – art,214,Deuda,44122177.0,55013559.420614146
2022,Presidencia de la república,2,Agencia de renovación del territorio – art,214,Funcionamiento,56683000000.0,70674971197.33397
2022,Presidencia de la república,2,Agencia nacional inmobiliaria virgilio barco vargas,213,Inversión,62000000000.0,77304451321.11403
2022,Presidencia de la república,2,Agencia nacional inmobiliaria virgilio barco vargas,213,Funcionamiento,6348000000.0,7914978338.490836
2022,Presidencia de la república,2,Agencia para la reincorporación y la normalización - arn,212,Inversión,3000000000.0,3740537967.1506786
2022,Presidencia de la república,2,Agencia para la reincorporación y la normalización - arn,212,Deuda,14026149.0,17488447.62247084
2022,Presidencia de la república,2,Agencia para la reincorporación y la normalización - arn,212,Funcionamiento,244433000000.0,304770305641.5139
2022,Presidencia de la república,2,Unidad nacional para la gestión del riesgo de desastres,211,Inversión,79300000000.0,98874886931.68294
2022,Planeación,3,Departamento administrativo nacional de planeación,301,Funcionamiento,107651658000.0,134225037991.9067
2022,Presidencia de la república,2,Unidad nacional para la gestión del riesgo de desastres,211,Deuda,167403757.0,208726702.96738872
2022,Presidencia de la república,2,"Agencia presidencial de cooperación internacional de colombia, apc - colombia",209,Inversión,190890546439.0,238011112175.0731
2022,Presidencia de la república,2,"Agencia presidencial de cooperación internacional de colombia, apc - colombia",209,Deuda,9791614.0,12208634.64222804
2022,Presidencia de la república,2,"Agencia presidencial de cooperación internacional de colombia, apc - colombia",209,Funcionamiento,30006000000.0,37412860747.441086
2022,Presidencia de la república,2,Presidencia de la república,201,Inversión,74988144651.0,93498667384.41753
2022,Presidencia de la república,2,Presidencia de la república,201,Deuda,325104296.0,405354987.4905975
2022,Presidencia de la república,2,Presidencia de la república,201,Funcionamiento,262288000000.0,327032740776.00574
2022,Congreso de la república,1,Congreso de la república,101,Inversión,209033450966.0,260632519914.28424
2022,Congreso de la república,1,Congreso de la república,101,Deuda,4764294351.0,5940341302.199
2022,Congreso de la república,1,Congreso de la república,101,Funcionamiento,662614000000.0,826177608188.5266
2022,Presidencia de la república,2,Unidad nacional para la gestión del riesgo de desastres,211,Funcionamiento,659664000000.0,822499412520.8284
2022,Planeación,3,Departamento administrativo nacional de planeación,301,Deuda,9612165714.0,11984890266.587004
2022,Planeación,3,Departamento administrativo nacional de planeación,301,Inversión,1692816424373.0,2110681368927.8208
2022,Planeación,3,Unidad administrativa especial  - agencia nacional de contratación pública - colombia compra eficiente,303,Funcionamiento,20331568000.0,25350334011.901928
2022,Relaciones exteriores,11,Unidad administrativa especial migración colombia,1104,Funcionamiento,124649000000.0,155418105689.12164
2022,Relaciones exteriores,11,Fondo rotatorio del ministerio de relaciones exteriores,1102,Inversión,30600000000.0,38153487264.93692
2022,Relaciones exteriores,11,Fondo rotatorio del ministerio de relaciones exteriores,1102,Funcionamiento,640796000000.0,798973922399.4287
2022,Relaciones exteriores,11,Ministerio de relaciones exteriores,1101,Deuda,127317729.0,158745599.73863366
2022,Relaciones exteriores,11,Ministerio de relaciones exteriores,1101,Funcionamiento,518323000000.0,646268953582.4803
2022,Empleo público,5,Escuela superior de administración pública (esap),503,Inversión,224610232870.0,280054367953.5968
2022,Empleo público,5,Escuela superior de administración pública (esap),503,Deuda,42705280.0,53246907.079266846
2022,Empleo público,5,Escuela superior de administración pública (esap),503,Funcionamiento,116704559235.0,145512611586.03427
2022,Empleo público,5,Departamento administrativo de la función pública,501,Inversión,18802547553.0,23443881000.384193
2022,Empleo público,5,Departamento administrativo de la función pública,501,Funcionamiento,28010215414.0,34924424741.37872
2022,Información estadística,4,Instituto geográfico agustín codazzi - igac,403,Inversión,314151128469.0,391698074487.175
2022,Información estadística,4,Instituto geográfico agustín codazzi - igac,403,Funcionamiento,88839000000.0,110768550821.23305
2022,Información estadística,4,Fondo rotatorio del dane,402,Inversión,30000000000.0,37405379671.50678
2022,Información estadística,4,Fondo rotatorio del dane,402,Funcionamiento,2053000000.0,2559774815.5201144
2022,Información estadística,4,Departamento administrativo nacional de estadística (dane),401,Inversión,139678286024.0,174157310686.43466
2022,Información estadística,4,Departamento administrativo nacional de estadística (dane),401,Funcionamiento,108326000000.0,135065838609.8548
2022,Planeación,3,Superintendencia de servicios públicos domiciliarios,324,Inversión,28954963274.0,36102379821.28351
2022,Planeación,3,Superintendencia de servicios públicos domiciliarios,324,Deuda,5732238157.0,7147218154.336111
2022,Planeación,3,Superintendencia de servicios públicos domiciliarios,324,Funcionamiento,499310458060.0,622563241922.9421
2022,Planeación,3,Unidad administrativa especial  - agencia nacional de contratación pública - colombia compra eficiente,303,Inversión,55826977796.0,69607643345.73863
2022,Planeación,3,Unidad administrativa especial  - agencia nacional de contratación pública - colombia compra eficiente,303,Deuda,47574657.0,59318270.26089027
2022,Relaciones exteriores,11,Unidad administrativa especial migración colombia,1104,Inversión,48578463919.0,60569862891.62628
2022,Defensa y policía,15,Club militar de oficiales,1510,Funcionamiento,49884000000.0,62197665317.78149
2022,Tecnologías de la información y las comunicaciones,23,Corporación agencia nacional de gobierno digital - and,2312,Funcionamiento,3924239000.0,4892921657.22447
2022,Defensa y policía,15,Club militar de oficiales,1510,Inversión,10000000000.0,12468459890.502262
2022,Igualdad y equidad,46,Instituto nacional para sordos (insor),4603,Inversión,6747943816.0,8413646681.315878
2022,Igualdad y equidad,46,Instituto nacional para sordos (insor),4603,Funcionamiento,5847009889.0,7290320828.036658
2022,Educación,22,Ministerio de educación nacional,2201,Inversión,4160327696271.0,5187287901230.064
2022,Educación,22,Ministerio de educación nacional,2201,Funcionamiento,43942698068799.0,54789776835127.16
2022,Minas y energía,21,Agencia nacional de minería - anm,2112,Inversión,19500000000.0,24313496786.479412
2022,Minas y energía,21,Agencia nacional de minería - anm,2112,Funcionamiento,105370929943.0,131381321361.92194
2022,Minas y energía,21,Agencia nacional de hidrocarburos - anh,2111,Inversión,311103640842.0,387898326762.76984
2022,Minas y energía,21,Agencia nacional de hidrocarburos - anh,2111,Deuda,1112621225.0,1387267311.7233992
2022,Minas y energía,21,Agencia nacional de hidrocarburos - anh,2111,Funcionamiento,603583816000.0,752576060035.2297
2022,Igualdad y equidad,46,Instituto nacional para ciegos (inci),4604,Deuda,3463614.0,4318593.22351821
2022,Minas y energía,21,Instituto de planificación y promoción de soluciones  energéticas para las zonas no interconectadas - ipse,2110,Inversión,235664588150.0,293837446496.001
2022,Minas y energía,21,Instituto de planificación y promoción de soluciones  energéticas para las zonas no interconectadas - ipse,2110,Funcionamiento,32603839733.0,40651966798.72745
2022,Minas y energía,21,Unidad de planeacion minero energética - upme,2109,Inversión,25604057345.0,31924316204.02523
2022,Minas y energía,21,Unidad de planeacion minero energética - upme,2109,Deuda,135000000.0,168324208.52178055
2022,Minas y energía,21,Unidad de planeacion minero energética - upme,2109,Funcionamiento,17614060450.0,21962020622.97072
2022,Minas y energía,21,Servicio geológico colombiano,2103,Inversión,175224120358.0,218477491653.2264
2022,Minas y energía,21,Servicio geológico colombiano,2103,Deuda,69248368.0,86342049.88907403
2022,Minas y energía,21,Servicio geológico colombiano,2103,Funcionamiento,58143760412.0,72496314457.99953
2022,Minas y energía,21,Ministerio de minas y energía,2101,Inversión,4020058357087.0,5012393638281.768
2022,Minas y energía,21,Ministerio de minas y energía,2101,Deuda,13546034685.0,16889819014.527494
2022,Minas y energía,21,Instituto de planificación y promoción de soluciones  energéticas para las zonas no interconectadas - ipse,2110,Deuda,378296525.0,471677504.8678886
2022,Igualdad y equidad,46,Instituto nacional para ciegos (inci),4604,Inversión,1638125690.0,2042490446.136634
2022,Educación,22,Escuela tecnológica instituto técnico central,2234,Funcionamiento,27593356937.0,34404666421.32968
2022,Educación,22,Escuela tecnológica instituto técnico central,2234,Inversión,12126716629.0,15120147989.217327
2022,Defensa y policía,15,Club militar de oficiales,1510,Deuda,14564306.0,18159446.519400146
2022,Tecnologías de la información y las comunicaciones,23,Computadores para educar cpe,2311,Funcionamiento,18188870000.0,22678719604.855988
2022,Tecnologías de la información y las comunicaciones,23,Agencia nacional del espectro - ane,2309,Inversión,14383428351.0,17933919948.23566
2022,Tecnologías de la información y las comunicaciones,23,Agencia nacional del espectro - ane,2309,Funcionamiento,20599022649.0,25683808768.260414
2022,Tecnologías de la información y las comunicaciones,23,Unidad administrativa especial comisión de regulación de las comunicaciones ,2308,Inversión,19885544000.0,24794210776.481792
2022,Tecnologías de la información y las comunicaciones,23,Unidad administrativa especial comisión de regulación de las comunicaciones ,2308,Deuda,5414000.0,6750424.184717924
2022,Tecnologías de la información y las comunicaciones,23,Unidad administrativa especial comisión de regulación de las comunicaciones ,2308,Funcionamiento,24571982000.0,30637477199.714355
2022,Tecnologías de la información y las comunicaciones,23,Fondo único de tecnologías de la información y las comunicaciones,2306,Inversión,1347527000000.0,1680158635086.884
2022,Tecnologías de la información y las comunicaciones,23,Fondo único de tecnologías de la información y las comunicaciones,2306,Funcionamiento,756964000000.0,943817527255.4154
2022,Tecnologías de la información y las comunicaciones,23,Ministerio de tecnologías de la información y las comunicaciones,2301,Deuda,2690573000.0,3354730153.2968345
2022,Tecnologías de la información y las comunicaciones,23,Ministerio de tecnologías de la información y las comunicaciones,2301,Funcionamiento,106793000000.0,133154423708.6408
2022,Educación,22,Unidad administrativa especial alimentación escolar,2246,Inversión,1214314677400.0,1514063384961.0093
2022,Educación,22,Unidad administrativa especial alimentación escolar,2246,Funcionamiento,14286437034.0,17812986713.66151
2022,Educación,22,"Instituto técnico nacional de comercio ""simón rodríguez"" de cali",2242,Inversión,5488530167.0,6843351824.505118
2022,Educación,22,"Instituto técnico nacional de comercio ""simón rodríguez"" de cali",2242,Funcionamiento,8375999122.0,10443580909.553917
2022,Educación,22,Instituto tolimense de formación técnica profesional,2241,Inversión,6919556404.0,8627621148.334206
2022,Educación,22,Instituto tolimense de formación técnica profesional,2241,Funcionamiento,20093790766.0,25053862421.401573
2022,Educación,22,Instituto nacional de formación técnica profesional de san juan del cesar,2239,Inversión,1982585199.0,2471978403.3234944
2022,Educación,22,Instituto nacional de formación técnica profesional de san juan del cesar,2239,Funcionamiento,6795507460.0,8472951220.061891
2022,Educación,22,Instituto nacional de formación técnica profesional de san andres y providencia,2238,Inversión,2487452756.0,3101470491.770531
2022,Educación,22,Instituto nacional de formación técnica profesional de san andres y providencia,2238,Funcionamiento,5120521896.0,6384502187.871459
2022,Minas y energía,21,Ministerio de minas y energía,2101,Funcionamiento,172995960400.0,215699319346.63177
2022,Salud y protección social,19,Fondo pasivo social de ferrocarriles nacionales de colombia ,1914,Inversión,2725700000.0,3398528112.3542013
2022,Igualdad y equidad,46,Instituto nacional para ciegos (inci),4604,Funcionamiento,5865619089.0,7313523634.416092
2022,Salud y protección social,19,Fondo pasivo social de ferrocarriles nacionales de colombia ,1914,Funcionamiento,581790026539.0,725402561059.5768
2022,Agricultura y desarrollo rural,17,Autoridad nacional de acuicultura y pesca - aunap,1715,Funcionamiento,13813872000.0,17223770896.453228
2022,Agricultura y desarrollo rural,17,Instituto colombiano agropecuario (ica),1702,Inversión,168504101838.0,210098663515.22116
2022,Agricultura y desarrollo rural,17,Instituto colombiano agropecuario (ica),1702,Funcionamiento,179502990022.0,223812583131.45343
2022,Agricultura y desarrollo rural,17,Ministerio de agricultura y desarrollo rural,1701,Inversión,895297499365.0,1116298096089.9478
2022,Agricultura y desarrollo rural,17,Ministerio de agricultura y desarrollo rural,1701,Deuda,1366834000.0,1704231490.597477
2022,Agricultura y desarrollo rural,17,Ministerio de agricultura y desarrollo rural,1701,Funcionamiento,390172346000.0,486484824648.41705
2022,Defensa y policía,15,Policía nacional,1601,Inversión,483937533928.0,603395573128.9845
2022,Defensa y policía,15,Policía nacional,1601,Deuda,319546746143.0,398425578742.4504
2022,Defensa y policía,15,Unidad administrativa especial de la justicia penal militar y policial,1521,Funcionamiento,76399000000.0,95257786717.44824
2022,Defensa y policía,15,Agencia logística de las fuerzas militares,1520,Inversión,7170000000.0,8939885741.490122
2022,Defensa y policía,15,Agencia logística de las fuerzas militares,1520,Funcionamiento,419830253857.0,523463668103.5387
2022,Defensa y policía,15,Hospital militar,1519,Inversión,18500000000.0,23066650797.429184
2022,Defensa y policía,15,Hospital militar,1519,Deuda,340476799.0,424522131.19781005
2022,Defensa y policía,15,Hospital militar,1519,Funcionamiento,403272000000.0,502818075696.2628
2022,Defensa y policía,15,Superintendencia de vigilancia y seguridad privada,1516,Inversión,10115490000.0,12612458133.777672
2022,Defensa y policía,15,Superintendencia de vigilancia y seguridad privada,1516,Funcionamiento,22385000000.0,27910647464.889313
2022,Defensa y policía,15,Fondo rotatorio de la policía,1512,Inversión,2500000000.0,3117114972.6255655
2022,Defensa y policía,15,Fondo rotatorio de la policía,1512,Funcionamiento,429290000000.0,535258514639.3716
2022,Defensa y policía,15,Caja de sueldos de retiro de la policía nacional,1511,Inversión,8000000000.0,9974767912.40181
2022,Defensa y policía,15,Caja de sueldos de retiro de la policía nacional,1511,Deuda,4970772083.0,6197787234.171388
2022,Salud y protección social,19,Fondo pasivo social de ferrocarriles nacionales de colombia ,1914,Deuda,110515461.0,137795759.2758867
2022,Agricultura y desarrollo rural,17,Autoridad nacional de acuicultura y pesca - aunap,1715,Inversión,51051606291.0,63653490538.50465
2022,Agricultura y desarrollo rural,17,Unidad administrativa especial de gestión de restitución de tierras despojadas,1716,Funcionamiento,61657552000.0,76877471405.85576
2022,Defensa y policía,15,Policía nacional,1601,Funcionamiento,11763704000000.0,14667527148774.102
2022,Defensa y policía,15,Caja de sueldos de retiro de la policía nacional,1511,Funcionamiento,4694663000000.0,5853521731492.502
2022,Agricultura y desarrollo rural,17,Unidad administrativa especial de gestión de restitución de tierras despojadas,1716,Deuda,1151593000.0,1435859113.0683172
2022,Salud y protección social,19,Fondo de previsión social del congreso ,1913,Deuda,379304447.0,472934228.3708641
2022,Salud y protección social,19,Fondo de previsión social del congreso ,1913,Funcionamiento,319707438227.0,398625937022.8579
2022,Salud y protección social,19,Instituto nacional de vigilancia de medicamentos y alimentos - invima,1912,Inversión,89000000000.0,110969293025.47014
2022,Salud y protección social,19,Instituto nacional de vigilancia de medicamentos y alimentos - invima,1912,Deuda,1051442988.0,1310987472.3027852
2022,Salud y protección social,19,Instituto nacional de vigilancia de medicamentos y alimentos - invima,1912,Funcionamiento,140711342000.0,175445372386.57465
2022,Salud y protección social,19,Superintendencia nacional de salud,1910,Inversión,63000000000.0,78551297310.16425
2022,Salud y protección social,19,Superintendencia nacional de salud,1910,Deuda,1531136833.0,1909091818.913116
2022,Salud y protección social,19,Superintendencia nacional de salud,1910,Funcionamiento,191932060000.0,239309719181.14737
2022,Salud y protección social,19,Instituto nacional de salud (ins),1903,Inversión,62516054788.0,77947892163.66199
2022,Salud y protección social,19,Instituto nacional de salud (ins),1903,Deuda,43048533.0,53674890.705546305
2022,Salud y protección social,19,Fondo de previsión social del congreso ,1913,Inversión,267273700.0,333249140.82361346
2022,Salud y protección social,19,Ministerio de salud y protección social,1901,Inversión,965403097201.0,1203708979561.7324
2022,Salud y protección social,19,Instituto nacional de salud (ins),1903,Funcionamiento,45338670000.0,56530338838.37182
2022,Agricultura y desarrollo rural,17,Agencia nacional de tierras - ant,1717,Funcionamiento,34197822000.0,42639417194.95358
2022,Agricultura y desarrollo rural,17,Agencia nacional de tierras - ant,1717,Deuda,2754790000.0,3434798862.1756725
2022,Agricultura y desarrollo rural,17,Agencia nacional de tierras - ant,1717,Inversión,271339022574.0,338317971969.2007
2022,Agricultura y desarrollo rural,17,Unidad administrativa especial de gestión de restitución de tierras despojadas,1716,Inversión,214981784340.0,268049175523.18973
2022,Agricultura y desarrollo rural,17,Agencia de desarrollo rural - adr,1718,Inversión,223008442170.0,278057181644.00385
2022,Salud y protección social,19,Ministerio de salud y protección social,1901,Funcionamiento,39399328056849.0,49124894158956.22
2022,Salud y protección social,19,Ministerio de salud y protección social,1901,Deuda,11390906973.0,14202706670.929304
2022,Agricultura y desarrollo rural,17,Agencia de desarrollo rural - adr,1718,Funcionamiento,37692508000.0,46996752417.04357
2023,Agricultura y desarrollo rural,17,Agencia de desarrollo rural - adr,1718,Funcionamiento,92025405455.0,105001976569.8424
2023,Agricultura y desarrollo rural,17,Unidad administrativa especial de gestión de restitución de tierras despojadas,1716,Deuda,1792002572.0,2044694192.3038044
2023,Agricultura y desarrollo rural,17,Unidad administrativa especial de gestión de restitución de tierras despojadas,1716,Funcionamiento,67968096000.0,77552327951.20532
2023,Agricultura y desarrollo rural,17,Unidad administrativa especial de gestión de restitución de tierras despojadas,1716,Inversión,354958238513.0,405011164681.4755
2023,Agricultura y desarrollo rural,17,Agencia nacional de tierras - ant,1717,Deuda,5727271596.0,6534878438.828346
2023,Agricultura y desarrollo rural,17,Agencia nacional de tierras - ant,1717,Funcionamiento,73524602259.0,83892361305.39688
2023,Agricultura y desarrollo rural,17,Autoridad nacional de acuicultura y pesca - aunap,1715,Inversión,85399734862.0,97442015220.8443
2023,Agricultura y desarrollo rural,17,Agencia nacional de tierras - ant,1717,Inversión,1776413604741.0,2026907013135.352
2023,Agricultura y desarrollo rural,17,Agencia de desarrollo rural - adr,1718,Deuda,643472807.0,734209387.8302351
2023,Agricultura y desarrollo rural,17,Agencia de desarrollo rural - adr,1718,Inversión,601453041852.0,686264384233.3958
2023,Salud y protección social,19,Instituto nacional de salud (ins),1903,Funcionamiento,47540158000.0,54243831165.55328
2023,Salud y protección social,19,Ministerio de salud y protección social,1901,Funcionamiento,48750737812721.0,55625115741293.76
2023,Salud y protección social,19,Ministerio de salud y protección social,1901,Inversión,1874068331076.0,2138332105324.445
2023,Salud y protección social,19,Instituto nacional de salud (ins),1903,Deuda,52134638.0,59486182.21986639
2023,Salud y protección social,19,Instituto nacional de salud (ins),1903,Inversión,60543072988.0,69080296901.93376
2023,Salud y protección social,19,Superintendencia nacional de salud,1910,Deuda,7713911491.0,8801655908.333864
2023,Salud y protección social,19,Superintendencia nacional de salud,1910,Funcionamiento,200767436000.0,229077802011.61777
2023,Salud y protección social,19,Superintendencia nacional de salud,1910,Inversión,76209422000.0,86955769482.13765
2023,Salud y protección social,19,Instituto nacional de vigilancia de medicamentos y alimentos - invima,1912,Deuda,2131110013.0,2431619426.68327
2023,Agricultura y desarrollo rural,17,Autoridad nacional de acuicultura y pesca - aunap,1715,Funcionamiento,44499437000.0,50774335827.621254
2023,Salud y protección social,19,Ministerio de salud y protección social,1901,Deuda,7821129220.0,8923992489.331976
2023,Agricultura y desarrollo rural,17,Autoridad nacional de acuicultura y pesca - aunap,1715,Deuda,18421039.0,21018603.459628228
2023,Defensa y policía,15,Fondo rotatorio de la policía,1512,Deuda,137624184.0,157030672.9143189
2023,Agricultura y desarrollo rural,17,Instituto colombiano agropecuario (ica),1702,Funcionamiento,197761043000.0,225647475290.58957
2023,Salud y protección social,19,Instituto nacional de vigilancia de medicamentos y alimentos - invima,1912,Funcionamiento,146612230000.0,167286129989.8344
2023,Defensa y policía,15,Fondo rotatorio de la policía,1512,Funcionamiento,374807000000.0,427658814841.7077
2023,Defensa y policía,15,Fondo rotatorio de la policía,1512,Inversión,1580000000.0,1802796979.3784487
2023,Defensa y policía,15,Superintendencia de vigilancia y seguridad privada,1516,Funcionamiento,23890000000.0,27258746732.50072
2023,Defensa y policía,15,Superintendencia de vigilancia y seguridad privada,1516,Inversión,5480000000.0,6252738890.502467
2023,Defensa y policía,15,Hospital militar,1519,Deuda,1063102049.0,1213010862.4735694
2023,Defensa y policía,15,Hospital militar,1519,Funcionamiento,447201000000.0,510261146819.634
2023,Defensa y policía,15,Hospital militar,1519,Inversión,15000000000.0,17115161196.630842
2023,Defensa y policía,15,Agencia logística de las fuerzas militares,1520,Deuda,513836893.0,586293416.8313969
2023,Defensa y policía,15,Agencia logística de las fuerzas militares,1520,Funcionamiento,464554000000.0,530061106302.64294
2023,Defensa y policía,15,Agencia logística de las fuerzas militares,1520,Inversión,7660000000.0,8740142317.74615
2023,Defensa y policía,15,Unidad administrativa especial de la justicia penal militar y policial,1521,Deuda,92960146.0,106068525.57682252
2023,Defensa y policía,15,Unidad administrativa especial de la justicia penal militar y policial,1521,Funcionamiento,100492000000.0,114662451931.45512
2023,Defensa y policía,15,Unidad administrativa especial de la justicia penal militar y policial,1521,Inversión,5000000000.0,5705053732.21028
2023,Defensa y policía,16,Policía nacional,1601,Deuda,502453975301.0,573305385410.9724
2023,Defensa y policía,16,Policía nacional,1601,Funcionamiento,12834627000000.0,14644447333575.367
2023,Defensa y policía,16,Policía nacional,1601,Inversión,252573000000.0,288188507261.10944
2023,Agricultura y desarrollo rural,17,Ministerio de agricultura y desarrollo rural,1701,Deuda,1775546272.0,2025917377.15713
2023,Agricultura y desarrollo rural,17,Ministerio de agricultura y desarrollo rural,1701,Funcionamiento,455249360800.0,519444412983.67694
2023,Agricultura y desarrollo rural,17,Ministerio de agricultura y desarrollo rural,1701,Inversión,1370646151000.0,1563921987860.4412
2023,Agricultura y desarrollo rural,17,Instituto colombiano agropecuario (ica),1702,Deuda,333288686.0,380285972.39355206
2023,Agricultura y desarrollo rural,17,Instituto colombiano agropecuario (ica),1702,Inversión,255728763253.0,291789267046.0094
2023,Salud y protección social,19,Instituto nacional de vigilancia de medicamentos y alimentos - invima,1912,Inversión,100000000000.0,114101074644.2056
2023,Tecnologías de la información y las comunicaciones,23,Fondo único de tecnologías de la información y las comunicaciones,2306,Inversión,1303511013887.0,1487320074950.6472
2023,Salud y protección social,19,Fondo de previsión social del congreso ,1913,Funcionamiento,352628314000.0,402352695773.7438
2023,Igualdad y equidad,46,Instituto nacional para ciegos (inci),4604,Inversión,2220725122.0,2533871229.095846
2023,Educación,22,Escuela tecnológica instituto técnico central,2234,Funcionamiento,30358755781.0,34639666594.730896
2023,Educación,22,Escuela tecnológica instituto técnico central,2234,Inversión,12706188089.0,14497897155.863052
2023,Educación,22,Instituto nacional de formación técnica profesional de san andres y providencia,2238,Funcionamiento,5990057265.0,6834719711.168311
2023,Educación,22,Instituto nacional de formación técnica profesional de san andres y providencia,2238,Inversión,3920769001.0,4473639564.457885
2023,Educación,22,Instituto nacional de formación técnica profesional de san juan del cesar,2239,Funcionamiento,7439470648.0,8488515957.208247
2023,Educación,22,Instituto nacional de formación técnica profesional de san juan del cesar,2239,Inversión,4356973854.0,4971353989.3810625
2023,Educación,22,Instituto tolimense de formación técnica profesional,2241,Funcionamiento,21573829553.0,24615971361.88222
2023,Educación,22,Instituto tolimense de formación técnica profesional,2241,Inversión,8392600064.0,9576046863.614288
2023,Igualdad y equidad,46,Instituto nacional para ciegos (inci),4604,Funcionamiento,6271251547.0,7155565408.76837
2023,Educación,22,"Instituto técnico nacional de comercio ""simón rodríguez"" de cali",2242,Funcionamiento,10661947952.0,12165397191.237871
2023,Educación,22,Unidad administrativa especial alimentación escolar,2246,Funcionamiento,13787917107.0,15732161590.139263
2023,Educación,22,Unidad administrativa especial alimentación escolar,2246,Inversión,1567531424979.0,1788570201286.6687
2023,Educación,22,Entes autónomos universitarios estatales - universidades públicas,2257,Funcionamiento,4975672412404.0,5677295693328.234
2023,Educación,22,Entes autónomos universitarios estatales - universidades públicas,2257,Inversión,108495271344.0,123794270541.65086
2023,Tecnologías de la información y las comunicaciones,23,Ministerio de tecnologías de la información y las comunicaciones,2301,Deuda,6820218690.0,7781942818.374962
2023,Tecnologías de la información y las comunicaciones,23,Ministerio de tecnologías de la información y las comunicaciones,2301,Funcionamiento,108200203899.0,123457595415.98068
2023,Tecnologías de la información y las comunicaciones,23,Fondo único de tecnologías de la información y las comunicaciones,2306,Deuda,8003324468.0,9131879225.250652
2023,Tecnologías de la información y las comunicaciones,23,Fondo único de tecnologías de la información y las comunicaciones,2306,Funcionamiento,851114307679.0,971130571512.3296
2023,Defensa y policía,15,Caja de sueldos de retiro de la policía nacional,1511,Inversión,10488000000.0,11966920708.684284
2023,Educación,22,"Instituto técnico nacional de comercio ""simón rodríguez"" de cali",2242,Inversión,6568771785.0,7495039197.610368
2023,Igualdad y equidad,46,Instituto nacional para ciegos (inci),4604,Deuda,3538067.0,4036972.468632006
2023,Igualdad y equidad,46,Instituto nacional para sordos (insor),4603,Inversión,7537852834.0,8600771088.692709
2023,Igualdad y equidad,46,Instituto nacional para sordos (insor),4603,Funcionamiento,6584785351.0,7513310848.505226
2023,Salud y protección social,19,Fondo de previsión social del congreso ,1913,Inversión,300000000.0,342303223.93261683
2023,Salud y protección social,19,Fondo pasivo social de ferrocarriles nacionales de colombia ,1914,Funcionamiento,663209219000.0,756728846018.4431
2023,Salud y protección social,19,Fondo pasivo social de ferrocarriles nacionales de colombia ,1914,Inversión,2500000000.0,2852526866.10514
2023,Minas y energía,21,Ministerio de minas y energía,2101,Deuda,17828185729.0,20342151506.3539
2023,Minas y energía,21,Ministerio de minas y energía,2101,Funcionamiento,181744353949.0,207372260960.97775
2023,Minas y energía,21,Ministerio de minas y energía,2101,Inversión,6562279220364.0,7487631111588.722
2023,Minas y energía,21,Servicio geológico colombiano,2103,Deuda,137392848.0,156766716.05227995
2023,Minas y energía,21,Servicio geológico colombiano,2103,Funcionamiento,66828848009.0,76252433750.6118
2023,Minas y energía,21,Servicio geológico colombiano,2103,Inversión,130638129679.0,149059509858.82993
2023,Minas y energía,21,Unidad de planeacion minero energética - upme,2109,Funcionamiento,26400000000.0,30122683706.07028
2023,Minas y energía,21,Unidad de planeacion minero energética - upme,2109,Inversión,27712000000.0,31619689805.40226
2023,Minas y energía,21,Instituto de planificación y promoción de soluciones  energéticas para las zonas no interconectadas - ipse,2110,Deuda,1065964050.0,1216276436.3708973
2023,Minas y energía,21,Instituto de planificación y promoción de soluciones  energéticas para las zonas no interconectadas - ipse,2110,Funcionamiento,27617241172.0,31511568964.334003
2023,Minas y energía,21,Instituto de planificación y promoción de soluciones  energéticas para las zonas no interconectadas - ipse,2110,Inversión,100000000000.0,114101074644.2056
2023,Minas y energía,21,Agencia nacional de hidrocarburos - anh,2111,Deuda,5801025468.0,6619032399.372058
2023,Minas y energía,21,Agencia nacional de hidrocarburos - anh,2111,Funcionamiento,1376069831287.0,1570110465353.174
2023,Minas y energía,21,Agencia nacional de hidrocarburos - anh,2111,Inversión,374873800000.0,427735034359.57007
2023,Minas y energía,21,Agencia nacional de minería - anm,2112,Funcionamiento,85838000000.0,97942080453.09322
2023,Minas y energía,21,Agencia nacional de minería - anm,2112,Inversión,49082800000.0,56004002265.46616
2023,Educación,22,Ministerio de educación nacional,2201,Funcionamiento,44570735767407.0,50855688487440.71
2023,Educación,22,Ministerio de educación nacional,2201,Inversión,5629883162065.0,6423757189129.349
2023,Salud y protección social,19,Fondo de previsión social del congreso ,1913,Deuda,1332063341.0,1519898587.022509
2023,Defensa y policía,15,Caja de sueldos de retiro de la policía nacional,1511,Funcionamiento,5354218000000.0,6109220276793.493
2023,Justicia y del derecho,12,Ministerio de justicia y del derecho,1201,Inversión,65111964844.0,74293451608.96135
2023,Defensa y policía,15,Club militar de oficiales,1510,Funcionamiento,51310000000.0,58545261399.9419
2023,Planeación,3,Unidad administrativa especial  - agencia nacional de contratación pública - colombia compra eficiente,303,Inversión,51620000000.0,58898974731.338936
2023,Planeación,3,Superintendencia de servicios públicos domiciliarios,324,Deuda,1994214415.0,2275420078.2246585
2023,Planeación,3,Superintendencia de servicios públicos domiciliarios,324,Funcionamiento,411768420000.0,469832192265.46606
2023,Planeación,3,Superintendencia de servicios públicos domiciliarios,324,Inversión,29994500000.0,34224046834.156258
2023,Información estadística,4,Departamento administrativo nacional de estadística (dane),401,Funcionamiento,120849000000.0,137890007696.77603
2023,Información estadística,4,Departamento administrativo nacional de estadística (dane),401,Inversión,250546517480.0,285876268928.31244
2023,Información estadística,4,Fondo rotatorio del dane,402,Funcionamiento,2914000000.0,3324905315.1321516
2023,Información estadística,4,Fondo rotatorio del dane,402,Inversión,24141000000.0,27545140429.857677
2023,Información estadística,4,Instituto geográfico agustín codazzi - igac,403,Funcionamiento,92031000000.0,105008360005.80888
2023,Información estadística,4,Instituto geográfico agustín codazzi - igac,403,Inversión,526844124679.0,601134807958.5975
2023,Empleo público,5,Departamento administrativo de la función pública,501,Funcionamiento,28933928030.0,33013922819.011032
2023,Empleo público,5,Departamento administrativo de la función pública,501,Inversión,19802547553.0,22594919564.902843
2023,Empleo público,5,Escuela superior de administración pública (esap),503,Deuda,53941650.0,61548002.330816135
2023,Empleo público,5,Escuela superior de administración pública (esap),503,Funcionamiento,121368223211.0,138482446960.3292
2023,Empleo público,5,Escuela superior de administración pública (esap),503,Inversión,272540521510.0,310971663883.83234
2023,Relaciones exteriores,11,Ministerio de relaciones exteriores,1101,Deuda,502337015.0,573171932.4506243
2023,Relaciones exteriores,11,Ministerio de relaciones exteriores,1101,Funcionamiento,565945000000.0,645749326895.1494
2023,Relaciones exteriores,11,Fondo rotatorio del ministerio de relaciones exteriores,1102,Deuda,3232793001.0,3688651555.163665
2023,Relaciones exteriores,11,Fondo rotatorio del ministerio de relaciones exteriores,1102,Funcionamiento,650243000000.0,741934250798.7219
2023,Relaciones exteriores,11,Fondo rotatorio del ministerio de relaciones exteriores,1102,Inversión,61361024492.0,70013588358.06621
2023,Relaciones exteriores,11,Unidad administrativa especial migración colombia,1104,Deuda,469774318.0,536017545.2404879
2023,Planeación,3,Unidad administrativa especial  - agencia nacional de contratación pública - colombia compra eficiente,303,Funcionamiento,21931428291.0,25023995364.854336
2023,Relaciones exteriores,11,Unidad administrativa especial migración colombia,1104,Funcionamiento,150031000000.0,171186983299.44812
2023,Planeación,3,Unidad administrativa especial  - agencia nacional de contratación pública - colombia compra eficiente,303,Deuda,540174373.0,616344764.5455997
2023,Planeación,3,Departamento administrativo nacional de planeación,301,Funcionamiento,111991876144.0,127783934194.51172
2023,Congreso de la república,1,Congreso de la república,101,Funcionamiento,756174000000.0,862802660180.0753
2023,Congreso de la república,1,Congreso de la república,101,Inversión,276516725483.0,315508555347.0709
2023,Presidencia de la república,2,Presidencia de la república,201,Deuda,599995030.0,684600777.0418239
2023,Presidencia de la república,2,Presidencia de la república,201,Funcionamiento,716758000000.0,817828580598.3153
2023,Presidencia de la república,2,Presidencia de la república,201,Inversión,182798853805.0,208575456628.79535
2023,Presidencia de la república,2,"Agencia presidencial de cooperación internacional de colombia, apc - colombia",209,Deuda,17522815.0,19993720.22291606
2023,Presidencia de la república,2,"Agencia presidencial de cooperación internacional de colombia, apc - colombia",209,Funcionamiento,35190000000.0,40152168167.29595
2023,Presidencia de la república,2,"Agencia presidencial de cooperación internacional de colombia, apc - colombia",209,Inversión,108769200000.0,124106826081.90527
2023,Presidencia de la república,2,Unidad nacional para la gestión del riesgo de desastres,211,Deuda,5997244590.0,6842920526.2314825
2023,Presidencia de la república,2,Unidad nacional para la gestión del riesgo de desastres,211,Funcionamiento,801525000000.0,914548638541.969
2023,Presidencia de la república,2,Unidad nacional para la gestión del riesgo de desastres,211,Inversión,50204832454.0,57284253353.33691
2023,Presidencia de la república,2,Agencia para la reincorporación y la normalización - arn,212,Deuda,165291696.0,188599601.43363345
2023,Presidencia de la república,2,Agencia para la reincorporación y la normalización - arn,212,Funcionamiento,263068000000.0,300163415045.0188
2023,Presidencia de la república,2,Agencia para la reincorporación y la normalización - arn,212,Inversión,2500000000.0,2852526866.10514
2023,Presidencia de la república,2,Agencia nacional inmobiliaria virgilio barco vargas,213,Deuda,29630952.0,33809234.65930874
2023,Presidencia de la república,2,Agencia nacional inmobiliaria virgilio barco vargas,213,Funcionamiento,6729000000.0,7677861312.808596
2023,Presidencia de la república,2,Agencia nacional inmobiliaria virgilio barco vargas,213,Inversión,66000000000.0,75306709265.1757
2023,Presidencia de la república,2,Agencia de renovación del territorio – art,214,Deuda,63040617.0,71930021.45933777
2023,Presidencia de la república,2,Agencia de renovación del territorio – art,214,Funcionamiento,61521000000.0,70196122131.86174
2023,Presidencia de la república,2,Agencia de renovación del territorio – art,214,Inversión,74209100000.0,84673380583.79318
2023,Planeación,3,Departamento administrativo nacional de planeación,301,Deuda,10636769355.0,12136668141.480536
2023,Planeación,3,Departamento administrativo nacional de planeación,301,Inversión,1350584769597.0,1541031736091.1453
2023,Defensa y policía,15,Caja de sueldos de retiro de la policía nacional,1511,Deuda,10538386019.0,12024411697.833715
2023,Relaciones exteriores,11,Unidad administrativa especial migración colombia,1104,Inversión,57030268743.0,65072149508.24149
2023,Justicia y del derecho,12,Ministerio de justicia y del derecho,1201,Funcionamiento,133464500000.0,152284428768.5158
2023,Hacienda,13,Superintendencia financiera de colombia,1313,Inversión,36126762093.0,41221023782.26851
2023,Hacienda,13,Unidad administrativa especial de gestión  pensional y contribuciones parafiscales de la protección social (ugppp),1314,Deuda,19899448355.0,22705484421.323696
2023,Hacienda,13,Unidad administrativa especial de gestión  pensional y contribuciones parafiscales de la protección social (ugppp),1314,Funcionamiento,215810000000.0,246241529189.66013
2023,Hacienda,13,Unidad administrativa especial de gestión  pensional y contribuciones parafiscales de la protección social (ugppp),1314,Inversión,8000000000.0,9128085971.53645
2023,Hacienda,13,Fondo adaptación,1315,Deuda,1600208106.0,1825854645.4896889
2023,Hacienda,13,Fondo adaptación,1315,Funcionamiento,32218000000.0,36761084228.87016
2023,Hacienda,13,Fondo adaptación,1315,Inversión,113194332843.0,129155950210.20198
2023,Servicio de la deuda pública nacional,14,Servicio de la deuda pública nacional,1401,Deuda,72280581197772.0,82472919905735.48
2023,Defensa y policía,15,Ministerio de defensa nacional,1501,Deuda,1154917435590.0,1317773205261.4912
2023,Defensa y policía,15,Ministerio de defensa nacional,1501,Funcionamiento,17443721355000.0,19903473523995.785
2023,Defensa y policía,15,Ministerio de defensa nacional,1501,Inversión,1630212645000.0,1860090146930.7288
2023,Defensa y policía,15,Caja de retiro de las fuerzas militares,1503,Deuda,6350531513.0,7246024701.95193
2023,Defensa y policía,15,Caja de retiro de las fuerzas militares,1503,Funcionamiento,5625296000000.0,6418523187917.513
2023,Defensa y policía,15,Caja de retiro de las fuerzas militares,1503,Inversión,18099000000.0,20651153499.854774
2023,Defensa y policía,15,Instituto casas fiscales del ejército,1507,Deuda,24431003.0,27876036.969358113
2023,Defensa y policía,15,Instituto casas fiscales del ejército,1507,Funcionamiento,30528000000.0,34832776067.38309
2023,Defensa y policía,15,Instituto casas fiscales del ejército,1507,Inversión,19265000000.0,21981572030.20621
2023,Defensa y policía,15,"Defensa civil colombiana, guillermo león valencia",1508,Deuda,273643598.0,312230286.0130699
2023,Defensa y policía,15,"Defensa civil colombiana, guillermo león valencia",1508,Funcionamiento,36571000000.0,41727904008.13243
2023,Defensa y policía,15,"Defensa civil colombiana, guillermo león valencia",1508,Inversión,11135000000.0,12705154661.632296
2023,Defensa y policía,15,Club militar de oficiales,1510,Deuda,162292845.0,185177880.2156549
2023,Hacienda,13,Superintendencia financiera de colombia,1313,Funcionamiento,297301000000.0,339223635927.9697
2023,Justicia y del derecho,12,Ministerio de justicia y del derecho,1201,Deuda,588595702.0,671594021.2916061
2023,Hacienda,13,Superintendencia financiera de colombia,1313,Deuda,46000000.0,52486494.33633458
2023,Hacienda,13,Unidad de información y análisis financiero,1312,Funcionamiento,19514000000.0,22265683706.07028
2023,Tecnologías de la información y las comunicaciones,23,Unidad administrativa especial comisión de regulación de las comunicaciones ,2308,Deuda,5115056.0,5836333.864652918
2023,Justicia y del derecho,12,Superintendencia de notariado y registro,1204,Deuda,11253600799.0,12840479447.82791
2023,Justicia y del derecho,12,Superintendencia de notariado y registro,1204,Funcionamiento,813021700000.0,927666496790.5896
2023,Justicia y del derecho,12,Superintendencia de notariado y registro,1204,Inversión,168485977825.0,192244311323.12296
2023,Justicia y del derecho,12,Instituto nacional penitenciario y carcelario - inpec,1208,Deuda,79608723458.0,90834408976.1118
2023,Justicia y del derecho,12,Instituto nacional penitenciario y carcelario - inpec,1208,Funcionamiento,1603888500000.0,1830054014594.8296
2023,Justicia y del derecho,12,Instituto nacional penitenciario y carcelario - inpec,1208,Inversión,3000000000.0,3423032239.3261685
2023,Justicia y del derecho,12,Unidad administrativa especial agencia nacional de defensa jurídica del estado,1210,Funcionamiento,103450100000.0,118037675820.50536
2023,Justicia y del derecho,12,Unidad administrativa especial agencia nacional de defensa jurídica del estado,1210,Inversión,15026550000.0,17145455031.94888
2023,Justicia y del derecho,12,Unidad de servicios penitenciarios y carcelarios - uspec,1211,Funcionamiento,1156857500000.0,1319986839602.091
2023,Justicia y del derecho,12,Unidad de servicios penitenciarios y carcelarios - uspec,1211,Inversión,290477231643.0,331437642901.4015
2023,Hacienda,13,Ministerio de hacienda y crédito público,1301,Deuda,177577584.0,202617931.6712169
2023,Hacienda,13,Ministerio de hacienda y crédito público,1301,Funcionamiento,41242349589218.0,47057964089817.86
2023,Hacienda,13,Ministerio de hacienda y crédito público,1301,Inversión,9945786323649.0,11348249077099.94
2023,Hacienda,13,Unidad administrativa especial contaduría general de la nación,1308,Funcionamiento,16319000000.0,18620154371.187916
2023,Hacienda,13,Unidad administrativa especial contaduría general de la nación,1308,Inversión,10062250000.0,11481135383.38658
2023,Hacienda,13,Superintendencia de la economía solidaria,1309,Deuda,83000000.0,94703891.95469068
2023,Hacienda,13,Superintendencia de la economía solidaria,1309,Funcionamiento,20770000000.0,23698793203.601505
2023,Hacienda,13,Superintendencia de la economía solidaria,1309,Inversión,44680319734.0,50980724970.96107
2023,Hacienda,13,Unidad administrativa especial dirección de impuestos y aduanas nacionales,1310,Funcionamiento,2119287000000.0,2418129241794.946
2023,Hacienda,13,Unidad administrativa especial dirección de impuestos y aduanas nacionales,1310,Inversión,112200000000.0,128021405750.79868
2023,Hacienda,13,Unidad de información y análisis financiero,1312,Inversión,5067740000.0,5782345800.174266
2023,Tecnologías de la información y las comunicaciones,23,Unidad administrativa especial comisión de regulación de las comunicaciones ,2308,Funcionamiento,26330642944.0,30043546559.8327
2023,Registraduría,28,Fondo rotatorio de la registraduría,2802,Inversión,95814056543.0,109324868175.7698
2023,Tecnologías de la información y las comunicaciones,23,Agencia nacional del espectro - ane,2309,Deuda,65970729.0,75273310.7396166
2023,Organismos de control,34,Auditoría general de la republica,3401,Inversión,12443711749.0,14198408831.236277
2023,"Comercio, industria y turismo",35,"Ministerio de comercio, industria y turismo",3501,Deuda,1015261019.0,1158423733.1227126
2023,"Comercio, industria y turismo",35,"Ministerio de comercio, industria y turismo",3501,Funcionamiento,432808042000.0,493838627068.5448
2023,"Comercio, industria y turismo",35,"Ministerio de comercio, industria y turismo",3501,Inversión,447580230533.0,510693852933.1659
2023,"Comercio, industria y turismo",35,Superintendencia de sociedades,3502,Deuda,404702587.0,461770000.8799012
2023,"Comercio, industria y turismo",35,Superintendencia de sociedades,3502,Funcionamiento,157436405832.0,179636630935.5248
2023,"Comercio, industria y turismo",35,Superintendencia de sociedades,3502,Inversión,29877992196.0,34091110177.747887
2023,"Comercio, industria y turismo",35,Superintendencia de industria y comercio,3503,Deuda,1654025235.0,1887260568.0213473
2023,"Comercio, industria y turismo",35,Superintendencia de industria y comercio,3503,Funcionamiento,139228305000.0,158860992213.91226
2023,Organismos de control,34,Auditoría general de la republica,3401,Funcionamiento,41012176000.0,46795333550.97298
2023,"Comercio, industria y turismo",35,Superintendencia de industria y comercio,3503,Inversión,146704377581.0,167391271370.01407
2023,"Comercio, industria y turismo",35,Unidad administrativa especial junta central contadores,3504,Funcionamiento,7709834904.0,8797004478.758059
2023,"Comercio, industria y turismo",35,Unidad administrativa especial junta central contadores,3504,Inversión,5900989957.0,6733092955.583647
2023,"Comercio, industria y turismo",35,Instituto nacional de metrología - inm,3505,Deuda,4928099.0,5623013.918530351
2023,"Comercio, industria y turismo",35,Instituto nacional de metrología - inm,3505,Funcionamiento,19335997000.0,22062580370.171356
2023,"Comercio, industria y turismo",35,Instituto nacional de metrología - inm,3505,Inversión,19550501074.0,22307331823.76096
2023,Trabajo,36,Ministerio del trabajo,3601,Deuda,1824996002.0,2082340050.495788
2023,Trabajo,36,Ministerio del trabajo,3601,Funcionamiento,33635025576000.0,38377925639069.41
2023,Trabajo,36,Ministerio del trabajo,3601,Inversión,360317988362.0,411126696857.4257
2023,Trabajo,36,Servicio nacional de aprendizaje (sena),3602,Funcionamiento,113731571000.0,129768944720.7377
2023,"Comercio, industria y turismo",35,Unidad administrativa especial junta central contadores,3504,Deuda,232029342.0,264747972.71187913
2023,Organismos de control,34,Auditoría general de la republica,3401,Deuda,40637565.0,46367898.374237575
2023,Cultura,33,Instituto caro y cuervo,3307,Inversión,5652026806.0,6449023324.824571
2023,Cultura,33,Instituto caro y cuervo,3307,Funcionamiento,9413477657.0,10740879168.029188
2023,Ambiente y desarrollo sostenible,32,Corporación autónoma regional de sucre (carsucre),3230,Inversión,11987095610.0,13677404909.638391
2023,Ambiente y desarrollo sostenible,32,Corporación autónoma regional del alto magdalena (cam),3231,Deuda,263760071.0,300953075.49331975
2023,Ambiente y desarrollo sostenible,32,Corporación autónoma regional del alto magdalena (cam),3231,Funcionamiento,2582137000.0,2946246065.7856517
2023,Ambiente y desarrollo sostenible,32,Corporación autónoma regional del centro de antioquia (corantioquia),3232,Deuda,6542584567.0,7465159300.452947
2023,Ambiente y desarrollo sostenible,32,Corporación autónoma regional del centro de antioquia (corantioquia),3232,Funcionamiento,2822000000.0,3219932326.459482
2023,Ambiente y desarrollo sostenible,32,Corporación autónoma regional del atlántico (cra),3233,Funcionamiento,2210571200.0,2522285494.975312
2023,Ambiente y desarrollo sostenible,32,Corporación autónoma regional de santander (cas),3234,Deuda,1335666786.0,1524010156.491722
2023,Ambiente y desarrollo sostenible,32,Corporación autónoma regional de santander (cas),3234,Funcionamiento,2502900000.0,2855835797.269822
2023,Ambiente y desarrollo sostenible,32,Corporación autónoma regional de boyacá (corpoboyacá),3235,Deuda,732565586.0,835865206.0996222
2023,Ambiente y desarrollo sostenible,32,Corporación autónoma regional de boyacá (corpoboyacá),3235,Funcionamiento,2479000000.0,2828565640.4298573
2023,Ambiente y desarrollo sostenible,32,Corporación autónoma regional de chivor (corpochivor),3236,Funcionamiento,2417000000.0,2757822974.1504498
2023,Ambiente y desarrollo sostenible,32,Corporación autónoma regional del guavio (corpoguavio),3237,Funcionamiento,840575000.0,959105108.1905314
2023,Ambiente y desarrollo sostenible,32,Corporación autónoma regional del canal del dique (cardique),3238,Deuda,506088289.0,577452176.397473
2023,Ambiente y desarrollo sostenible,32,Corporación autónoma regional del canal del dique (cardique),3238,Funcionamiento,2684429500.0,3062962907.5660753
2023,Ambiente y desarrollo sostenible,32,Corporación autónoma regional del sur de bolívar (csb),3239,Funcionamiento,2921000000.0,3332892390.357246
2023,Cultura,33,"Ministerio de las culturas, las artes y los saberes ancestrales",3301,Funcionamiento,258924476670.0,295435610397.35547
2023,Cultura,33,"Ministerio de las culturas, las artes y los saberes ancestrales",3301,Inversión,463591654576.0,528963059832.0696
2023,Cultura,33,Archivo general de la nación,3304,Funcionamiento,16555965158.0,18890534162.998253
2023,Cultura,33,Archivo general de la nación,3304,Inversión,11313625049.0,12908967762.125034
2023,Cultura,33,Instituto colombiano de antropología e historia,3305,Funcionamiento,12038204294.0,13735720467.318905
2023,Cultura,33,Instituto colombiano de antropología e historia,3305,Inversión,24087125430.0,27483668966.527733
2023,Trabajo,36,Servicio nacional de aprendizaje (sena),3602,Inversión,4710685123138.0,5374942348605.179
2023,Trabajo,36,Unidad administrativa especial de organizaciones solidarias,3612,Funcionamiento,8343573000.0,9520106456.723783
2023,Trabajo,36,Unidad administrativa especial de organizaciones solidarias,3612,Inversión,33500000000.0,38223860005.80888
2023,Trabajo,36,Unidad administrativa especial del servicio público de empleo,3613,Deuda,2609941.0,2977970.7285797265
2023,"Vivienda, ciudad y territorio",40,Fondo nacional de vivienda - fonvivienda,4002,Inversión,3828282127320.0,4368111047684.176
2023,Inclusión social y reconciliación,41,Departamento administrativo para la prosperidad social,4101,Deuda,3731140006.0,4257270843.3258777
2023,Inclusión social y reconciliación,41,Departamento administrativo para la prosperidad social,4101,Funcionamiento,212412470214.0,242364911192.4771
2023,Inclusión social y reconciliación,41,Departamento administrativo para la prosperidad social,4101,Inversión,6468380211524.0,7380491333422.024
2023,Inclusión social y reconciliación,41,Unidad de atención y reparación integral a las víctimas,4104,Funcionamiento,1041519000000.0,1188384371623.5835
2023,Inclusión social y reconciliación,41,Unidad de atención y reparación integral a las víctimas,4104,Inversión,1700174329245.0,1939917180493.4597
2023,Inclusión social y reconciliación,41,Centro de memoria histórica,4105,Deuda,9568491.0,10917751.058234096
2023,Inclusión social y reconciliación,41,Centro de memoria histórica,4105,Funcionamiento,14120185167.0,16111283017.29872
2023,Inclusión social y reconciliación,41,Centro de memoria histórica,4105,Inversión,34464775047.0,39324678702.33502
2023,Inclusión social y reconciliación,41,Instituto colombiano de bienestar familiar,4106,Deuda,6888371925.0,7859706391.914753
2023,Inclusión social y reconciliación,41,Instituto colombiano de bienestar familiar,4106,Funcionamiento,799866090000.0,912655804404.5887
2023,Inclusión social y reconciliación,41,Instituto colombiano de bienestar familiar,4106,Inversión,8271674683499.0,9438069704945.053
2023,Inteligencia,42,Departamento administrativo dirección nacional de inteligencia,4201,Deuda,35602626.0,40622978.867557354
2023,Inteligencia,42,Departamento administrativo dirección nacional de inteligencia,4201,Funcionamiento,114794000000.0,130981187627.0694
2023,Inteligencia,42,Departamento administrativo dirección nacional de inteligencia,4201,Inversión,29000000000.0,33089311646.819626
2023,Deporte y recreación,43,Ministerio del deporte,4301,Deuda,335880238.0,383242961.07551545
2023,Deporte y recreación,43,Ministerio del deporte,4301,Funcionamiento,54718743554.0,62434674426.92099
2023,Deporte y recreación,43,Ministerio del deporte,4301,Inversión,891709127023.0,1017449696633.7076
2023,"Sistema integral de verdad, justicia, reparación y no repetición",44,Jurisdicción especial para la paz,4401,Funcionamiento,390544544563.0,445615522310.7015
2023,"Sistema integral de verdad, justicia, reparación y no repetición",44,Jurisdicción especial para la paz,4401,Inversión,177667270465.0,202720264891.59232
2023,"Sistema integral de verdad, justicia, reparación y no repetición",44,"Comisión para el esclarecimiento de la verdad, la  convivencia y la no repetición en liquidación",4402,Funcionamiento,2000000000.0,2282021492.8841124
2023,"Vivienda, ciudad y territorio",40,Fondo nacional de vivienda - fonvivienda,4002,Funcionamiento,8011510724.0,9141219831.319778
2023,Ambiente y desarrollo sostenible,32,Corporación autónoma regional de sucre (carsucre),3230,Funcionamiento,2731000000.0,3116100348.533255
2023,"Vivienda, ciudad y territorio",40,Fondo nacional de vivienda - fonvivienda,4002,Deuda,586091139.0,668736287.9934648
2023,"Vivienda, ciudad y territorio",40,"Ministerio de vivienda, ciudad y territorio",4001,Funcionamiento,2933953314840.0,3347672261791.7334
2023,Trabajo,36,Unidad administrativa especial del servicio público de empleo,3613,Funcionamiento,12283929000.0,14016094997.53122
2023,Trabajo,36,Unidad administrativa especial del servicio público de empleo,3613,Inversión,16000000000.0,18256171943.0729
2023,Interior,37,Ministerio del interior,3701,Deuda,8069089670.0,9206918027.474585
2023,Interior,37,Ministerio del interior,3701,Funcionamiento,650202100000.0,741887583459.1924
2023,Interior,37,Ministerio del interior,3701,Inversión,355539307330.0,405674170446.0949
2023,Interior,37,Dirección nacional del derecho de autor,3703,Funcionamiento,4598400000.0,5246823816.439151
2023,Interior,37,Dirección nacional del derecho de autor,3703,Inversión,927077331.0,1057805197.4538192
2023,Interior,37,Corporación nacional para la reconstrucción de la cuenca del rio páez y zonas aledañas nasa ki we,3704,Funcionamiento,3606100000.0,4114598852.7446985
2023,Interior,37,Corporación nacional para la reconstrucción de la cuenca del rio páez y zonas aledañas nasa ki we,3704,Inversión,18000000000.0,20538193435.957012
2023,Interior,37,Unidad nacional de protección - unp,3708,Deuda,8488568144.0,9685547474.2097
2023,Interior,37,Unidad nacional de protección - unp,3708,Funcionamiento,1952953300000.0,2228340702599.4766
2023,Interior,37,Unidad nacional de protección - unp,3708,Inversión,5000000000.0,5705053732.21028
2023,Interior,37,Dirección nacional de bomberos,3709,Funcionamiento,6188036000.0,7060615575.370316
2023,Interior,37,Dirección nacional de bomberos,3709,Inversión,85460500000.0,97511348896.31134
2023,Empleo público,38,Comisión nacional del servicio civil,3801,Deuda,238330949.0,271938174.0187336
2023,Empleo público,38,Comisión nacional del servicio civil,3801,Funcionamiento,30980694686.0,35349305568.9663
2023,Empleo público,38,Comisión nacional del servicio civil,3801,Inversión,100637217962.0,114828147186.67352
2023,"Ciencia, tecnología e innovación",39,"Ministerio de ciencia, tecnología e innovación",3901,Deuda,124298017.0,141825373.15843737
2023,"Ciencia, tecnología e innovación",39,"Ministerio de ciencia, tecnología e innovación",3901,Funcionamiento,27224997000.0,31064014148.852737
2023,"Ciencia, tecnología e innovación",39,"Ministerio de ciencia, tecnología e innovación",3901,Inversión,457611289945.0,522139399520.4566
2023,"Vivienda, ciudad y territorio",40,"Ministerio de vivienda, ciudad y territorio",4001,Deuda,1456593745.0,1661989116.24528
2023,"Vivienda, ciudad y territorio",40,"Ministerio de vivienda, ciudad y territorio",4001,Inversión,1160133120616.0,1323724357926.214
2023,Tecnologías de la información y las comunicaciones,23,Unidad administrativa especial comisión de regulación de las comunicaciones ,2308,Inversión,20951894000.0,23906336212.31484
2023,Ambiente y desarrollo sostenible,32,Corporación autónoma regional de la orinoquia (corporinoquia),3229,Funcionamiento,2330000000.0,2658555039.209991
2023,Ambiente y desarrollo sostenible,32,Corporación  para el desarrollo sostenible de la mojana y el san jorge (corpomojana),3228,Funcionamiento,2469540920.0,2817772728.498402
2023,Transporte,24,Superintendencia de puertos y transporte,2417,Funcionamiento,48336328000.0,55152269691.54806
2023,Transporte,24,Superintendencia de puertos y transporte,2417,Inversión,17460259545.0,19922343776.51249
2023,Organismos de control,25,Procuraduría general de la nación,2501,Deuda,15575907408.0,17772277738.114433
2023,Organismos de control,25,Procuraduría general de la nación,2501,Funcionamiento,913335294144.0,1042125385723.1204
2023,Organismos de control,25,Procuraduría general de la nación,2501,Inversión,143976982162.0,164279283887.1382
2023,Organismos de control,25,Defensoría del pueblo,2502,Deuda,617650780.0,704746177.5283182
2023,Organismos de control,25,Defensoría del pueblo,2502,Funcionamiento,1179131685193.0,1345401924275.5444
2023,Organismos de control,25,Defensoría del pueblo,2502,Inversión,156422038766.0,178479227212.3819
2023,Organismos de control,26,Contraloría general de la república,2601,Deuda,910163459.0,1038506287.7378738
2023,Transporte,24,Superintendencia de puertos y transporte,2417,Deuda,916064089.0,1045238969.978652
2023,Organismos de control,26,Contraloría general de la república,2601,Funcionamiento,1116866840000.0,1274357066784.7805
2023,Organismos de control,26,Fondo de bienestar social de la contraloría general de la república,2602,Deuda,25853389.0,29498994.68094684
2023,Organismos de control,26,Fondo de bienestar social de la contraloría general de la república,2602,Funcionamiento,139839000000.0,159557801771.7107
2023,Rama judicial,27,Rama judicial,2701,Deuda,299861734813.0,342145461868.391
2023,Rama judicial,27,Rama judicial,2701,Funcionamiento,6017412500000.0,6865932328274.759
2023,Rama judicial,27,Rama judicial,2701,Inversión,726909850000.0,829411950544.583
2023,Registraduría,28,Registraduría nacional del estado civil,2801,Deuda,1270609647.0,1449779261.7599475
2023,Registraduría,28,Registraduría nacional del estado civil,2801,Funcionamiento,2082236694425.0,2375854444974.9087
2023,Registraduría,28,Registraduría nacional del estado civil,2801,Inversión,99551229555.0,113589022743.77502
2023,Registraduría,28,Fondo rotatorio de la registraduría,2802,Funcionamiento,63578386594.0,72543622345.20155
2023,Organismos de control,26,Contraloría general de la república,2601,Inversión,268776150113.0,306676475666.2563
2023,Transporte,24,Agencia nacional de seguridad vial,2416,Inversión,147204000000.0,167961345919.25644
2023,Transporte,24,Agencia nacional de seguridad vial,2416,Funcionamiento,25161680352.0,28709747680.171936
2023,Transporte,24,Agencia nacional de seguridad vial,2416,Deuda,68454648.0,78107489.0119082
2023,Tecnologías de la información y las comunicaciones,23,Agencia nacional del espectro - ane,2309,Funcionamiento,18469169000.0,21073520306.854485
2023,Tecnologías de la información y las comunicaciones,23,Agencia nacional del espectro - ane,2309,Inversión,19752129271.0,22537391763.323696
2023,Tecnologías de la información y las comunicaciones,23,Computadores para educar cpe,2311,Funcionamiento,20059696465.0,22888329236.930725
2023,Tecnologías de la información y las comunicaciones,23,Computadores para educar cpe,2311,Inversión,85381446116.0,97421147565.11935
2023,Tecnologías de la información y las comunicaciones,23,Corporación agencia nacional de gobierno digital - and,2312,Funcionamiento,4678278251.0,5337965759.237146
2023,Tecnologías de la información y las comunicaciones,23,Corporación agencia nacional de gobierno digital - and,2312,Inversión,45436020587.0,51842987765.3295
2023,Transporte,24,Ministerio de transporte,2401,Deuda,13356572497.0,15239992754.709408
2023,Transporte,24,Ministerio de transporte,2401,Funcionamiento,316576875655.0,361217617197.4055
2023,Transporte,24,Ministerio de transporte,2401,Inversión,139944055985.0,159677671779.57373
2023,Transporte,24,Instituto nacional de vías,2402,Deuda,114792589654.0,130979578407.12718
2023,Transporte,24,Instituto nacional de vías,2402,Funcionamiento,232106677933.0,264836213842.51825
2023,Transporte,24,Instituto nacional de vías,2402,Inversión,4285191758599.0,4889449847126.393
2023,Transporte,24,Unidad administrativa especial de la aeronáutica civil,2412,Deuda,3150468157.0,3594718023.460499
2023,Transporte,24,Unidad administrativa especial de la aeronáutica civil,2412,Funcionamiento,868271734843.0,990707380287.7504
2023,Transporte,24,Unidad administrativa especial de la aeronáutica civil,2412,Inversión,1335983197000.0,1524371184843.0144
2023,Transporte,24,Agencia nacional de infraestructura,2413,Deuda,3220001826821.0,3674056687965.8135
2023,Transporte,24,Agencia nacional de infraestructura,2413,Funcionamiento,113937997030.0,130004479039.31308
2023,Transporte,24,Agencia nacional de infraestructura,2413,Inversión,5324021209483.0,6074765414305.536
2023,Transporte,24,Unidad de planeación del sector de infraestructura de transporte,2414,Funcionamiento,14940473000.0,17047240249.927383
2023,Transporte,24,Unidad de planeación del sector de infraestructura de transporte,2414,Inversión,13936000000.0,15901125762.416494
2023,Transporte,24,Comisión de regulación de infraestructura y transporte,2415,Funcionamiento,1246300000.0,1422041693.2907343
2023,Registraduría,28,Fondo social de vivienda de la registraduría nacional del estado civil,2803,Funcionamiento,17576881994.0,20055411244.09788
2023,Fiscalía,29,Fiscalía general de la nación,2901,Deuda,595893410986.0,679920785669.0388
2023,Fiscalía,29,Fiscalía general de la nación,2901,Funcionamiento,4644349300000.0,5299252461530.641
2023,Fiscalía,29,Fiscalía general de la nación,2901,Inversión,143536680000.0,163776894388.61456
2023,Ambiente y desarrollo sostenible,32,Corporación autónoma regional del tolima (cortolima),3214,Funcionamiento,2318964000.0,2645962844.612256
2023,Ambiente y desarrollo sostenible,32,Corporación autónoma regional de risaralda (carder),3215,Deuda,551929943.0,629757996.2461514
2023,Ambiente y desarrollo sostenible,32,Corporación autónoma regional de risaralda (carder),3215,Funcionamiento,2785600000.0,3178399535.2889915
2023,Ambiente y desarrollo sostenible,32,Corporación autónoma regional de nariño (corponariño),3216,Funcionamiento,2779017000.0,3170888261.5451636
2023,Ambiente y desarrollo sostenible,32,Corporación autónoma regional de la frontera nororiental (corponor),3217,Deuda,2648764088.0,3022268289.197792
2023,Ambiente y desarrollo sostenible,32,Corporación autónoma regional de la frontera nororiental (corponor),3217,Funcionamiento,4183300000.0,4773190255.591053
2023,Ambiente y desarrollo sostenible,32,Corporación autónoma regional de la guajira (corpoguajira),3218,Funcionamiento,4011300000.0,4576936407.20302
2023,Ambiente y desarrollo sostenible,32,Corporación autónoma regional de la guajira (corpoguajira),3218,Inversión,1900594103.0,2168598296.1474
2023,Ambiente y desarrollo sostenible,32,Corporación autónoma regional del cesar (corpocesar),3219,Deuda,516190110.0,588978462.717107
2023,Ambiente y desarrollo sostenible,32,Corporación autónoma regional del cesar (corpocesar),3219,Funcionamiento,3175000000.0,3622709119.953528
2023,Ambiente y desarrollo sostenible,32,Corporación autónoma regional del cauca (crc),3221,Deuda,330726656.0,377362668.6308451
2023,Ambiente y desarrollo sostenible,32,Corporación autónoma regional del cauca (crc),3221,Funcionamiento,6289000000.0,7175816584.374091
2023,Ambiente y desarrollo sostenible,32,Corporación autónoma regional del magdalena (corpamag),3222,Deuda,99377873.0,113391221.05155386
2023,Ambiente y desarrollo sostenible,32,Corporación autónoma regional del magdalena (corpamag),3222,Funcionamiento,5245026400.0,5984631487.77229
2023,Ambiente y desarrollo sostenible,32,Corporación para el desarrollo sostenible del sur de la amazonia (corpoamazonia),3223,Deuda,538082962.0,613958442.1193725
2023,Ambiente y desarrollo sostenible,32,Corporación para el desarrollo sostenible del sur de la amazonia (corpoamazonia),3223,Funcionamiento,2458500000.0,2805174920.127795
2023,Ambiente y desarrollo sostenible,32,Corporación  para el desarrollo sostenible del norte y oriente de la amazonia (cda),3224,Deuda,193913662.0,221257572.22393256
2023,Ambiente y desarrollo sostenible,32,Corporación  para el desarrollo sostenible del norte y oriente de la amazonia (cda),3224,Funcionamiento,2562000000.0,2923269532.3845477
2023,Ambiente y desarrollo sostenible,32,"Corporación para el desarrollo sostenible del archipiélago de san andres, providencia y santa catalina (coralina)",3226,Funcionamiento,2515000000.0,2869642027.301771
2023,Congreso de la república,1,Congreso de la república,101,Deuda,4568563867.0,5212780468.053877
2023,Ambiente y desarrollo sostenible,32,Corporación  para el desarrollo sostenible de la mojana y el san jorge (corpomojana),3228,Deuda,38034986.0,43398327.76677316
2023,Ambiente y desarrollo sostenible,32,Corporación autónoma regional del tolima (cortolima),3214,Deuda,4644239146.0,5299126774.632877
2023,Ambiente y desarrollo sostenible,32,Corporación autónoma regional de la orinoquia (corporinoquia),3229,Deuda,107621743.0,122797565.31382512
2023,Ambiente y desarrollo sostenible,32,Corporación autónoma regional para la defensa de la meseta de bucaramanga (cdmb),3213,Funcionamiento,1339265000.0,1528115757.3337202
2023,Ambiente y desarrollo sostenible,32,Corporación autónoma regional para el desarrollo sostenible del choco (codechoco),3212,Funcionamiento,2232200000.0,2546964188.2079577
2023,Fiscalía,29,Instituto nacional de medicina legal y ciencias forenses,2902,Deuda,247423185.0,282312513.003921
2023,Fiscalía,29,Instituto nacional de medicina legal y ciencias forenses,2902,Funcionamiento,277484400000.0,316612682370.02606
2023,Fiscalía,29,Instituto nacional de medicina legal y ciencias forenses,2902,Inversión,73589548947.0,83966466174.3507
2023,Fiscalía,29,Fondo especial para la administración de bienes de la fiscalía general de la nación,2904,Funcionamiento,17103400000.0,19515163200.697063
2023,Fiscalía,29,Fondo especial para la administración de bienes de la fiscalía general de la nación,2904,Inversión,22199142393.0,25329460032.210423
2023,Ambiente y desarrollo sostenible,32,Ministerio de ambiente y desarrollo sostenible,3201,Deuda,5546374410.0,6328472805.601218
2023,Ambiente y desarrollo sostenible,32,Ministerio de ambiente y desarrollo sostenible,3201,Funcionamiento,275939244746.0,314849643620.29065
2023,Ambiente y desarrollo sostenible,32,Ministerio de ambiente y desarrollo sostenible,3201,Inversión,346897788474.0,395814104565.81726
2023,Ambiente y desarrollo sostenible,32,"Instituto de hidrología, meteorología y estudios ambientales- ideam",3202,Deuda,131748779.0,150326772.6696195
2023,Ambiente y desarrollo sostenible,32,"Instituto de hidrología, meteorología y estudios ambientales- ideam",3202,Funcionamiento,54952000000.0,62700822538.48387
2023,Ambiente y desarrollo sostenible,32,"Instituto de hidrología, meteorología y estudios ambientales- ideam",3202,Inversión,70476074635.0,80413958525.5874
2023,Ambiente y desarrollo sostenible,32,Fondo nacional ambiental,3204,Funcionamiento,85976565000.0,98100184607.17397
2023,Ambiente y desarrollo sostenible,32,Fondo nacional ambiental,3204,Inversión,1040741064451.0,1187496738802.1355
2023,Ambiente y desarrollo sostenible,32,Corporación autónoma regional de los valles del sinú y san jorge (cvs),3208,Deuda,1418589654.0,1618626040.0055182
2023,Ambiente y desarrollo sostenible,32,Corporación autónoma regional de los valles del sinú y san jorge (cvs),3208,Funcionamiento,3300400000.0,3765791867.557362
2023,Ambiente y desarrollo sostenible,32,Corporación autónoma regional del quindío (crq),3209,Deuda,217614805.0,248300831.08989248
2023,Ambiente y desarrollo sostenible,32,Corporación autónoma regional del quindío (crq),3209,Funcionamiento,5534000000.0,6314353470.810339
2023,Ambiente y desarrollo sostenible,32,Corporación para el desarrollo sostenible del urabá (corpourabá),3210,Deuda,1210948940.0,1381705753.9326167
2023,Ambiente y desarrollo sostenible,32,Corporación para el desarrollo sostenible del urabá (corpourabá),3210,Funcionamiento,3985100000.0,4547041925.646238
2023,Ambiente y desarrollo sostenible,32,Corporación autónoma regional de caldas (corpocaldas),3211,Deuda,283705576.0,323711111.04153347
2023,Ambiente y desarrollo sostenible,32,Corporación autónoma regional de caldas (corpocaldas),3211,Funcionamiento,4164000000.0,4751168748.184722
2023,Ambiente y desarrollo sostenible,32,Corporación autónoma regional para el desarrollo sostenible del choco (codechoco),3212,Inversión,3740805357.0,4268299112.685012
2023,Ambiente y desarrollo sostenible,32,Corporación para el desarrollo sostenible del área de manejo especial la macarena (cormacarena),3227,Funcionamiento,2729000000.0,3113818327.040371
2023,"Sistema integral de verdad, justicia, reparación y no repetición",44,Unidad de búsqueda de personas dadas por desaparecidas en el contexto y en razón del conflicto armado (ubpd),4403,Inversión,71396536336.0,81464215218.11674
2023,"Sistema integral de verdad, justicia, reparación y no repetición",44,Unidad de búsqueda de personas dadas por desaparecidas en el contexto y en razón del conflicto armado (ubpd),4403,Funcionamiento,89669400000.0,102313749027.0113
2024,Igualdad y equidad,46,Instituto nacional para sordos (insor),4603,Funcionamiento,7737844052.0,8392634002.838763
2024,Ambiente y desarrollo sostenible,32,Corporación autónoma regional del quindío (crq),3209,Funcionamiento,6312398800.0,6846565070.623964
2024,Ambiente y desarrollo sostenible,32,Corporación autónoma regional de los valles del sinú y san jorge (cvs),3208,Inversión,3555502554.0,3856375423.354224
2024,Ambiente y desarrollo sostenible,32,Corporación autónoma regional de los valles del sinú y san jorge (cvs),3208,Funcionamiento,3722668000.0,4037686702.92656
2024,Ambiente y desarrollo sostenible,32,Fondo nacional ambiental,3204,Inversión,179088697454.0,194243497500.83905
2024,Ambiente y desarrollo sostenible,32,Fondo nacional ambiental,3204,Funcionamiento,94262862000.0,102239550901.98784
2024,Ambiente y desarrollo sostenible,32,"Instituto de hidrología, meteorología y estudios ambientales- ideam",3202,Inversión,36160985482.0,39220991569.86113
2024,Ambiente y desarrollo sostenible,32,"Instituto de hidrología, meteorología y estudios ambientales- ideam",3202,Funcionamiento,61520291000.0,66726246050.110435
2024,Ambiente y desarrollo sostenible,32,Ministerio de ambiente y desarrollo sostenible,3201,Inversión,1242981081052.0,1348164322725.782
2024,Ambiente y desarrollo sostenible,32,Ministerio de ambiente y desarrollo sostenible,3201,Funcionamiento,315421261000.0,342112761965.35065
2024,Fiscalía,29,Fondo especial para la administración de bienes de la fiscalía general de la nación,2904,Inversión,21556842476.0,23381020338.753727
2024,Fiscalía,29,Fondo especial para la administración de bienes de la fiscalía general de la nación,2904,Funcionamiento,18870249000.0,20467082605.32855
2024,Fiscalía,29,Instituto nacional de medicina legal y ciencias forenses,2902,Inversión,96593275679.0,104767168278.56198
2024,Fiscalía,29,Instituto nacional de medicina legal y ciencias forenses,2902,Funcionamiento,334098700000.0,362370718649.9172
2024,Fiscalía,29,Fiscalía general de la nación,2901,Inversión,151786000000.0,164630397846.49365
2024,Fiscalía,29,Fiscalía general de la nación,2901,Deuda,173977914661.0,188700231293.68817
2024,Ambiente y desarrollo sostenible,32,Corporación para el desarrollo sostenible del urabá (corpourabá),3210,Funcionamiento,4562801000.0,4948913232.606295
2024,Ambiente y desarrollo sostenible,32,Corporación autónoma regional de caldas (corpocaldas),3211,Funcionamiento,4770067000.0,5173718445.472115
2024,Ambiente y desarrollo sostenible,32,Corporación autónoma regional para el desarrollo sostenible del choco (codechoco),3212,Funcionamiento,2557225000.0,2773621869.8233023
2024,Ambiente y desarrollo sostenible,32,Corporación autónoma regional para la defensa de la meseta de bucaramanga (cdmb),3213,Funcionamiento,1535066000.0,1664965980.3975704
2024,Ambiente y desarrollo sostenible,32,Corporación autónoma regional de la orinoquia (corporinoquia),3229,Funcionamiento,2666473000.0,2892114627.4157925
2024,Ambiente y desarrollo sostenible,32,Corporación  para el desarrollo sostenible de la mojana y el san jorge (corpomojana),3228,Funcionamiento,2820811000.0,3059512979.9834347
2024,Ambiente y desarrollo sostenible,32,Corporación para el desarrollo sostenible del área de manejo especial la macarena (cormacarena),3227,Inversión,1847448768.0,2003783126.749862
2024,Ambiente y desarrollo sostenible,32,Corporación para el desarrollo sostenible del área de manejo especial la macarena (cormacarena),3227,Funcionamiento,3119807000.0,3383810546.521259
2024,Ambiente y desarrollo sostenible,32,"Corporación para el desarrollo sostenible del archipiélago de san andres, providencia y santa catalina (coralina)",3226,Funcionamiento,2871191000.0,3114156224.0474877
2024,Ambiente y desarrollo sostenible,32,Corporación  para el desarrollo sostenible del norte y oriente de la amazonia (cda),3224,Funcionamiento,2934836400.0,3183187409.5527334
2024,Ambiente y desarrollo sostenible,32,Corporación para el desarrollo sostenible del sur de la amazonia (corpoamazonia),3223,Funcionamiento,2793461000.0,3029848574.958586
2024,Ambiente y desarrollo sostenible,32,Corporación autónoma regional del magdalena (corpamag),3222,Funcionamiento,6007037000.0,6515363018.912203
2024,Ambiente y desarrollo sostenible,32,Corporación autónoma regional del cauca (crc),3221,Funcionamiento,7207747000.0,7817679207.482054
2024,Ambiente y desarrollo sostenible,32,Corporación autónoma regional del cesar (corpocesar),3219,Funcionamiento,3636106600.0,3943800325.262286
2024,Ambiente y desarrollo sostenible,32,Corporación autónoma regional de la guajira (corpoguajira),3218,Funcionamiento,4577093000.0,4964414646.742131
2024,Ambiente y desarrollo sostenible,32,Corporación autónoma regional de la frontera nororiental (corponor),3217,Funcionamiento,4794182000.0,5199874099.11651
2024,Ambiente y desarrollo sostenible,32,Corporación autónoma regional de nariño (corponariño),3216,Funcionamiento,3178416000.0,3447379143.014909
2024,Ambiente y desarrollo sostenible,32,Corporación autónoma regional de risaralda (carder),3215,Funcionamiento,3183319000.0,3452697043.484263
2024,Ambiente y desarrollo sostenible,32,Corporación autónoma regional del tolima (cortolima),3214,Funcionamiento,2651441000.0,2875810593.180563
2024,Fiscalía,29,Fiscalía general de la nación,2901,Funcionamiento,5696420000000.0,6178461062948.647
2024,Registraduría,28,Consejo nacional electoral,2804,Inversión,690706153.0,749154920.5026228
2024,Registraduría,28,Consejo nacional electoral,2804,Funcionamiento,224299312595.0,243279914282.01477
2024,Registraduría,28,Fondo social de vivienda de la registraduría nacional del estado civil,2803,Funcionamiento,15349613200.0,16648524421.92159
2024,Transporte,24,Unidad de planeación del sector de infraestructura de transporte,2414,Inversión,17612900123.0,19103334658.53272
2024,Transporte,24,Unidad de planeación del sector de infraestructura de transporte,2414,Funcionamiento,17097628000.0,18544459303.699615
2024,Transporte,24,Agencia nacional de infraestructura,2413,Inversión,7473864539630.0,8106316080600.898
2024,Transporte,24,Agencia nacional de infraestructura,2413,Deuda,1539512571000.0,1669788828043.4844
2024,Transporte,24,Agencia nacional de infraestructura,2413,Funcionamiento,129839105092.0,140826318154.037
2024,Transporte,24,Unidad administrativa especial de la aeronáutica civil,2412,Inversión,1768182313328.0,1917809005496.7
2024,Transporte,24,Unidad administrativa especial de la aeronáutica civil,2412,Funcionamiento,805690344000.0,873869275649.9172
2024,Transporte,24,Instituto nacional de vías,2402,Inversión,4318695629106.0,4684151236593.849
2024,Transporte,24,Instituto nacional de vías,2402,Deuda,601876014.0,652807819.1604086
2024,Transporte,24,Instituto nacional de vías,2402,Funcionamiento,213175023986.0,231214268837.38293
2024,Transporte,24,Ministerio de transporte,2401,Inversión,194842660893.0,211330588988.99792
2024,Transporte,24,Ministerio de transporte,2401,Deuda,5072034135.0,5501238569.670762
2024,Transporte,24,Ministerio de transporte,2401,Funcionamiento,323798605865.0,351199012462.9079
2024,Tecnologías de la información y las comunicaciones,23,Corporación agencia nacional de gobierno digital - and,2312,Inversión,43907317082.0,47622831351.91524
2024,Tecnologías de la información y las comunicaciones,23,Corporación agencia nacional de gobierno digital - and,2312,Funcionamiento,4607104918.0,4996966225.942297
2024,Transporte,24,Comisión de regulación de infraestructura y transporte,2415,Funcionamiento,1330936000.0,1443562141.3583655
2024,Ambiente y desarrollo sostenible,32,Corporación autónoma regional de sucre (carsucre),3230,Funcionamiento,3121254400.0,3385380428.050801
2024,Transporte,24,Agencia nacional de seguridad vial,2416,Funcionamiento,26774065000.0,29039733393.84318
2024,Transporte,24,Superintendencia de puertos y transporte,2417,Funcionamiento,57558857000.0,62429588549.00607
2024,Registraduría,28,Fondo rotatorio de la registraduría,2802,Inversión,135518132970.0,146985915343.08255
2024,Registraduría,28,Fondo rotatorio de la registraduría,2802,Funcionamiento,80764416835.0,87598843604.72046
2024,Registraduría,28,Registraduría nacional del estado civil,2801,Inversión,174199572685.0,188940646408.89633
2024,Registraduría,28,Registraduría nacional del estado civil,2801,Funcionamiento,1028930729617.0,1116000654693.6458
2024,Rama judicial,27,Rama judicial,2701,Inversión,1148691817886.0,1245896136544.7683
2024,Rama judicial,27,Rama judicial,2701,Deuda,17695578136.0,19193009030.17007
2024,Rama judicial,27,Rama judicial,2701,Funcionamiento,8048691500000.0,8729785907716.731
2024,Organismos de control,25,Fondo de bienestar social de la contraloría general de la república,2602,Funcionamiento,126176000000.0,136853234676.97404
2024,Organismos de control,25,Contraloría general de la república,2601,Inversión,238842438700.0,259053705254.81775
2024,Organismos de control,25,Contraloría general de la república,2601,Funcionamiento,1224929000000.0,1328584642876.8635
2024,Organismos de control,25,Defensoría del pueblo,2502,Inversión,162901505415.0,176686516847.82648
2024,Organismos de control,25,Defensoría del pueblo,2502,Funcionamiento,1110889000000.0,1204894377829.9282
2024,Organismos de control,25,Procuraduría general de la nación,2501,Inversión,137314716530.0,148934528958.61542
2024,Organismos de control,25,Procuraduría general de la nación,2501,Funcionamiento,1235228000000.0,1339755162341.248
2024,Transporte,24,Superintendencia de puertos y transporte,2417,Inversión,21457922478.0,23273729556.825787
2024,Transporte,24,Agencia nacional de seguridad vial,2416,Inversión,168269000000.0,182508218249.58588
2024,Ambiente y desarrollo sostenible,32,Corporación autónoma regional del alto magdalena (cam),3231,Funcionamiento,2957485000.0,3207752573.854224
2024,Ambiente y desarrollo sostenible,32,Corporación autónoma regional del centro de antioquia (corantioquia),3232,Funcionamiento,3233550400.0,3507179112.755384
2024,Ambiente y desarrollo sostenible,32,Corporación autónoma regional del atlántico (cra),3233,Funcionamiento,2533175000.0,2747536716.5930424
2024,"Vivienda, ciudad y territorio",40,Fondo nacional de vivienda - fonvivienda,4002,Inversión,4358877949869.0,4727733855897.3955
2024,"Vivienda, ciudad y territorio",40,Fondo nacional de vivienda - fonvivienda,4002,Funcionamiento,9000000000.0,9761595803.423525
2024,"Vivienda, ciudad y territorio",40,"Ministerio de vivienda, ciudad y territorio",4001,Inversión,1629925488518.0,1767852645401.1494
2024,"Vivienda, ciudad y territorio",40,"Ministerio de vivienda, ciudad y territorio",4001,Funcionamiento,3765838903562.0,4084510804153.318
2024,"Ciencia, tecnología e innovación",39,"Ministerio de ciencia, tecnología e innovación",3901,Inversión,367474229073.0,398570543598.36566
2024,"Ciencia, tecnología e innovación",39,"Ministerio de ciencia, tecnología e innovación",3901,Funcionamiento,30401222000.0,32973826788.23854
2024,Empleo público,5,Comisión nacional del servicio civil,3801,Inversión,104270494380.0,113094046706.74487
2024,Empleo público,5,Comisión nacional del servicio civil,3801,Funcionamiento,34382308181.0,37291799472.4071
2024,Interior,37,Dirección nacional de bomberos,3709,Inversión,62050000000.0,67300779955.82551
2024,Interior,37,Dirección nacional de bomberos,3709,Funcionamiento,6326800000.0,6862184925.455549
2024,Interior,37,Unidad nacional de protección - unp,3708,Inversión,4403313940.0,4775930097.540033
2024,Interior,37,Unidad nacional de protección - unp,3708,Deuda,3610711702.0,3916256466.401712
2024,Interior,37,Unidad nacional de protección - unp,3708,Funcionamiento,2371185300000.0,2571839163735.5054
2024,Interior,37,Corporación nacional para la reconstrucción de la cuenca del rio páez y zonas aledañas nasa ki we,3704,Inversión,10754247508.0,11664290815.896742
2024,Interior,37,Corporación nacional para la reconstrucción de la cuenca del rio páez y zonas aledañas nasa ki we,3704,Funcionamiento,4073400000.0,4418098260.629486
2024,Inclusión social y reconciliación,41,Departamento administrativo para la prosperidad social,4101,Funcionamiento,245489819882.0,266263599504.81415
2024,Interior,37,Dirección nacional del derecho de autor,3703,Inversión,816442507.0,885531305.5630867
2024,Inclusión social y reconciliación,41,Departamento administrativo para la prosperidad social,4101,Inversión,10519740829267.0,11409939770230.648
2024,Inclusión social y reconciliación,41,Unidad de atención y reparación integral a las víctimas,4104,Inversión,2376887833325.0,2578024255443.75
2024,Igualdad y equidad,46,Ministerio de la igualdad y la equidad,4601,Inversión,400000000000.0,433848702374.3788
2024,Igualdad y equidad,46,Instituto nacional para sordos (insor),4603,Inversión,7920776174.0,8591046162.219492
2024,Igualdad y equidad,46,Instituto nacional para ciegos (inci),4604,Funcionamiento,7695158354.0,8346336166.120651
2024,Igualdad y equidad,46,Instituto nacional para ciegos (inci),4604,Inversión,3515320616.0,3812793219.203755
2024,Igualdad y equidad,46,Ministerio de la igualdad y la equidad,4601,Funcionamiento,900455000000.0,976653083241.3032
2024,"Sistema integral de verdad, justicia, reparación y no repetición",44,Unidad de búsqueda de personas dadas por desaparecidas en el contexto y en razón del conflicto armado (ubpd),4403,Inversión,76394293880.0,82858913171.61237
2024,"Sistema integral de verdad, justicia, reparación y no repetición",44,Unidad de búsqueda de personas dadas por desaparecidas en el contexto y en razón del conflicto armado (ubpd),4403,Funcionamiento,107387000000.0,116474276504.69354
2024,"Sistema integral de verdad, justicia, reparación y no repetición",44,Jurisdicción especial para la paz,4401,Inversión,189400007093.0,205427368267.49048
2024,"Sistema integral de verdad, justicia, reparación y no repetición",44,Jurisdicción especial para la paz,4401,Funcionamiento,500691768189.0,543061184795.82733
2024,Deporte y recreación,43,Ministerio del deporte,4301,Inversión,1300992260657.0,1411084510212.8726
2024,Deporte y recreación,43,Ministerio del deporte,4301,Funcionamiento,63347885666.0,68708494985.88653
2024,Inteligencia,42,Departamento administrativo dirección nacional de inteligencia,4201,Inversión,41538191002.0,45053225662.992
2024,Inteligencia,42,Departamento administrativo dirección nacional de inteligencia,4201,Funcionamiento,149047000000.0,161659618856.9851
2024,Inclusión social y reconciliación,41,Centro de memoria histórica,4105,Inversión,38743301150.0,42021827324.06819
2024,Inclusión social y reconciliación,41,Centro de memoria histórica,4105,Funcionamiento,17012047067.0,18451636361.874516
2024,Inclusión social y reconciliación,41,Unidad de atención y reparación integral a las víctimas,4104,Funcionamiento,1980082630600.0,2147640699699.641
2024,Tecnologías de la información y las comunicaciones,23,Computadores para educar cpe,2311,Inversión,156723731473.0,169985968827.0791
2024,Interior,37,Dirección nacional del derecho de autor,3703,Funcionamiento,5280400000.0,5727236720.044174
2024,Interior,37,Ministerio del interior,3701,Funcionamiento,858542700000.0,931194090819.989
2024,Organismos de control,25,Auditoría general de la republica,3401,Funcionamiento,46252000000.0,50165925455.54942
2024,Cultura,33,Instituto caro y cuervo,3307,Inversión,13960004515.0,15141324609.933048
2024,Cultura,33,Instituto caro y cuervo,3307,Funcionamiento,16171004411.0,17539423199.506763
2024,Cultura,33,Instituto colombiano de antropología e historia,3305,Inversión,35247421056.0,38230119717.97239
2024,Cultura,33,Instituto colombiano de antropología e historia,3305,Funcionamiento,26775103480.0,29040859751.844284
2024,Cultura,33,Archivo general de la nación,3304,Inversión,30516575012.0,33098941174.66648
2024,Cultura,33,Archivo general de la nación,3304,Funcionamiento,19262322669.0,20892334236.65558
2024,Cultura,33,"Ministerio de las culturas, las artes y los saberes ancestrales",3301,Inversión,949197580182.0,1029520346147.1528
2024,Cultura,33,"Ministerio de las culturas, las artes y los saberes ancestrales",3301,Funcionamiento,375788951374.0,407588872300.59607
2024,Ambiente y desarrollo sostenible,32,Corporación autónoma regional del sur de bolívar (csb),3239,Funcionamiento,3344486600.0,3627502928.796245
2024,Ambiente y desarrollo sostenible,32,Corporación autónoma regional del canal del dique (cardique),3238,Funcionamiento,3072722000.0,3332741131.143015
2024,Ambiente y desarrollo sostenible,32,Corporación autónoma regional del guavio (corpoguavio),3237,Funcionamiento,947219000.0,1027374335.0358918
2024,Ambiente y desarrollo sostenible,32,Corporación autónoma regional de chivor (corpochivor),3236,Funcionamiento,2901405200.0,3146927202.7056875
2024,Ambiente y desarrollo sostenible,32,Corporación autónoma regional de boyacá (corpoboyacá),3235,Funcionamiento,2836299600.0,3076312252.512424
2024,Ambiente y desarrollo sostenible,32,Corporación autónoma regional de santander (cas),3234,Funcionamiento,2862736000.0,3104985747.101049
2024,Organismos de control,25,Auditoría general de la republica,3401,Inversión,13103000000.0,14211798868.028711
2024,Interior,37,Ministerio del interior,3701,Inversión,593383750314.0,643596925209.4282
2024,"Comercio, industria y turismo",35,"Ministerio de comercio, industria y turismo",3501,Funcionamiento,735394930000.0,797625340282.9928
2024,"Comercio, industria y turismo",35,Superintendencia de sociedades,3502,Funcionamiento,166200097000.0,180264241044.86472
2024,Trabajo,36,Unidad administrativa especial del servicio público de empleo,3613,Inversión,17000000000.0,18438569850.9111
2024,Trabajo,36,Unidad administrativa especial del servicio público de empleo,3613,Funcionamiento,13909157000.0,15086174288.928768
2024,Trabajo,36,Unidad administrativa especial de organizaciones solidarias,3612,Inversión,35000000000.0,37961761457.75815
2024,Trabajo,36,Unidad administrativa especial de organizaciones solidarias,3612,Funcionamiento,9586273000.0,10397480254.14136
2024,Trabajo,36,Servicio nacional de aprendizaje (sena),3602,Inversión,5418942551701.0,5877502985741.96
2024,Trabajo,36,Servicio nacional de aprendizaje (sena),3602,Funcionamiento,124606214000.0,135150610629.2104
2024,Trabajo,36,Ministerio del trabajo,3601,Inversión,405936051080.0,440287072520.0939
2024,Trabajo,36,Ministerio del trabajo,3601,Funcionamiento,38321492706000.0,41564324708868.305
2024,"Comercio, industria y turismo",35,Instituto nacional de metrología - inm,3505,Inversión,18887033865.0,20485287835.077995
2024,"Comercio, industria y turismo",35,Instituto nacional de metrología - inm,3505,Funcionamiento,22314965000.0,24203296521.9492
2024,"Comercio, industria y turismo",35,Unidad administrativa especial junta central contadores,3504,Inversión,10748535000.0,11658094905.438984
2024,"Comercio, industria y turismo",35,Unidad administrativa especial junta central contadores,3504,Funcionamiento,8023108000.0,8702037487.023745
2024,"Comercio, industria y turismo",35,Superintendencia de industria y comercio,3503,Inversión,110124446000.0,119443369991.99338
2024,"Comercio, industria y turismo",35,Superintendencia de industria y comercio,3503,Funcionamiento,182998712110.0,198484384462.76505
2024,"Comercio, industria y turismo",35,Superintendencia de sociedades,3502,Inversión,32309457632.0,35043540670.15792
2024,"Comercio, industria y turismo",35,"Ministerio de comercio, industria y turismo",3501,Inversión,214146286350.0,232267721128.09912
2024,Tecnologías de la información y las comunicaciones,23,Computadores para educar cpe,2311,Funcionamiento,23190260527.0,25152661093.40682
2024,Tecnologías de la información y las comunicaciones,23,Agencia nacional del espectro - ane,2309,Inversión,27103942632.0,29397525850.307014
2024,Tecnologías de la información y las comunicaciones,23,Agencia nacional del espectro - ane,2309,Funcionamiento,20197057368.0,21906167827.219215
2024,Hacienda,13,Unidad administrativa especial dirección de impuestos y aduanas nacionales,1310,Funcionamiento,4060829000000.0,4404463480535.615
2024,Hacienda,13,Superintendencia de la economía solidaria,1309,Inversión,24920453895.0,27029266462.31571
2024,Hacienda,13,Superintendencia de la economía solidaria,1309,Funcionamiento,24007000000.0,26038514494.75428
2024,Hacienda,13,Unidad administrativa especial contaduría general de la nación,1308,Inversión,8882489110.0,9634140935.570127
2024,Hacienda,13,Unidad administrativa especial contaduría general de la nación,1308,Funcionamiento,20535000000.0,22272707758.144672
2024,Hacienda,13,Ministerio de hacienda y crédito público,1301,Inversión,5189842790538.0,5629016400504.841
2024,Hacienda,13,Ministerio de hacienda y crédito público,1301,Funcionamiento,42000684029559.0,45554855662651.17
2024,Justicia y del derecho,12,Unidad de servicios penitenciarios y carcelarios - uspec,1211,Inversión,518886000000.0,562795044450.5798
2024,Justicia y del derecho,12,Unidad de servicios penitenciarios y carcelarios - uspec,1211,Funcionamiento,1438909600000.0,1560672656985.091
2024,Justicia y del derecho,12,Unidad administrativa especial agencia nacional de defensa jurídica del estado,1210,Inversión,15477000000.0,16786690916.620651
2024,Justicia y del derecho,12,Unidad administrativa especial agencia nacional de defensa jurídica del estado,1210,Funcionamiento,121052300000.0,131295958186.08504
2024,Justicia y del derecho,12,Instituto nacional penitenciario y carcelario - inpec,1208,Inversión,4000000000.0,4338487023.743788
2024,Justicia y del derecho,12,Instituto nacional penitenciario y carcelario - inpec,1208,Funcionamiento,1932451007000.0,2095978404472.529
2024,Justicia y del derecho,12,Superintendencia de notariado y registro,1204,Inversión,153838844636.0,166856957800.25568
2024,Justicia y del derecho,12,Superintendencia de notariado y registro,1204,Funcionamiento,682283800000.0,740019853202.6505
2024,Hacienda,13,Unidad administrativa especial dirección de impuestos y aduanas nacionales,1310,Inversión,111480371005.0,120914035751.83394
2024,Justicia y del derecho,12,Ministerio de justicia y del derecho,1201,Inversión,63041027979.0,68375670462.59014
2024,Hacienda,13,Unidad de información y análisis financiero,1312,Funcionamiento,28289000000.0,30682864853.672005
2024,Hacienda,13,Superintendencia financiera de colombia,1313,Funcionamiento,383586000000.0,416045720872.44617
2024,Defensa y policía,15,"Defensa civil colombiana, guillermo león valencia",1508,Funcionamiento,40268000000.0,43675548868.02872
2024,Defensa y policía,15,Instituto casas fiscales del ejército,1507,Inversión,38560000000.0,41823014908.890114
2024,Defensa y policía,15,Instituto casas fiscales del ejército,1507,Funcionamiento,33926000000.0,36796877691.882935
2024,Defensa y policía,15,Caja de retiro de las fuerzas militares,1503,Inversión,18188000000.0,19727100496.963005
2024,Defensa y policía,15,Caja de retiro de las fuerzas militares,1503,Funcionamiento,6873758000000.0,7455427471838.763
2024,Defensa y policía,15,Ministerio de defensa nacional,1501,Inversión,2671133261497.0,2897169248423.789
2024,Defensa y policía,15,Ministerio de defensa nacional,1501,Deuda,327684852350.0,355414119949.4685
2024,Defensa y policía,15,Ministerio de defensa nacional,1501,Funcionamiento,19956580000000.0,21645340842076.2
2024,Servicio de la deuda pública nacional,14,Servicio de la deuda pública nacional,1401,Deuda,92347433153773.0,100162035103422.77
2024,Hacienda,13,Fondo adaptación,1315,Inversión,148648236982.0,161227111812.19962
2024,Hacienda,13,Fondo adaptación,1315,Funcionamiento,45542000000.0,49395844008.8349
2024,Hacienda,13,Unidad administrativa especial de gestión  pensional y contribuciones parafiscales de la protección social (ugppp),1314,Inversión,7194519134.0,7803331976.233849
2024,Hacienda,13,Unidad administrativa especial de gestión  pensional y contribuciones parafiscales de la protección social (ugppp),1314,Deuda,14007000000.0,15192296935.39481
2024,Hacienda,13,Unidad administrativa especial de gestión  pensional y contribuciones parafiscales de la protección social (ugppp),1314,Funcionamiento,268284000000.0,290986663169.5196
2024,Hacienda,13,Superintendencia financiera de colombia,1313,Inversión,49781000000.0,53993555632.247375
2024,Hacienda,13,Unidad de información y análisis financiero,1312,Inversión,4403313940.0,4775930097.540033
2024,Defensa y policía,15,"Defensa civil colombiana, guillermo león valencia",1508,Inversión,8620000000.0,9349439536.167864
2024,Justicia y del derecho,12,Ministerio de justicia y del derecho,1201,Funcionamiento,148445969000.0,161007727558.39316
2024,Relaciones exteriores,11,Unidad administrativa especial migración colombia,1104,Funcionamiento,166237000000.0,180304266841.524
2024,Presidencia de la república,2,Agencia de renovación del territorio – art,214,Inversión,74472264014.0,80774237763.39012
2024,Presidencia de la república,2,Agencia de renovación del territorio – art,214,Funcionamiento,69764000000.0,75667552181.1154
2024,Presidencia de la república,2,Agencia nacional inmobiliaria virgilio barco vargas,213,Inversión,57248086775.0,62092520401.87396
2024,Presidencia de la república,2,Agencia nacional inmobiliaria virgilio barco vargas,213,Funcionamiento,11303000000.0,12259479707.34401
2024,Presidencia de la república,2,Agencia para la reincorporación y la normalización - arn,212,Inversión,2116977856.0,2296120239.452236
2024,Presidencia de la república,2,Agencia para la reincorporación y la normalización - arn,212,Funcionamiento,318203000000.0,345129896604.0861
2024,Presidencia de la república,2,Unidad nacional para la gestión del riesgo de desastres,211,Inversión,25586241893.0,27751394609.787548
2024,Presidencia de la república,2,Unidad nacional para la gestión del riesgo de desastres,211,Funcionamiento,754693000000.0,818556446852.5676
2024,Presidencia de la república,2,"Agencia presidencial de cooperación internacional de colombia, apc - colombia",209,Inversión,103713291656.0,112489692509.82771
2024,Presidencia de la república,2,"Agencia presidencial de cooperación internacional de colombia, apc - colombia",209,Funcionamiento,38988000000.0,42287233020.4307
2024,Presidencia de la república,2,Presidencia de la república,201,Inversión,259365174668.0,281313111177.03973
2024,Presidencia de la república,2,Presidencia de la república,201,Funcionamiento,919052000000.0,996823794036.444
2024,Congreso de la república,1,Congreso de la república,101,Inversión,263000000000.0,285255521811.15405
2024,Congreso de la república,1,Congreso de la república,101,Deuda,1106000000.0,1199591662.0651574
2024,Congreso de la república,1,Congreso de la república,101,Funcionamiento,938360000000.0,1017765670900.0552
2024,Planeación,3,Departamento administrativo nacional de planeación,301,Funcionamiento,128808300000.0,139708284525.12424
2024,Relaciones exteriores,11,Unidad administrativa especial migración colombia,1104,Inversión,43596320548.0,47285517745.11816
2024,Planeación,3,Departamento administrativo nacional de planeación,301,Inversión,1044103317205.0,1132457173285.434
2024,Planeación,3,Unidad administrativa especial  - agencia nacional de contratación pública - colombia compra eficiente,303,Inversión,67545904374.0,73261757408.40944
2024,Relaciones exteriores,11,Fondo rotatorio del ministerio de relaciones exteriores,1102,Inversión,72353303177.0,78475966739.60367
2024,Relaciones exteriores,11,Fondo rotatorio del ministerio de relaciones exteriores,1102,Funcionamiento,790146000000.0,857009541965.7648
2024,Relaciones exteriores,11,Ministerio de relaciones exteriores,1101,Funcionamiento,703351000000.0,762869796659.3042
2024,Empleo público,5,Escuela superior de administración pública (esap),503,Inversión,252589818675.0,273964412662.82095
2024,Empleo público,5,Escuela superior de administración pública (esap),503,Funcionamiento,138722970617.0,150461951979.26132
2024,Empleo público,5,Departamento administrativo de la función pública,501,Inversión,16760427248.0,18178724031.962452
2024,Empleo público,5,Departamento administrativo de la función pública,501,Funcionamiento,33771723785.0,36629546352.67049
2024,Información estadística,4,Instituto geográfico agustín codazzi - igac,403,Inversión,867823236991.0,941259963147.196
2024,Información estadística,4,Instituto geográfico agustín codazzi - igac,403,Funcionamiento,110514000000.0,119865888735.50523
2024,Información estadística,4,Fondo rotatorio del dane,402,Inversión,25000000000.0,27115543898.39867
2024,Información estadística,4,Fondo rotatorio del dane,402,Funcionamiento,1061000000.0,1150783683.0480397
2024,Información estadística,4,Departamento administrativo nacional de estadística (dane),401,Inversión,489409048337.0,530823701378.2177
2024,Información estadística,4,Departamento administrativo nacional de estadística (dane),401,Funcionamiento,135419000000.0,146878393567.09
2024,Planeación,3,Superintendencia de servicios públicos domiciliarios,324,Inversión,33032000000.0,35827225842.0762
2024,Planeación,3,Superintendencia de servicios públicos domiciliarios,324,Funcionamiento,385252962781.0,417853744971.05426
2024,Planeación,3,Unidad administrativa especial  - agencia nacional de contratación pública - colombia compra eficiente,303,Funcionamiento,25816000000.0,28000595251.24241
2024,Igualdad y equidad,46,Instituto colombiano de bienestar familiar,4602,Inversión,9786408403114.0,10614551466491.814
2024,Defensa y policía,15,Club militar de oficiales,1510,Funcionamiento,59154000000.0,64159715350.63501
2024,Defensa y policía,15,Caja de sueldos de retiro de la policía nacional,1511,Funcionamiento,6631022000000.0,7192150725289.8955
2024,Educación,22,Ministerio de educación nacional,2201,Inversión,6220042784412.0,6746393726825.66
2024,Educación,22,Ministerio de educación nacional,2201,Funcionamiento,56295601403954.0,61059434046226.75
2024,Minas y energía,21,Agencia nacional de minería - anm,2112,Inversión,156949700000.0,170231059207.6201
2024,Minas y energía,21,Agencia nacional de minería - anm,2112,Funcionamiento,103279100000.0,112018758793.48428
2024,Minas y energía,21,Agencia nacional de hidrocarburos - anh,2111,Inversión,382524997557.0,414894934539.6672
2024,Minas y energía,21,Agencia nacional de hidrocarburos - anh,2111,Funcionamiento,4062376545369.0,4406141981911.131
2024,Minas y energía,21,Instituto de planificación y promoción de soluciones  energéticas para las zonas no interconectadas - ipse,2110,Inversión,256636117750.0,278353116670.5895
2024,Minas y energía,21,Instituto de planificación y promoción de soluciones  energéticas para las zonas no interconectadas - ipse,2110,Funcionamiento,25668576000.0,27840695973.495308
2024,Minas y energía,21,Unidad de planeacion minero energética - upme,2109,Inversión,27168241168.0,29467265441.32744
2024,Minas y energía,21,Unidad de planeacion minero energética - upme,2109,Funcionamiento,33049617730.0,35846334415.32441
2024,Minas y energía,21,Servicio geológico colombiano,2103,Inversión,61421308034.0,66618886971.71977
2024,Minas y energía,21,Servicio geológico colombiano,2103,Funcionamiento,74509646000.0,80814783078.6858
2024,Minas y energía,21,Ministerio de minas y energía,2101,Inversión,7168737208897.0,7775368339357.224
2024,Minas y energía,21,Ministerio de minas y energía,2101,Deuda,3459701283.0,3752467280.581309
2024,Minas y energía,21,Ministerio de minas y energía,2101,Funcionamiento,212613387648.0,230605105846.26395
2024,Educación,22,Escuela tecnológica instituto técnico central,2234,Funcionamiento,41596624660.0,45116604079.73772
2024,Salud y protección social,19,Fondo pasivo social de ferrocarriles nacionales de colombia ,1914,Inversión,2680000000.0,2906786305.908338
2024,Educación,22,Escuela tecnológica instituto técnico central,2234,Inversión,14301492414.0,15511709814.577305
2024,Educación,22,Instituto nacional de formación técnica profesional de san andres y providencia,2238,Inversión,4138232398.0,4488416889.989784
2024,Tecnologías de la información y las comunicaciones,23,Unidad administrativa especial comisión de regulación de las comunicaciones ,2308,Inversión,17726519146.0,19226568322.766705
2024,Tecnologías de la información y las comunicaciones,23,Unidad administrativa especial comisión de regulación de las comunicaciones ,2308,Funcionamiento,34466820854.0,37383463756.1952
2024,Tecnologías de la información y las comunicaciones,23,Fondo único de tecnologías de la información y las comunicaciones,2306,Inversión,2973578828258.0,3225208290119.148
2024,Tecnologías de la información y las comunicaciones,23,Fondo único de tecnologías de la información y las comunicaciones,2306,Funcionamiento,590536481108.0,640508715083.5941
2024,Tecnologías de la información y las comunicaciones,23,Ministerio de tecnologías de la información y las comunicaciones,2301,Funcionamiento,120086000000.0,130247888183.32413
2024,Educación,22,Entes autónomos universitarios estatales - universidades públicas,2257,Inversión,125299409327.0,135902465361.98772
2024,Educación,22,Entes autónomos universitarios estatales - universidades públicas,2257,Funcionamiento,5654479910886.0,6132971929849.71
2024,Educación,22,Unidad administrativa especial alimentación escolar,2246,Inversión,2000000000000.0,2169243511871.894
2024,Educación,22,Unidad administrativa especial alimentación escolar,2246,Funcionamiento,15817624535.0,17156139697.887217
2024,Educación,22,"Instituto técnico nacional de comercio ""simón rodríguez"" de cali",2242,Inversión,7620000000.0,8264817780.231916
2024,Educación,22,"Instituto técnico nacional de comercio ""simón rodríguez"" de cali",2242,Funcionamiento,12951688079.0,14047682666.579653
2024,Educación,22,Instituto tolimense de formación técnica profesional,2241,Inversión,8492290121.0,9210922622.956516
2024,Educación,22,Instituto tolimense de formación técnica profesional,2241,Funcionamiento,24958184872.0,27070190300.84263
2024,Educación,22,Instituto nacional de formación técnica profesional de san juan del cesar,2239,Inversión,7760786646.0,8417518039.428769
2024,Educación,22,Instituto nacional de formación técnica profesional de san juan del cesar,2239,Funcionamiento,8636811199.0,9367673328.346632
2024,Educación,22,Instituto nacional de formación técnica profesional de san andres y providencia,2238,Funcionamiento,7058908352.0,7656245571.737162
2024,Defensa y policía,15,Club militar de oficiales,1510,Inversión,13870000000.0,15043703754.831585
2024,Salud y protección social,19,Fondo pasivo social de ferrocarriles nacionales de colombia ,1914,Funcionamiento,758320164000.0,822490547839.3153
2024,Salud y protección social,19,Fondo de previsión social del congreso ,1913,Funcionamiento,406414390000.0,440805889319.4368
2024,Agricultura y desarrollo rural,17,Ministerio de agricultura y desarrollo rural,1701,Funcionamiento,486869949000.0,528069738996.82495
2024,Defensa y policía,15,Policía nacional,1601,Inversión,395047711450.0,428477342471.37634
2024,Defensa y policía,15,Policía nacional,1601,Deuda,87685908629.0,95106044188.025
2024,Defensa y policía,15,Policía nacional,1601,Funcionamiento,14996039000000.0,16265030152263.943
2024,Defensa y policía,15,Unidad administrativa especial de la justicia penal militar y policial,1521,Inversión,15000000000.0,16269326339.039206
2024,Defensa y policía,15,Unidad administrativa especial de la justicia penal militar y policial,1521,Funcionamiento,142478000000.0,154534738542.24185
2024,Defensa y policía,15,Agencia logística de las fuerzas militares,1520,Inversión,3880000000.0,4208332413.0314746
2024,Defensa y policía,15,Agencia logística de las fuerzas militares,1520,Funcionamiento,370705880000.0,402075662501.3804
2024,Defensa y policía,15,Hospital militar,1519,Inversión,20000000000.0,21692435118.71894
2024,Defensa y policía,15,Hospital militar,1519,Funcionamiento,486283000000.0,527433121341.8001
2024,Defensa y policía,15,Superintendencia de vigilancia y seguridad privada,1516,Inversión,5506000000.0,5971927388.183324
2024,Defensa y policía,15,Superintendencia de vigilancia y seguridad privada,1516,Funcionamiento,29744000000.0,32260989508.558807
2024,Defensa y policía,15,Fondo rotatorio de la policía,1512,Inversión,7000000000.0,7592352291.551629
2024,Defensa y policía,15,Fondo rotatorio de la policía,1512,Funcionamiento,351734000000.0,381498348702.3744
2024,Defensa y policía,15,Caja de sueldos de retiro de la policía nacional,1511,Inversión,10540000000.0,11431913307.564882
2024,Agricultura y desarrollo rural,17,Ministerio de agricultura y desarrollo rural,1701,Inversión,1308235656012.0,1418940854401.751
2024,Salud y protección social,19,Fondo de previsión social del congreso ,1913,Inversión,307000000.0,332978879.0723357
2024,Agricultura y desarrollo rural,17,Instituto colombiano agropecuario (ica),1702,Funcionamiento,231627813000.0,251228565259.6632
2024,Agricultura y desarrollo rural,17,Autoridad nacional de acuicultura y pesca - aunap,1715,Funcionamiento,21906299000.0,23760048487.43788
2024,Salud y protección social,19,Instituto nacional de vigilancia de medicamentos y alimentos - invima,1912,Inversión,94135686070.0,102101613121.47849
2024,Salud y protección social,19,Instituto nacional de vigilancia de medicamentos y alimentos - invima,1912,Funcionamiento,163529334000.0,177367473390.11597
2024,Salud y protección social,19,Superintendencia nacional de salud,1910,Inversión,79713190919.0,86458661105.82317
2024,Salud y protección social,19,Superintendencia nacional de salud,1910,Funcionamiento,229182705000.0,248576547927.25015
2024,Salud y protección social,19,Instituto nacional de salud (ins),1903,Inversión,65126182897.0,70637274851.14978
2024,Salud y protección social,19,Instituto nacional de salud (ins),1903,Funcionamiento,54576559000.0,59194923255.52181
2024,Salud y protección social,19,Ministerio de salud y protección social,1901,Inversión,1872516360881.0,2030971983357.5396
2024,Salud y protección social,19,Ministerio de salud y protección social,1901,Funcionamiento,57761175090551.0,62649027151637.11
2024,Agricultura y desarrollo rural,17,Agencia de desarrollo rural - adr,1718,Inversión,894892572970.0,970619953868.759
2024,Agricultura y desarrollo rural,17,Agencia de desarrollo rural - adr,1718,Funcionamiento,106839606045.0,115880561112.03271
2024,Agricultura y desarrollo rural,17,Agencia nacional de tierras - ant,1717,Inversión,4943238377001.0,5361543888472.785
2024,Agricultura y desarrollo rural,17,Agencia nacional de tierras - ant,1717,Funcionamiento,272735919000.0,295815311372.5842
2024,Agricultura y desarrollo rural,17,Unidad administrativa especial de gestión de restitución de tierras despojadas,1716,Inversión,399023464158.0,432789530354.6944
2024,Agricultura y desarrollo rural,17,Unidad administrativa especial de gestión de restitución de tierras despojadas,1716,Funcionamiento,74639984000.0,80956150509.111
2024,Agricultura y desarrollo rural,17,Autoridad nacional de acuicultura y pesca - aunap,1715,Inversión,150217118190.0,162928754502.8755
2024,Agricultura y desarrollo rural,17,Instituto colombiano agropecuario (ica),1702,Inversión,302363860434.0,327950421235.4967
2024,Igualdad y equidad,46,Instituto colombiano de bienestar familiar,4602,Funcionamiento,1066543526750.0,1156796312765.7026
2025,Educación,22,Escuela tecnológica instituto técnico central,2234,Funcionamiento,49826078281.0,51419648920.18348
2025,Agricultura y desarrollo rural,17,Agencia de desarrollo rural - adr,1718,Funcionamiento,57526196000.0,59366036904.44604
2025,Minas y energía,21,Servicio geológico colombiano,2103,Funcionamiento,77090638784.0,79556202656.5821
2025,Minas y energía,21,Servicio geológico colombiano,2103,Inversión,100000000000.0,103198266237.60423
2025,Minas y energía,21,Unidad de planeacion minero energética - upme,2109,Funcionamiento,37050677000.0,38235656293.29479
2025,Minas y energía,21,Unidad de planeacion minero energética - upme,2109,Inversión,28045831271.0,28942811623.59584
2025,Cultura,33,Archivo general de la nación,3304,Funcionamiento,20106894416.0,20749966431.53766
2025,Cultura,33,Archivo general de la nación,3304,Inversión,34525005387.0,35629206977.82346
2025,Minas y energía,21,Ministerio de minas y energía,2101,Inversión,6651165204240.0,6863887175374.488
2025,Cultura,33,Instituto caro y cuervo,3307,Funcionamiento,16050094833.0,16563419597.1473
2025,Cultura,33,Instituto colombiano de antropología e historia,3305,Funcionamiento,27730016172.0,28616895916.91127
2025,Cultura,33,Instituto colombiano de antropología e historia,3305,Inversión,33681709185.0,34758939918.1119
2025,Cultura,33,"Ministerio de las culturas, las artes y los saberes ancestrales",3301,Funcionamiento,292859963090.0,302226404412.96765
2025,Cultura,33,"Ministerio de las culturas, las artes y los saberes ancestrales",3301,Inversión,651354591139.0,672186645114.4838
2025,Organismos de control,25,Defensoría del pueblo,2502,Funcionamiento,1130439000000.0,1166593448873.711
2025,Organismos de control,25,Defensoría del pueblo,2502,Inversión,122300000000.0,126211479608.58997
2025,Cultura,33,Instituto caro y cuervo,3307,Inversión,14454263039.0,14916548853.670843
2025,Minas y energía,21,Ministerio de minas y energía,2101,Deuda,3459701281.0,3570351738.992184
2025,Minas y energía,21,Ministerio de minas y energía,2101,Funcionamiento,213507113200.0,220335639116.35904
2025,Minas y energía,21,Instituto de planificación y promoción de soluciones  energéticas para las zonas no interconectadas - ipse,2110,Inversión,137762840337.0,142168862747.4629
2025,Justicia y del derecho,12,Instituto nacional penitenciario y carcelario - inpec,1208,Funcionamiento,2162793720000.0,2231965621335.7847
2025,Justicia y del derecho,12,Instituto nacional penitenciario y carcelario - inpec,1208,Inversión,6432700000.0,6638434872.266367
2025,Justicia y del derecho,12,Ministerio de justicia y del derecho,1201,Funcionamiento,164176400000.0,169427198371.31406
2025,Justicia y del derecho,12,Ministerio de justicia y del derecho,1201,Inversión,73125091530.0,75463826643.62119
2025,Justicia y del derecho,12,Superintendencia de notariado y registro,1204,Funcionamiento,721531000000.0,744607482366.8481
2025,Justicia y del derecho,12,Superintendencia de notariado y registro,1204,Inversión,297617170025.0,307135759491.2228
2025,Justicia y del derecho,12,Unidad administrativa especial agencia nacional de defensa jurídica del estado,1210,Funcionamiento,142920600000.0,147491581296.38138
2025,Justicia y del derecho,12,Unidad administrativa especial agencia nacional de defensa jurídica del estado,1210,Inversión,12266327000.0,12658636795.035131
2025,Justicia y del derecho,12,Unidad de servicios penitenciarios y carcelarios - uspec,1211,Funcionamiento,1521986600000.0,1570663783568.6606
2025,Justicia y del derecho,12,Unidad de servicios penitenciarios y carcelarios - uspec,1211,Inversión,417850199304.0,431214161152.1018
2025,Minas y energía,21,Agencia nacional de hidrocarburos - anh,2111,Funcionamiento,3064210361082.0,3162211966509.656
2025,Minas y energía,21,Agencia nacional de hidrocarburos - anh,2111,Inversión,385890000000.0,398231789584.29095
2025,Minas y energía,21,Agencia nacional de minería - anm,2112,Funcionamiento,372516686000.0,384430761397.78015
2025,Minas y energía,21,Agencia nacional de minería - anm,2112,Inversión,116615000000.0,120344658172.98218
2025,Minas y energía,21,Instituto de planificación y promoción de soluciones  energéticas para las zonas no interconectadas - ipse,2110,Funcionamiento,27129264823.0,27996930940.34425
2025,Organismos de control,25,Procuraduría general de la nación,2501,Funcionamiento,1347128000000.0,1390212740001.313
2025,Organismos de control,25,Procuraduría general de la nación,2501,Inversión,96802000000.0,99897985683.32564
2025,Organismos de control,26,Contraloría general de la república,2601,Funcionamiento,1307041000000.0,1348843651014.6448
2025,Organismos de control,26,Contraloría general de la república,2601,Inversión,186701326884.0,192672532386.89008
2025,Presidencia de la república,2,Presidencia de la república,201,Inversión,168668164194.0,174062621143.00357
2025,Presidencia de la república,2,Unidad nacional para la gestión del riesgo de desastres,211,Funcionamiento,707832000000.0,730470351874.9587
2025,Presidencia de la república,2,Unidad nacional para la gestión del riesgo de desastres,211,Inversión,17000000000.0,17543705260.39272
2025,Rama judicial,27,Rama judicial,2701,Funcionamiento,9097188000000.0,9388140292375.385
2025,Rama judicial,27,Rama judicial,2701,Deuda,17695578134.0,18261529835.0086
2025,Rama judicial,27,Rama judicial,2701,Inversión,1300000000000.0,1341577461088.855
2025,Registraduría,28,Consejo nacional electoral,2804,Funcionamiento,1056216131936.0,1089996735879.8384
2025,Registraduría,28,Consejo nacional electoral,2804,Inversión,10646765998.0,10987277920.31076
2025,Registraduría,28,Fondo rotatorio de la registraduría,2802,Funcionamiento,92500584478.0,95458999440.94646
2025,Registraduría,28,Fondo rotatorio de la registraduría,2802,Inversión,171718456809.0,177210470236.85724
2025,Registraduría,28,Fondo social de vivienda de la registraduría nacional del estado civil,2803,Funcionamiento,14685380447.0,15155058011.700134
2025,Registraduría,28,Registraduría nacional del estado civil,2801,Funcionamiento,3088135443035.0,3186902236281.078
2025,Registraduría,28,Registraduría nacional del estado civil,2801,Inversión,158698049298.0,163773635428.43445
2025,Relaciones exteriores,11,Fondo rotatorio del ministerio de relaciones exteriores,1102,Funcionamiento,880003000000.0,908147838838.9044
2025,Relaciones exteriores,11,Fondo rotatorio del ministerio de relaciones exteriores,1102,Inversión,142749930347.0,147315453173.49167
2025,Presidencia de la república,2,Presidencia de la república,201,Funcionamiento,452841786933.0,467324872914.2418
2025,Interior,37,Unidad nacional de protección - unp,3708,Inversión,3000000000.0,3095947987.128127
2025,Presidencia de la república,2,"Agencia presidencial de cooperación internacional de colombia, apc - colombia",209,Inversión,102440560000.0,105716881844.0927
2025,Presidencia de la república,2,Agencia para la reincorporación y la normalización - arn,212,Inversión,2200000000.0,2270361857.227293
2025,Organismos de control,26,Fondo de bienestar social de la contraloría general de la república,2602,Funcionamiento,148098000000.0,152834568332.5671
2025,Organismos de control,26,Fondo de bienestar social de la contraloría general de la república,2602,Inversión,898818033.0,927564626.6869376
2025,Organismos de control,34,Auditoría general de la republica,3401,Funcionamiento,63510000000.0,65541218887.50245
2025,Organismos de control,34,Auditoría general de la republica,3401,Inversión,13000000000.0,13415774610.88855
2025,Planeación,3,Departamento administrativo nacional de planeación,301,Funcionamiento,121110968620.0,124984419839.40892
2025,Planeación,3,Departamento administrativo nacional de planeación,301,Inversión,643371314128.0,663948041650.1865
2025,Planeación,3,Superintendencia de servicios públicos domiciliarios,324,Funcionamiento,354424083800.0,365759509610.1135
2025,Planeación,3,Superintendencia de servicios públicos domiciliarios,324,Inversión,38078000000.0,39295835817.95494
2025,Planeación,3,Unidad administrativa especial  - agencia nacional de contratación pública - colombia compra eficiente,303,Funcionamiento,25808823411.0,26634258296.47691
2025,Planeación,3,Unidad administrativa especial  - agencia nacional de contratación pública - colombia compra eficiente,303,Inversión,94683000000.0,97711214421.7508
2025,Presidencia de la república,2,Agencia de renovación del territorio – art,214,Funcionamiento,74833000000.0,77226358573.58638
2025,Presidencia de la república,2,Agencia de renovación del territorio – art,214,Inversión,65000000000.0,67078873054.44275
2025,Presidencia de la república,2,Agencia nacional inmobiliaria virgilio barco vargas,213,Funcionamiento,11856000000.0,12235186445.130358
2025,Presidencia de la república,2,Agencia nacional inmobiliaria virgilio barco vargas,213,Inversión,24000000000.0,24767583897.025017
2025,Presidencia de la república,2,Agencia para la reincorporación y la normalización - arn,212,Funcionamiento,88859084174.0,91701034262.18137
2025,Presidencia de la república,2,"Agencia presidencial de cooperación internacional de colombia, apc - colombia",209,Funcionamiento,48822000000.0,50383457542.52314
2025,Relaciones exteriores,11,Ministerio de relaciones exteriores,1101,Funcionamiento,768975000000.0,793568867800.6171
2025,Interior,37,Unidad nacional de protección - unp,3708,Deuda,7809482693.0,8059250741.3017645
2025,Interior,37,Ministerio del interior,3701,Inversión,397622826322.0,410339862929.2642
2025,Fiscalía,29,Fiscalía general de la nación,2901,Funcionamiento,6214415600000.0,6413169155999.21
2025,Fiscalía,29,Fiscalía general de la nación,2901,Deuda,173977914661.0,179542191566.49066
2025,Fiscalía,29,Fiscalía general de la nación,2901,Inversión,206231750000.0,212827590431.47037
2025,Fiscalía,29,Fondo especial para la administración de bienes de la fiscalía general de la nación,2904,Funcionamiento,19569955000.0,20195854263.47934
2025,Fiscalía,29,Fondo especial para la administración de bienes de la fiscalía general de la nación,2904,Inversión,19276000000.0,19892497799.96059
2025,Fiscalía,29,Instituto nacional de medicina legal y ciencias forenses,2902,Funcionamiento,389542913000.0,402001532467.45905
2025,Empleo público,38,Comisión nacional del servicio civil,3801,Inversión,109930103096.0,113445960468.28288
2025,Fiscalía,29,Instituto nacional de medicina legal y ciencias forenses,2902,Inversión,114155647000.0,117806648516.31969
2025,Hacienda,13,Fondo adaptación,1315,Inversión,623765525677.0,643715207886.542
2025,Hacienda,13,Ministerio de hacienda y crédito público,1301,Funcionamiento,27138681900960.0,28006649201529.215
2025,Hacienda,13,Ministerio de hacienda y crédito público,1301,Inversión,3611995766423.0,3727517007524.201
2025,Hacienda,13,Superintendencia de la economía solidaria,1309,Funcionamiento,25169000000.0,25973971629.34261
2025,Hacienda,13,Superintendencia de la economía solidaria,1309,Inversión,10000000000.0,10319826623.760424
2025,Hacienda,13,Superintendencia financiera de colombia,1313,Funcionamiento,411995624000.0,425172340942.7989
2025,Hacienda,13,Fondo adaptación,1315,Funcionamiento,44434000000.0,45855117620.01707
2025,Empleo público,38,Comisión nacional del servicio civil,3801,Funcionamiento,36967864777.0,38150195514.92598
2025,Empleo público,5,Escuela superior de administración pública (esap),503,Inversión,272535702975.0,281252120348.66675
2025,Empleo público,5,Escuela superior de administración pública (esap),503,Funcionamiento,145292167438.0,149938997775.05295
2025,Educación,22,Escuela tecnológica instituto técnico central,2234,Inversión,19207038725.0,19821330959.785244
2025,Educación,22,Instituto nacional de formación técnica profesional de san andres y providencia,2238,Funcionamiento,8747852389.0,9027631998.47284
2025,Educación,22,Instituto nacional de formación técnica profesional de san andres y providencia,2238,Inversión,8217481969.0,8480298920.395742
2025,Educación,22,Instituto nacional de formación técnica profesional de san juan del cesar,2239,Funcionamiento,11137346365.0,11493548353.556835
2025,Educación,22,Instituto nacional de formación técnica profesional de san juan del cesar,2239,Inversión,9388000000.0,9688253234.386286
2025,Educación,22,Entes autónomos universitarios estatales - universidades públicas,2257,Funcionamiento,6437590659064.0,6643481947628.008
2025,Educación,22,Instituto tolimense de formación técnica profesional,2241,Inversión,8184071470.0,8445819864.68641
2025,Educación,22,"Instituto técnico nacional de comercio ""simón rodríguez"" de cali",2242,Funcionamiento,15041341108.0,15522403242.34005
2025,Educación,22,"Instituto técnico nacional de comercio ""simón rodríguez"" de cali",2242,Inversión,12125395223.0,12513197644.593285
2025,Educación,22,Ministerio de educación nacional,2201,Funcionamiento,64660612334782.0,66728630868113.49
2025,Educación,22,Ministerio de educación nacional,2201,Inversión,5722845061826.0,5905876883268.782
2025,Educación,22,Unidad administrativa especial alimentación escolar,2246,Funcionamiento,16318707345.0,16840623052.428576
2025,Educación,22,Unidad administrativa especial alimentación escolar,2246,Inversión,2105728519128.0,2173075323410.8745
2025,Empleo público,5,Departamento administrativo de la función pública,501,Funcionamiento,34103299265.0,35194013571.30163
2025,Empleo público,5,Departamento administrativo de la función pública,501,Inversión,15000356199.0,15480107526.83299
2025,Hacienda,13,Superintendencia financiera de colombia,1313,Inversión,61066305153.0,63019368173.26077
2025,Hacienda,13,Unidad administrativa especial contaduría general de la nación,1308,Funcionamiento,24549000000.0,25334142378.669464
2025,Hacienda,13,Unidad administrativa especial contaduría general de la nación,1308,Inversión,8700000000.0,8978249162.671568
2025,Hacienda,13,Unidad administrativa especial de gestión  pensional y contribuciones parafiscales de la protección social (ugppp),1314,Funcionamiento,279210000000.0,288139879162.0148
2025,Información estadística,4,Departamento administrativo nacional de estadística (dane),401,Funcionamiento,153718925120.0,158635265602.92108
2025,Información estadística,4,Departamento administrativo nacional de estadística (dane),401,Inversión,194597506983.0,200821253348.0568
2025,Información estadística,4,Fondo rotatorio del dane,402,Funcionamiento,2744000000.0,2831760425.55986
2025,Información estadística,4,Fondo rotatorio del dane,402,Inversión,103542006932.0,106853555981.44398
2025,Información estadística,4,Instituto geográfico agustín codazzi - igac,403,Funcionamiento,119056000000.0,122863727851.84209
2025,Información estadística,4,Instituto geográfico agustín codazzi - igac,403,Inversión,600485461000.0,619690584760.8851
2025,Inteligencia,42,Departamento administrativo dirección nacional de inteligencia,4201,Funcionamiento,155589000000.0,160565150456.42606
2025,Inteligencia,42,Departamento administrativo dirección nacional de inteligencia,4201,Inversión,38231000000.0,39453729165.29847
2025,Interior,37,Corporación nacional para la reconstrucción de la cuenca del rio páez y zonas aledañas nasa ki we,3704,Funcionamiento,4959010000.0,5117612342.5494175
2025,Interior,37,Corporación nacional para la reconstrucción de la cuenca del rio páez y zonas aledañas nasa ki we,3704,Inversión,10056384633.0,10378014587.44086
2025,Interior,37,Dirección nacional de bomberos,3709,Funcionamiento,15484100000.0,15979322742.496876
2025,Interior,37,Dirección nacional de bomberos,3709,Inversión,71906000000.0,74205745320.81169
2025,Interior,37,Dirección nacional del derecho de autor,3703,Funcionamiento,7837900000.0,8088576909.437181
2025,Interior,37,Dirección nacional del derecho de autor,3703,Inversión,841000000.0,867897419.0582516
2025,Interior,37,Ministerio del interior,3701,Funcionamiento,1111333500000.0,1146876904117.6853
2025,Inclusión social y reconciliación,41,Unidad de atención y reparación integral a las víctimas,4104,Inversión,2488667165115.0,2568261366823.2153
2025,Interior,37,Unidad nacional de protección - unp,3708,Funcionamiento,2681558502000.0,2767321882211.072
2025,Inclusión social y reconciliación,41,Unidad de atención y reparación integral a las víctimas,4104,Funcionamiento,1822309711324.0,1880592027565.8584
2025,Inclusión social y reconciliación,41,Departamento administrativo para la prosperidad social,4101,Funcionamiento,262123929351.0,270507350484.1146
2025,Hacienda,13,Unidad administrativa especial de gestión  pensional y contribuciones parafiscales de la protección social (ugppp),1314,Inversión,7000000000.0,7223878636.632296
2025,Hacienda,13,Unidad administrativa especial dirección de impuestos y aduanas nacionales,1310,Funcionamiento,4336363532000.0,4475051982783.738
2025,Hacienda,13,Unidad administrativa especial dirección de impuestos y aduanas nacionales,1310,Inversión,78629373000.0,81144149689.4989
2025,Hacienda,13,Unidad de información y análisis financiero,1312,Funcionamiento,31256000000.0,32255650095.22558
2025,Hacienda,13,Unidad de información y análisis financiero,1312,Inversión,5027100000.0,5187880042.030602
2025,Igualdad y equidad,46,Instituto colombiano de bienestar familiar,4602,Funcionamiento,1151138129543.0,1187954591688.3623
2025,Igualdad y equidad,46,Instituto colombiano de bienestar familiar,4602,Inversión,9539621582782.0,9844724079059.322
2025,Igualdad y equidad,46,Ministerio de la igualdad y la equidad,4601,Funcionamiento,798523000000.0,824061891508.5044
2025,Igualdad y equidad,46,Ministerio de la igualdad y la equidad,4601,Inversión,498912000000.0,514868534051.356
2025,Igualdad y equidad,46,Instituto nacional para ciegos (inci),4604,Funcionamiento,8306001653.0,8571649699.562748
2025,Igualdad y equidad,46,Instituto nacional para ciegos (inci),4604,Inversión,3764015576.0,3884398815.345372
2025,Igualdad y equidad,46,Instituto nacional para sordos (insor),4603,Funcionamiento,8852229359.0,9135347221.864187
2025,Igualdad y equidad,46,Instituto nacional para sordos (insor),4603,Inversión,8358622693.0,8625953700.518944
2025,Inclusión social y reconciliación,41,Centro de memoria histórica,4105,Funcionamiento,18503458353.0,19095248214.29316
2025,Inclusión social y reconciliación,41,Centro de memoria histórica,4105,Inversión,60905600185.0,62853523432.52708
2025,Inclusión social y reconciliación,41,Departamento administrativo para la prosperidad social,4101,Inversión,5399606566879.0,5572300360670.952
2025,Educación,22,Entes autónomos universitarios estatales - universidades públicas,2257,Inversión,127332668286.0,131405106025.23172
2025,Relaciones exteriores,11,Unidad administrativa especial migración colombia,1104,Funcionamiento,252961000000.0,261051366257.30603
2025,Salud y protección social,19,Fondo de previsión social del congreso ,1913,Funcionamiento,434073887000.0,447956725574.1773
2025,"Comercio, industria y turismo",35,"Ministerio de comercio, industria y turismo",3501,Funcionamiento,660302227000.0,681420450192.2898
2025,"Comercio, industria y turismo",35,Instituto nacional de metrología - inm,3505,Inversión,15715756932.0,16218388679.940102
2025,"Comercio, industria y turismo",35,Instituto nacional de metrología - inm,3505,Funcionamiento,23980556000.0,24747518026.137775
2025,"Ciencia, tecnología e innovación",39,"Ministerio de ciencia, tecnología e innovación",3901,Inversión,266987639124.0,275526614644.6795
2025,"Ciencia, tecnología e innovación",39,"Ministerio de ciencia, tecnología e innovación",3901,Funcionamiento,32876734000.0,33928219483.54895
2025,Ambiente y desarrollo sostenible,32,Ministerio de ambiente y desarrollo sostenible,3201,Inversión,785846835468.0,810980309486.0543
2025,"Comercio, industria y turismo",35,"Ministerio de comercio, industria y turismo",3501,Inversión,198352184065.0,204696014999.5015
2025,Ambiente y desarrollo sostenible,32,Ministerio de ambiente y desarrollo sostenible,3201,Funcionamiento,413756961050.0,426990010240.99945
2025,Ambiente y desarrollo sostenible,32,"Instituto de hidrología, meteorología y estudios ambientales- ideam",3202,Funcionamiento,67307033210.0,69459691328.68849
2025,Ambiente y desarrollo sostenible,32,Fondo nacional ambiental,3204,Inversión,175098406366.0,180698519579.38684
2025,Ambiente y desarrollo sostenible,32,Fondo nacional ambiental,3204,Funcionamiento,98170300000.0,101310047560.2548
2025,Ambiente y desarrollo sostenible,32,Corporación para el desarrollo sostenible del área de manejo especial la macarena (cormacarena),3227,Funcionamiento,3443000000.0,3553116306.560714
2025,Ambiente y desarrollo sostenible,32,Corporación para el desarrollo sostenible del urabá (corpourabá),3210,Funcionamiento,5049176129.0,5210662224.410979
2025,Ambiente y desarrollo sostenible,32,Corporación para el desarrollo sostenible del sur de la amazonia (corpoamazonia),3223,Funcionamiento,3044415021.0,3141783518.7491946
2025,Ambiente y desarrollo sostenible,32,"Instituto de hidrología, meteorología y estudios ambientales- ideam",3202,Inversión,31999229301.0,33022649848.027443
2025,"Comercio, industria y turismo",35,Superintendencia de industria y comercio,3503,Funcionamiento,226582198000.0,233828899939.05557
2025,"Comercio, industria y turismo",35,Superintendencia de industria y comercio,3503,Inversión,145087794139.0,149728088073.83237
2025,"Comercio, industria y turismo",35,Superintendencia de sociedades,3502,Funcionamiento,194184002000.0,200394523374.7947
2025,Defensa y policía,15,"Defensa civil colombiana, guillermo león valencia",1508,Funcionamiento,44705000000.0,46134784921.52097
2025,Defensa y policía,15,Club militar de oficiales,1510,Inversión,4578000000.0,4724416628.357522
2025,Defensa y policía,15,Club militar de oficiales,1510,Funcionamiento,55497000000.0,57271941813.88322
2025,Defensa y policía,15,Caja de sueldos de retiro de la policía nacional,1511,Inversión,9548000000.0,9853370460.366451
2025,Defensa y policía,15,Caja de sueldos de retiro de la policía nacional,1511,Funcionamiento,7327127000000.0,7561468029027.384
2025,Defensa y policía,15,Caja de retiro de las fuerzas militares,1503,Inversión,16480000000.0,17007074275.957176
2025,Defensa y policía,15,Caja de retiro de las fuerzas militares,1503,Funcionamiento,7731579000000.0,7978855480790.698
2025,Defensa y policía,15,Agencia logística de las fuerzas militares,1520,Inversión,6500000000.0,6707887305.444275
2025,Defensa y policía,15,Agencia logística de las fuerzas militares,1520,Funcionamiento,1074126000000.0,1108479409207.3289
2025,Congreso de la república,1,Congreso de la república,101,Inversión,200000000000.0,206396532475.20847
2025,Congreso de la república,1,Congreso de la república,101,Deuda,1106000000.0,1141372824.5879028
2025,Congreso de la república,1,Congreso de la república,101,Funcionamiento,1112522000000.0,1148103415511.9194
2025,"Comercio, industria y turismo",35,Unidad administrativa especial junta central contadores,3504,Inversión,14000753000.0,14448534356.209362
2025,"Comercio, industria y turismo",35,Unidad administrativa especial junta central contadores,3504,Funcionamiento,15548661000.0,16045948575.162537
2025,"Comercio, industria y turismo",35,Superintendencia de sociedades,3502,Inversión,30696200000.0,31677946200.82747
2025,Ambiente y desarrollo sostenible,32,"Corporación para el desarrollo sostenible del archipiélago de san andres, providencia y santa catalina (coralina)",3226,Funcionamiento,3159139259.0,3260176943.3194976
2025,Ambiente y desarrollo sostenible,32,Corporación autónoma regional para la defensa de la meseta de bucaramanga (cdmb),3213,Funcionamiento,1702100000.0,1756537689.6302617
2025,Ambiente y desarrollo sostenible,32,Corporación autónoma regional para el desarrollo sostenible del choco (codechoco),3212,Funcionamiento,99070023380.0,102238546489.34917
2025,Ambiente y desarrollo sostenible,32,Corporación autónoma regional del tolima (cortolima),3214,Funcionamiento,2926072953.0,3019656556.343468
2025,Ambiente y desarrollo sostenible,32,Corporación autónoma regional de caldas (corpocaldas),3211,Funcionamiento,5283500000.0,5452480396.663819
2025,Ambiente y desarrollo sostenible,32,Corporación autónoma regional de boyacá (corpoboyacá),3235,Funcionamiento,2837208309.0,2927949784.4372487
2025,Ambiente y desarrollo sostenible,32,Corporación  para el desarrollo sostenible del norte y oriente de la amazonia (cda),3224,Funcionamiento,3250763399.0,3354731467.2546124
2025,Ambiente y desarrollo sostenible,32,Corporación  para el desarrollo sostenible de la mojana y el san jorge (corpomojana),3228,Funcionamiento,3107181000.0,3206556920.8642535
2025,Agricultura y desarrollo rural,17,Unidad administrativa especial de gestión de restitución de tierras despojadas,1716,Inversión,455420835664.0,469986406490.0568
2025,Agricultura y desarrollo rural,17,Unidad administrativa especial de gestión de restitución de tierras despojadas,1716,Funcionamiento,80608731000.0,83186812828.13422
2025,Agricultura y desarrollo rural,17,Ministerio de agricultura y desarrollo rural,1701,Inversión,1097072964088.0,1132160278300.3103
2025,Agricultura y desarrollo rural,17,Ministerio de agricultura y desarrollo rural,1701,Funcionamiento,436853554000.0,450825293725.35614
2025,Agricultura y desarrollo rural,17,Instituto colombiano agropecuario (ica),1702,Inversión,270668107733.0,279324794438.5868
2025,Agricultura y desarrollo rural,17,Instituto colombiano agropecuario (ica),1702,Funcionamiento,219595508000.0,226618756991.6595
2025,Agricultura y desarrollo rural,17,Autoridad nacional de acuicultura y pesca - aunap,1715,Inversión,73520013996.0,75871379781.51598
2025,Agricultura y desarrollo rural,17,Autoridad nacional de acuicultura y pesca - aunap,1715,Funcionamiento,24417000000.0,25197920667.235825
2025,Agricultura y desarrollo rural,17,Agencia nacional de tierras - ant,1717,Inversión,1570644076174.0,1620877455375.204
2025,Agricultura y desarrollo rural,17,Agencia nacional de tierras - ant,1717,Funcionamiento,82539448000.0,85179279298.0889
2025,Agricultura y desarrollo rural,17,Agencia de desarrollo rural - adr,1718,Inversión,656674002345.0,677676185253.1245
2025,Ambiente y desarrollo sostenible,32,Corporación autónoma regional de chivor (corpochivor),3236,Funcionamiento,3185000000.0,3286864779.6676946
2025,Defensa y policía,15,"Defensa civil colombiana, guillermo león valencia",1508,Inversión,8000000000.0,8255861299.008338
2025,Ambiente y desarrollo sostenible,32,Corporación autónoma regional de la guajira (corpoguajira),3218,Funcionamiento,5048300000.0,5209758074.472975
2025,Ambiente y desarrollo sostenible,32,Corporación autónoma regional de la orinoquia (corporinoquia),3229,Funcionamiento,2947800000.0,3042078492.1520977
2025,Ambiente y desarrollo sostenible,32,Corporación autónoma regional del sur de bolívar (csb),3239,Funcionamiento,3700700000.0,3819058238.65502
2025,Ambiente y desarrollo sostenible,32,Corporación autónoma regional del quindío (crq),3209,Funcionamiento,6325400806.0,6527703964.371444
2025,Ambiente y desarrollo sostenible,32,Corporación autónoma regional del magdalena (corpamag),3222,Funcionamiento,6650774000.0,6863483459.38136
2025,Ambiente y desarrollo sostenible,32,Corporación autónoma regional del guavio (corpoguavio),3237,Funcionamiento,1014700000.0,1047152807.51297
2025,Ambiente y desarrollo sostenible,32,Corporación autónoma regional del cesar (corpocesar),3219,Funcionamiento,4025096652.0,4153829959.2518544
2025,Ambiente y desarrollo sostenible,32,Corporación autónoma regional del centro de antioquia (corantioquia),3232,Funcionamiento,3234214457.0,3337653246.029946
2025,Ambiente y desarrollo sostenible,32,Corporación autónoma regional del cauca (crc),3221,Funcionamiento,8006600000.0,8262672384.58002
2025,Ambiente y desarrollo sostenible,32,Corporación autónoma regional del canal del dique (cardique),3238,Funcionamiento,3065068000.0,3163097035.003611
2025,Ambiente y desarrollo sostenible,32,Corporación autónoma regional del atlántico (cra),3233,Funcionamiento,2807918000.0,2897722693.373612
2025,Ambiente y desarrollo sostenible,32,Corporación autónoma regional del alto magdalena (cam),3231,Funcionamiento,3275600000.0,3380362408.878964
2025,Ambiente y desarrollo sostenible,32,Corporación autónoma regional de sucre (carsucre),3230,Funcionamiento,3441456374.0,3551523311.2915206
2025,Ambiente y desarrollo sostenible,32,Corporación autónoma regional de santander (cas),3234,Funcionamiento,3161500000.0,3262613187.1018577
2025,Ambiente y desarrollo sostenible,32,Corporación autónoma regional de risaralda (carder),3215,Funcionamiento,3514167948.0,3626560395.013593
2025,Ambiente y desarrollo sostenible,32,Corporación autónoma regional de nariño (corponariño),3216,Funcionamiento,3513251788.0,3625614933.777631
2025,Ambiente y desarrollo sostenible,32,Corporación autónoma regional de los valles del sinú y san jorge (cvs),3208,Funcionamiento,4024700000.0,4153420621.264858
2025,Ambiente y desarrollo sostenible,32,Corporación autónoma regional de la frontera nororiental (corponor),3217,Funcionamiento,5315100000.0,5485091048.794903
2025,Relaciones exteriores,11,Unidad administrativa especial migración colombia,1104,Inversión,50649000000.0,52268889866.684166
2025,Defensa y policía,15,Fondo rotatorio de la policía,1512,Funcionamiento,307162000000.0,316985858540.7499
2025,Defensa y policía,15,Hospital militar,1519,Funcionamiento,519740000000.0,536362668943.3242
2025,Tecnologías de la información y las comunicaciones,23,Computadores para educar cpe,2311,Inversión,147562268400.0,152281702609.68015
2025,Tecnologías de la información y las comunicaciones,23,Corporación agencia nacional de gobierno digital - and,2312,Funcionamiento,5231290000.0,5398600581.861166
2025,Tecnologías de la información y las comunicaciones,23,Corporación agencia nacional de gobierno digital - and,2312,Inversión,131722000296.0,135934820558.96391
2025,Tecnologías de la información y las comunicaciones,23,Fondo único de tecnologías de la información y las comunicaciones,2306,Funcionamiento,599534016000.0,618708710016.6808
2025,Tecnologías de la información y las comunicaciones,23,Fondo único de tecnologías de la información y las comunicaciones,2306,Inversión,1551973115714.0,1601609347890.5752
2025,Tecnologías de la información y las comunicaciones,23,Ministerio de tecnologías de la información y las comunicaciones,2301,Funcionamiento,127996875000.0,132090555838.31348
2025,Tecnologías de la información y las comunicaciones,23,Computadores para educar cpe,2311,Funcionamiento,27442872600.0,28320568728.99454
2025,Tecnologías de la información y las comunicaciones,23,Unidad administrativa especial comisión de regulación de las comunicaciones ,2308,Funcionamiento,38833930000.0,40075942471.92486
2025,Trabajo,36,Ministerio del trabajo,3601,Funcionamiento,46609015048309.0,48099695440278.94
2025,Trabajo,36,Ministerio del trabajo,3601,Inversión,440592840646.0,454684172713.6824
2025,Trabajo,36,Servicio nacional de aprendizaje (sena),3602,Funcionamiento,127990194000.0,132083661162.14616
2025,Trabajo,36,Servicio nacional de aprendizaje (sena),3602,Inversión,6139428050018.0,6335783304523.7295
2025,Trabajo,36,Unidad administrativa especial de organizaciones solidarias,3612,Funcionamiento,10352398000.0,10683495250.016417
2025,Trabajo,36,Unidad administrativa especial de organizaciones solidarias,3612,Inversión,45000000000.0,46439219806.921906
2025,Tecnologías de la información y las comunicaciones,23,Unidad administrativa especial comisión de regulación de las comunicaciones ,2308,Inversión,18016917000.0,18593145973.468178
2025,Tecnologías de la información y las comunicaciones,23,Agencia nacional del espectro - ane,2309,Inversión,27314426599.0,28188014682.911007
2025,Tecnologías de la información y las comunicaciones,23,Agencia nacional del espectro - ane,2309,Funcionamiento,22024741401.0,22729151269.147823
2025,"Sistema integral de verdad, justicia, reparación y no repetición",44,Unidad de búsqueda de personas dadas por desaparecidas en el contexto y en razón del conflicto armado (ubpd),4403,Inversión,76273000000.0,78712413607.40787
2025,Salud y protección social,19,Fondo de previsión social del congreso ,1913,Inversión,500000000.0,515991331.1880211
2025,Salud y protección social,19,Fondo pasivo social de ferrocarriles nacionales de colombia ,1914,Funcionamiento,842723447000.0,869675986481.7755
2025,Salud y protección social,19,Fondo pasivo social de ferrocarriles nacionales de colombia ,1914,Inversión,1900500000.0,1961283049.8456683
2025,Salud y protección social,19,Instituto nacional de salud (ins),1903,Funcionamiento,61080047000.0,63033549521.11379
2025,Salud y protección social,19,Instituto nacional de salud (ins),1903,Inversión,62680604677.0,64685297293.91067
2025,Salud y protección social,19,Instituto nacional de vigilancia de medicamentos y alimentos - invima,1912,Funcionamiento,182243290000.0,188071915614.36917
2025,Salud y protección social,19,Instituto nacional de vigilancia de medicamentos y alimentos - invima,1912,Inversión,60520761562.0,62456376645.7784
2025,Salud y protección social,19,Ministerio de salud y protección social,1901,Funcionamiento,63216256287273.0,65238080468786.21
2025,Salud y protección social,19,Ministerio de salud y protección social,1901,Inversión,1886900174049.0,1947248265252.9043
2025,Salud y protección social,19,Superintendencia nacional de salud,1910,Funcionamiento,239012900000.0,246657168884.21875
2025,Salud y protección social,19,Superintendencia nacional de salud,1910,Inversión,87198844691.0,89987695900.3332
2025,Servicio de la deuda pública nacional,14,Servicio de la deuda pública nacional,1401,Deuda,109828422000000.0,113341027340119.5
2025,"Sistema integral de verdad, justicia, reparación y no repetición",44,Jurisdicción especial para la paz,4401,Funcionamiento,547711000000.0,565228255992.6445
2025,"Sistema integral de verdad, justicia, reparación y no repetición",44,Jurisdicción especial para la paz,4401,Inversión,189521300973.0,195582696755.08777
2025,"Sistema integral de verdad, justicia, reparación y no repetición",44,Unidad de búsqueda de personas dadas por desaparecidas en el contexto y en razón del conflicto armado (ubpd),4403,Funcionamiento,117569000000.0,121329169632.88892
2025,Trabajo,36,Unidad administrativa especial del servicio público de empleo,3613,Funcionamiento,15043360000.0,15524486703.88126
2025,Trabajo,36,Unidad administrativa especial del servicio público de empleo,3613,Inversión,17000000000.0,17543705260.39272
2025,Transporte,24,Agencia nacional de infraestructura,2413,Funcionamiento,134319232110.0,138615118761.18338
2025,Transporte,24,Agencia nacional de infraestructura,2413,Deuda,2013839757091.0,2078247714121.4924
2025,"Vivienda, ciudad y territorio",40,"Ministerio de vivienda, ciudad y territorio",4001,Inversión,1614293994900.0,1665923414714.559
2025,Deporte y recreación,43,Ministerio del deporte,4301,Inversión,400000000000.0,412793064950.41693
2025,Deporte y recreación,43,Ministerio del deporte,4301,Funcionamiento,64365817578.0,66424407790.155106
2025,Defensa y policía,16,Policía nacional,1601,Inversión,238562549467.0,246192414942.17096
2025,Defensa y policía,16,Policía nacional,1601,Funcionamiento,16568377000000.0,17098277807709.984
2025,Defensa y policía,15,Unidad administrativa especial de la justicia penal militar y policial,1521,Inversión,6227362144.0,6426529764.944899
2025,Defensa y policía,15,Unidad administrativa especial de la justicia penal militar y policial,1521,Funcionamiento,175754000000.0,181375080843.23892
2025,Defensa y policía,15,Superintendencia de vigilancia y seguridad privada,1516,Inversión,4575000000.0,4721320680.370394
2025,Defensa y policía,15,Superintendencia de vigilancia y seguridad privada,1516,Funcionamiento,33484000000.0,34554907466.9994
2025,Defensa y policía,15,Ministerio de defensa nacional,1501,Inversión,2099102953143.0,2166237854185.9255
2025,Defensa y policía,15,Ministerio de defensa nacional,1501,Deuda,551476868334.0,569114566822.1234
2025,Defensa y policía,15,Ministerio de defensa nacional,1501,Funcionamiento,22171364000000.0,22880463249228.34
2025,Defensa y policía,15,Instituto casas fiscales del ejército,1507,Inversión,38200000000.0,39421737702.76482
2025,Defensa y policía,15,Instituto casas fiscales del ejército,1507,Funcionamiento,36841000000.0,38019273264.59577
2025,Defensa y policía,15,Hospital militar,1519,Inversión,46400000000.0,47883995534.24836
2025,"Vivienda, ciudad y territorio",40,"Ministerio de vivienda, ciudad y territorio",4001,Funcionamiento,4343076194403.0,4481979334002.018
2025,Defensa y policía,15,Fondo rotatorio de la policía,1512,Inversión,5276235351.0,5444983404.847572
2025,"Vivienda, ciudad y territorio",40,Fondo nacional de vivienda - fonvivienda,4002,Inversión,2659636589387.0,2744698848468.333
2025,Transporte,24,Unidad de planeación del sector de infraestructura de transporte,2414,Inversión,16500000000.0,17027713929.2047
2025,Transporte,24,Agencia nacional de infraestructura,2413,Inversión,7382206818592.0,7618309446861.1455
2025,Transporte,24,Agencia nacional de seguridad vial,2416,Funcionamiento,29644186000.0,30592285992.2506
2025,Transporte,24,Agencia nacional de seguridad vial,2416,Inversión,174455608437.0,180035163261.24762
2025,Transporte,24,Comisión de regulación de infraestructura y transporte,2415,Funcionamiento,1407199000.0,1452204970.5129044
2025,Transporte,24,Instituto nacional de vías,2402,Funcionamiento,220812175000.0,227874336241.54456
2025,Transporte,24,Instituto nacional de vías,2402,Deuda,601876014.0,621125611.348
2025,Transporte,24,Instituto nacional de vías,2402,Inversión,3464357634368.0,3575157014937.8564
2025,Transporte,24,Ministerio de transporte,2401,Funcionamiento,315303412000.0,325387654572.0102
2025,Transporte,24,Ministerio de transporte,2401,Deuda,6797215826.0,7014608884.860049
2025,Transporte,24,Ministerio de transporte,2401,Inversión,129575000000.0,133719153477.37569
2025,Transporte,24,Superintendencia de puertos y transporte,2417,Funcionamiento,60447831028.0,62381113599.132576
2025,Transporte,24,Superintendencia de puertos y transporte,2417,Inversión,37067526073.0,38253044244.507904
2025,Transporte,24,Unidad administrativa especial de la aeronáutica civil,2412,Funcionamiento,837409834774.0,864192430789.9542
2025,Transporte,24,Unidad administrativa especial de la aeronáutica civil,2412,Inversión,2283951000000.0,2356997833716.4243
2025,Transporte,24,Unidad de planeación del sector de infraestructura de transporte,2414,Funcionamiento,18098365000.0,18677198897.353382
2025,"Vivienda, ciudad y territorio",40,Fondo nacional de vivienda - fonvivienda,4002,Funcionamiento,8800000000.0,9081447428.909172
2025,Educación,22,Instituto tolimense de formación técnica profesional,2241,Funcionamiento,30444508468.0,31418204903.53661
2026,Agricultura y desarrollo rural,17,Agencia de desarrollo rural - adr,1718,Funcionamiento,51717951000.0,51717951000.0
2026,Agricultura y desarrollo rural,17,Agencia de desarrollo rural - adr,1718,Inversión,495276594073.0,495276594073.0
2026,Agricultura y desarrollo rural,17,Agencia nacional de tierras - ant,1717,Funcionamiento,77711889000.0,77711889000.0
2026,Agricultura y desarrollo rural,17,Agencia nacional de tierras - ant,1717,Inversión,1187087860795.0,1187087860795.0
2026,Agricultura y desarrollo rural,17,Autoridad nacional de acuicultura y pesca - aunap,1715,Funcionamiento,24551871000.0,24551871000.0
2026,Agricultura y desarrollo rural,17,Autoridad nacional de acuicultura y pesca - aunap,1715,Inversión,70000000000.0,70000000000.0
2026,Agricultura y desarrollo rural,17,Instituto colombiano agropecuario (ica),1702,Funcionamiento,224404090000.0,224404090000.0
2026,Agricultura y desarrollo rural,17,Instituto colombiano agropecuario (ica),1702,Inversión,250000000000.0,250000000000.0
2026,Agricultura y desarrollo rural,17,Ministerio de agricultura y desarrollo rural,1701,Funcionamiento,330363497000.0,330363497000.0
2026,Agricultura y desarrollo rural,17,Ministerio de agricultura y desarrollo rural,1701,Inversión,820270384808.0,820270384808.0
2026,Agricultura y desarrollo rural,17,Unidad administrativa especial de gestión de restitución de tierras despojadas,1716,Funcionamiento,81763740000.0,81763740000.0
2026,Agricultura y desarrollo rural,17,Unidad administrativa especial de gestión de restitución de tierras despojadas,1716,Inversión,390926397814.0,390926397814.0
2026,Ambiente y desarrollo sostenible,32,Corporación  para el desarrollo sostenible de la mojana y el san jorge (corpomojana),3228,Funcionamiento,3311700000.0,3311700000.0
2026,Ambiente y desarrollo sostenible,32,Corporación  para el desarrollo sostenible del norte y oriente de la amazonia (cda),3224,Funcionamiento,3476200000.0,3476200000.0
2026,Ambiente y desarrollo sostenible,32,Corporación autónoma regional de boyacá (corpoboyacá),3235,Funcionamiento,3029600000.0,3029600000.0
2026,Ambiente y desarrollo sostenible,32,Corporación autónoma regional de caldas (corpocaldas),3211,Funcionamiento,5649897000.0,5649897000.0
2026,Ambiente y desarrollo sostenible,32,Corporación autónoma regional de chivor (corpochivor),3236,Funcionamiento,3387400000.0,3387400000.0
2026,Ambiente y desarrollo sostenible,32,Corporación autónoma regional de la frontera nororiental (corponor),3217,Funcionamiento,5322600000.0,5322600000.0
2026,Ambiente y desarrollo sostenible,32,Corporación autónoma regional de la guajira (corpoguajira),3218,Funcionamiento,5374800000.0,5374800000.0
2026,Ambiente y desarrollo sostenible,32,Corporación autónoma regional de la orinoquia (corporinoquia),3229,Funcionamiento,3148460000.0,3148460000.0
2026,Ambiente y desarrollo sostenible,32,Corporación autónoma regional de los valles del sinú y san jorge (cvs),3208,Funcionamiento,5642900000.0,5642900000.0
2026,Ambiente y desarrollo sostenible,32,Corporación autónoma regional de nariño (corponariño),3216,Funcionamiento,3755968000.0,3755968000.0
2026,Ambiente y desarrollo sostenible,32,Corporación autónoma regional de risaralda (carder),3215,Funcionamiento,3750858000.0,3750858000.0
2026,Ambiente y desarrollo sostenible,32,Corporación autónoma regional de santander (cas),3234,Funcionamiento,3149000000.0,3149000000.0
2026,Ambiente y desarrollo sostenible,32,Corporación autónoma regional de sucre (carsucre),3230,Funcionamiento,3670000000.0,3670000000.0
2026,Ambiente y desarrollo sostenible,32,Corporación autónoma regional del alto magdalena (cam),3231,Funcionamiento,3262600000.0,3262600000.0
2026,Ambiente y desarrollo sostenible,32,Corporación autónoma regional del atlántico (cra),3233,Funcionamiento,3004000000.0,3004000000.0
2026,Ambiente y desarrollo sostenible,32,Corporación autónoma regional del canal del dique (cardique),3238,Funcionamiento,3274900000.0,3274900000.0
2026,Ambiente y desarrollo sostenible,32,Corporación autónoma regional del cauca (crc),3221,Funcionamiento,8565519000.0,8565519000.0
2026,Ambiente y desarrollo sostenible,32,Corporación autónoma regional del centro de antioquia (corantioquia),3232,Funcionamiento,3459800000.0,3459800000.0
2026,Ambiente y desarrollo sostenible,32,Corporación autónoma regional del cesar (corpocesar),3219,Funcionamiento,4302600000.0,4302600000.0
2026,Ambiente y desarrollo sostenible,32,Corporación autónoma regional del guavio (corpoguavio),3237,Funcionamiento,1062800000.0,1062800000.0
2026,Ambiente y desarrollo sostenible,32,Corporación autónoma regional del magdalena (corpamag),3222,Funcionamiento,7110300000.0,7110300000.0
2026,Ambiente y desarrollo sostenible,32,Corporación autónoma regional del quindío (crq),3209,Funcionamiento,6736200000.0,6736200000.0
2026,Ambiente y desarrollo sostenible,32,Corporación autónoma regional del sur de bolívar (csb),3239,Funcionamiento,3955000000.0,3955000000.0
2026,Ambiente y desarrollo sostenible,32,Corporación autónoma regional del tolima (cortolima),3214,Funcionamiento,2919169000.0,2919169000.0
2026,Ambiente y desarrollo sostenible,32,Corporación autónoma regional para el desarrollo sostenible del choco (codechoco),3212,Funcionamiento,25647347000.0,25647347000.0
2026,Ambiente y desarrollo sostenible,32,Corporación autónoma regional para la defensa de la meseta de bucaramanga (cdmb),3213,Funcionamiento,1702100000.0,1702100000.0
2026,Ambiente y desarrollo sostenible,32,"Corporación para el desarrollo sostenible del archipiélago de san andres, providencia y santa catalina (coralina)",3226,Funcionamiento,3364359000.0,3364359000.0
2026,Ambiente y desarrollo sostenible,32,Corporación para el desarrollo sostenible del sur de la amazonia (corpoamazonia),3223,Funcionamiento,3223706000.0,3223706000.0
2026,Ambiente y desarrollo sostenible,32,Corporación para el desarrollo sostenible del urabá (corpourabá),3210,Funcionamiento,5396381000.0,5396381000.0
2026,Ambiente y desarrollo sostenible,32,Corporación para el desarrollo sostenible del área de manejo especial la macarena (cormacarena),3227,Funcionamiento,3673580000.0,3673580000.0
2026,Ambiente y desarrollo sostenible,32,Fondo nacional ambiental,3204,Funcionamiento,101015900000.0,101015900000.0
2026,Ambiente y desarrollo sostenible,32,Fondo nacional ambiental,3204,Inversión,189545712302.0,189545712302.0
2026,Ambiente y desarrollo sostenible,32,"Instituto de hidrología, meteorología y estudios ambientales- ideam",3202,Funcionamiento,64521150000.0,64521150000.0
2026,Ambiente y desarrollo sostenible,32,"Instituto de hidrología, meteorología y estudios ambientales- ideam",3202,Inversión,57563244675.0,57563244675.0
2026,Ambiente y desarrollo sostenible,32,Ministerio de ambiente y desarrollo sostenible,3201,Funcionamiento,373217776000.0,373217776000.0
2026,Ambiente y desarrollo sostenible,32,Ministerio de ambiente y desarrollo sostenible,3201,Inversión,867184839969.0,867184839969.0
2026,"Ciencia, tecnología e innovación",39,"Ministerio de ciencia, tecnología e innovación",3901,Funcionamiento,31288669554.0,31288669554.0
2026,"Ciencia, tecnología e innovación",39,"Ministerio de ciencia, tecnología e innovación",3901,Inversión,348567095647.0,348567095647.0
2026,"Comercio, industria y turismo",35,Instituto nacional de metrología - inm,3505,Funcionamiento,24420070000.0,24420070000.0
2026,"Comercio, industria y turismo",35,Instituto nacional de metrología - inm,3505,Inversión,15263074472.0,15263074472.0
2026,"Comercio, industria y turismo",35,"Ministerio de comercio, industria y turismo",3501,Funcionamiento,957869577216.0,957869577216.0
2026,"Comercio, industria y turismo",35,"Ministerio de comercio, industria y turismo",3501,Inversión,195786128710.0,195786128710.0
2026,"Comercio, industria y turismo",35,Superintendencia de industria y comercio,3503,Funcionamiento,234207310000.0,234207310000.0
2026,"Comercio, industria y turismo",35,Superintendencia de industria y comercio,3503,Inversión,75790516321.0,75790516321.0
2026,"Comercio, industria y turismo",35,Superintendencia de sociedades,3502,Funcionamiento,203800677000.0,203800677000.0
2026,"Comercio, industria y turismo",35,Superintendencia de sociedades,3502,Inversión,32373593772.0,32373593772.0
2026,"Comercio, industria y turismo",35,Unidad administrativa especial junta central contadores,3504,Funcionamiento,15632573000.0,15632573000.0
2026,"Comercio, industria y turismo",35,Unidad administrativa especial junta central contadores,3504,Inversión,14455244744.0,14455244744.0
2026,Congreso de la república,1,Congreso de la república,101,Funcionamiento,1132522000000.0,1132522000000.0
2026,Congreso de la república,1,Congreso de la república,101,Inversión,200000000000.0,200000000000.0
2026,Congreso de la república,1,Congreso de la república,101,Deuda,1105650762.0,1105650762.0
2026,Cultura,33,Archivo general de la nación,3304,Funcionamiento,22164626377.0,22164626377.0
2026,Cultura,33,Archivo general de la nación,3304,Inversión,31039572619.0,31039572619.0
2026,Cultura,33,Instituto caro y cuervo,3307,Funcionamiento,17348366170.0,17348366170.0
2026,Cultura,33,Instituto caro y cuervo,3307,Inversión,13463435000.0,13463435000.0
2026,Cultura,33,Instituto colombiano de antropología e historia,3305,Funcionamiento,28005672941.0,28005672941.0
2026,Cultura,33,Instituto colombiano de antropología e historia,3305,Inversión,21840198439.0,21840198439.0
2026,Cultura,33,"Ministerio de las culturas, las artes y los saberes ancestrales",3301,Funcionamiento,328388065373.0,328388065373.0
2026,Cultura,33,"Ministerio de las culturas, las artes y los saberes ancestrales",3301,Inversión,673000000000.0,673000000000.0
2026,Defensa y policía,15,Agencia logística de las fuerzas militares,1520,Funcionamiento,1040248000000.0,1040248000000.0
2026,Defensa y policía,15,Agencia logística de las fuerzas militares,1520,Inversión,5500000000.0,5500000000.0
2026,Defensa y policía,15,Caja de retiro de las fuerzas militares,1503,Funcionamiento,8412923000000.0,8412923000000.0
2026,Defensa y policía,15,Caja de retiro de las fuerzas militares,1503,Inversión,13838000000.0,13838000000.0
2026,Defensa y policía,15,Caja de sueldos de retiro de la policía nacional,1511,Funcionamiento,7953759000000.0,7953759000000.0
2026,Defensa y policía,15,Caja de sueldos de retiro de la policía nacional,1511,Inversión,9907000000.0,9907000000.0
2026,Defensa y policía,15,Club militar de oficiales,1510,Funcionamiento,65319000000.0,65319000000.0
2026,Defensa y policía,15,Club militar de oficiales,1510,Inversión,13965000000.0,13965000000.0
2026,Defensa y policía,15,"Defensa civil colombiana, guillermo león valencia",1508,Funcionamiento,46388000000.0,46388000000.0
2026,Defensa y policía,15,"Defensa civil colombiana, guillermo león valencia",1508,Inversión,8000580895.0,8000580895.0
2026,Defensa y policía,15,Fondo rotatorio de la policía,1512,Funcionamiento,329976000000.0,329976000000.0
2026,Defensa y policía,15,Fondo rotatorio de la policía,1512,Inversión,5599000000.0,5599000000.0
2026,Defensa y policía,15,Hospital militar,1519,Funcionamiento,539632000000.0,539632000000.0
2026,Defensa y policía,15,Hospital militar,1519,Inversión,40000000000.0,40000000000.0
2026,Defensa y policía,15,Instituto casas fiscales del ejército,1507,Funcionamiento,37936000000.0,37936000000.0
2026,Defensa y policía,15,Instituto casas fiscales del ejército,1507,Inversión,39858000000.0,39858000000.0
2026,Defensa y policía,15,Ministerio de defensa nacional,1501,Funcionamiento,24530812000000.0,24530812000000.0
2026,Defensa y policía,15,Ministerio de defensa nacional,1501,Inversión,2972405727503.0,2972405727503.0
2026,Defensa y policía,15,Ministerio de defensa nacional,1501,Deuda,327684852349.0,327684852349.0
2026,Defensa y policía,15,Superintendencia de vigilancia y seguridad privada,1516,Funcionamiento,32635000000.0,32635000000.0
2026,Defensa y policía,15,Superintendencia de vigilancia y seguridad privada,1516,Inversión,5032000000.0,5032000000.0
2026,Defensa y policía,15,Unidad administrativa especial de la justicia penal militar y policial,1521,Funcionamiento,151044000000.0,151044000000.0
2026,Defensa y policía,15,Unidad administrativa especial de la justicia penal militar y policial,1521,Inversión,5997066452.0,5997066452.0
2026,Defensa y policía,16,Policía nacional,1601,Funcionamiento,18652903743991.0,18652903743991.0
2026,Defensa y policía,16,Policía nacional,1601,Inversión,555740206045.0,555740206045.0
2026,Deporte y recreación,43,Ministerio del deporte,4301,Funcionamiento,54194708762.0,54194708762.0
2026,Deporte y recreación,43,Ministerio del deporte,4301,Inversión,441892487504.0,441892487504.0
2026,Educación,22,Entes autónomos universitarios estatales - universidades públicas,2257,Funcionamiento,8285367972153.0,8285367972153.0
2026,Educación,22,Entes autónomos universitarios estatales - universidades públicas,2257,Inversión,195657286753.0,195657286753.0
2026,Educación,22,Escuela tecnológica instituto técnico central,2234,Funcionamiento,50721812884.0,50721812884.0
2026,Educación,22,Escuela tecnológica instituto técnico central,2234,Inversión,28036948202.0,28036948202.0
2026,Educación,22,Instituto nacional de formación técnica profesional de san andres y providencia,2238,Funcionamiento,9669311369.0,9669311369.0
2026,Educación,22,Instituto nacional de formación técnica profesional de san andres y providencia,2238,Inversión,7497768303.0,7497768303.0
2026,Educación,22,Instituto nacional de formación técnica profesional de san juan del cesar,2239,Funcionamiento,11425254587.0,11425254587.0
2026,Educación,22,Instituto nacional de formación técnica profesional de san juan del cesar,2239,Inversión,9522349295.0,9522349295.0
2026,Educación,22,Instituto tolimense de formación técnica profesional,2241,Funcionamiento,33762931000.0,33762931000.0
2026,Educación,22,Instituto tolimense de formación técnica profesional,2241,Inversión,24688656370.0,24688656370.0
2026,Educación,22,"Instituto técnico nacional de comercio ""simón rodríguez"" de cali",2242,Funcionamiento,15196003642.0,15196003642.0
2026,Educación,22,"Instituto técnico nacional de comercio ""simón rodríguez"" de cali",2242,Inversión,12152395223.0,12152395223.0
2026,Educación,22,Ministerio de educación nacional,2201,Funcionamiento,72995512455343.0,72995512455343.0
2026,Educación,22,Ministerio de educación nacional,2201,Inversión,3543208119834.0,3543208119834.0
2026,Educación,22,Unidad administrativa especial alimentación escolar,2246,Funcionamiento,16586643078.0,16586643078.0
2026,Educación,22,Unidad administrativa especial alimentación escolar,2246,Inversión,2999536927704.0,2999536927704.0
2026,Empleo público,38,Comisión nacional del servicio civil,3801,Funcionamiento,38432674000.0,38432674000.0
2026,Empleo público,38,Comisión nacional del servicio civil,3801,Inversión,116436375000.0,116436375000.0
2026,Empleo público,5,Departamento administrativo de la función pública,501,Funcionamiento,45489738349.0,45489738349.0
2026,Empleo público,5,Departamento administrativo de la función pública,501,Inversión,10000000000.0,10000000000.0
2026,Empleo público,5,Escuela superior de administración pública (esap),503,Funcionamiento,165719649000.0,165719649000.0
2026,Empleo público,5,Escuela superior de administración pública (esap),503,Inversión,284986451000.0,284986451000.0
2026,Fiscalía,29,Fiscalía general de la nación,2901,Funcionamiento,6358289203845.0,6358289203845.0
2026,Fiscalía,29,Fiscalía general de la nación,2901,Inversión,254108133045.0,254108133045.0
2026,Fiscalía,29,Fiscalía general de la nación,2901,Deuda,173977914661.0,173977914661.0
2026,Fiscalía,29,Fondo especial para la administración de bienes de la fiscalía general de la nación,2904,Funcionamiento,23303804000.0,23303804000.0
2026,Fiscalía,29,Fondo especial para la administración de bienes de la fiscalía general de la nación,2904,Inversión,16071707549.0,16071707549.0
2026,Fiscalía,29,Instituto nacional de medicina legal y ciencias forenses,2902,Funcionamiento,411552835847.0,411552835847.0
2026,Fiscalía,29,Instituto nacional de medicina legal y ciencias forenses,2902,Inversión,136870701548.0,136870701548.0
2026,Hacienda,13,Fondo adaptación,1315,Funcionamiento,43385000000.0,43385000000.0
2026,Hacienda,13,Fondo adaptación,1315,Inversión,505287741955.0,505287741955.0
2026,Hacienda,13,Ministerio de hacienda y crédito público,1301,Funcionamiento,24318816676794.0,24318816676794.0
2026,Hacienda,13,Ministerio de hacienda y crédito público,1301,Inversión,4237941260196.0,4237941260196.0
2026,Hacienda,13,Superintendencia de la economía solidaria,1309,Funcionamiento,26141600000.0,26141600000.0
2026,Hacienda,13,Superintendencia de la economía solidaria,1309,Inversión,20000000000.0,20000000000.0
2026,Hacienda,13,Superintendencia financiera de colombia,1313,Funcionamiento,443882000000.0,443882000000.0
2026,Hacienda,13,Superintendencia financiera de colombia,1313,Inversión,60609269000.0,60609269000.0
2026,Hacienda,13,Unidad administrativa especial contaduría general de la nación,1308,Funcionamiento,23038018000.0,23038018000.0
2026,Hacienda,13,Unidad administrativa especial contaduría general de la nación,1308,Inversión,4334872606.0,4334872606.0
2026,Hacienda,13,Unidad administrativa especial de gestión  pensional y contribuciones parafiscales de la protección social (ugppp),1314,Funcionamiento,244439000000.0,244439000000.0
2026,Hacienda,13,Unidad administrativa especial de gestión  pensional y contribuciones parafiscales de la protección social (ugppp),1314,Inversión,4784056802.0,4784056802.0
2026,Hacienda,13,Unidad administrativa especial dirección de impuestos y aduanas nacionales,1310,Funcionamiento,3600355000000.0,3600355000000.0
2026,Hacienda,13,Unidad administrativa especial dirección de impuestos y aduanas nacionales,1310,Inversión,72802470035.0,72802470035.0
2026,Hacienda,13,Unidad de información y análisis financiero,1312,Funcionamiento,26637000000.0,26637000000.0
2026,Hacienda,13,Unidad de información y análisis financiero,1312,Inversión,2496264045.0,2496264045.0
2026,Igualdad y equidad,46,Instituto colombiano de bienestar familiar,4602,Funcionamiento,1280212407000.0,1280212407000.0
2026,Igualdad y equidad,46,Instituto colombiano de bienestar familiar,4602,Inversión,9406590615157.0,9406590615157.0
2026,Igualdad y equidad,46,Instituto nacional para ciegos (inci),4604,Funcionamiento,8979329402.0,8979329402.0
2026,Igualdad y equidad,46,Instituto nacional para ciegos (inci),4604,Inversión,3158241038.0,3158241038.0
2026,Igualdad y equidad,46,Instituto nacional para sordos (insor),4603,Funcionamiento,9488736984.0,9488736984.0
2026,Igualdad y equidad,46,Instituto nacional para sordos (insor),4603,Inversión,8258368605.0,8258368605.0
2026,Igualdad y equidad,46,Ministerio de la igualdad y la equidad,4601,Funcionamiento,323442835064.0,323442835064.0
2026,Inclusión social y reconciliación,41,Centro de memoria histórica,4105,Funcionamiento,19947954098.0,19947954098.0
2026,Inclusión social y reconciliación,41,Centro de memoria histórica,4105,Inversión,65653928333.0,65653928333.0
2026,Inclusión social y reconciliación,41,Departamento administrativo para la prosperidad social,4101,Funcionamiento,283562272680.0,283562272680.0
2026,Inclusión social y reconciliación,41,Departamento administrativo para la prosperidad social,4101,Inversión,7969938652304.0,7969938652304.0
2026,Inclusión social y reconciliación,41,Unidad de atención y reparación integral a las víctimas,4104,Funcionamiento,1690730626878.0,1690730626878.0
2026,Inclusión social y reconciliación,41,Unidad de atención y reparación integral a las víctimas,4104,Inversión,2715654951175.0,2715654951175.0
2026,Información estadística,4,Departamento administrativo nacional de estadística (dane),401,Funcionamiento,180914447000.0,180914447000.0
2026,Información estadística,4,Departamento administrativo nacional de estadística (dane),401,Inversión,196744680851.0,196744680851.0
2026,Información estadística,4,Fondo rotatorio del dane,402,Funcionamiento,1847000000.0,1847000000.0
2026,Información estadística,4,Fondo rotatorio del dane,402,Inversión,32128446000.0,32128446000.0
2026,Información estadística,4,Instituto geográfico agustín codazzi - igac,403,Funcionamiento,126372000000.0,126372000000.0
2026,Información estadística,4,Instituto geográfico agustín codazzi - igac,403,Inversión,293530427202.0,293530427202.0
2026,Inteligencia,42,Departamento administrativo dirección nacional de inteligencia,4201,Funcionamiento,154503477808.0,154503477808.0
2026,Inteligencia,42,Departamento administrativo dirección nacional de inteligencia,4201,Inversión,23154858491.0,23154858491.0
2026,Interior,37,Corporación nacional para la reconstrucción de la cuenca del rio páez y zonas aledañas nasa ki we,3704,Funcionamiento,4871515875.0,4871515875.0
2026,Interior,37,Corporación nacional para la reconstrucción de la cuenca del rio páez y zonas aledañas nasa ki we,3704,Inversión,17000000000.0,17000000000.0
2026,Interior,37,Dirección nacional de bomberos,3709,Funcionamiento,9055436842.0,9055436842.0
2026,Interior,37,Dirección nacional de bomberos,3709,Inversión,85605584213.0,85605584213.0
2026,Interior,37,Dirección nacional del derecho de autor,3703,Funcionamiento,6326100956.0,6326100956.0
2026,Interior,37,Dirección nacional del derecho de autor,3703,Inversión,2430671401.0,2430671401.0
2026,Interior,37,Ministerio del interior,3701,Funcionamiento,1114963588386.0,1114963588386.0
2026,Interior,37,Ministerio del interior,3701,Inversión,314006698725.0,314006698725.0
2026,Interior,37,Unidad nacional de protección - unp,3708,Funcionamiento,2713303201284.0,2713303201284.0
2026,Interior,37,Unidad nacional de protección - unp,3708,Inversión,4000000000.0,4000000000.0
2026,Interior,37,Unidad nacional de protección - unp,3708,Deuda,3610711702.0,3610711702.0
2026,Justicia y del derecho,12,Instituto nacional penitenciario y carcelario - inpec,1208,Funcionamiento,2202168345486.0,2202168345486.0
2026,Justicia y del derecho,12,Instituto nacional penitenciario y carcelario - inpec,1208,Inversión,6432700000.0,6432700000.0
2026,Justicia y del derecho,12,Ministerio de justicia y del derecho,1201,Funcionamiento,166399120926.0,166399120926.0
2026,Justicia y del derecho,12,Ministerio de justicia y del derecho,1201,Inversión,64975440757.0,64975440757.0
2026,Justicia y del derecho,12,Superintendencia de notariado y registro,1204,Funcionamiento,709752149771.0,709752149771.0
2026,Justicia y del derecho,12,Superintendencia de notariado y registro,1204,Inversión,194474468077.0,194474468077.0
2026,Justicia y del derecho,12,Unidad administrativa especial agencia nacional de defensa jurídica del estado,1210,Funcionamiento,86850143823.0,86850143823.0
2026,Justicia y del derecho,12,Unidad administrativa especial agencia nacional de defensa jurídica del estado,1210,Inversión,22266327000.0,22266327000.0
2026,Justicia y del derecho,12,Unidad de servicios penitenciarios y carcelarios - uspec,1211,Funcionamiento,1632154076293.0,1632154076293.0
2026,Justicia y del derecho,12,Unidad de servicios penitenciarios y carcelarios - uspec,1211,Inversión,417154693375.0,417154693375.0
2026,Minas y energía,21,Agencia nacional de hidrocarburos - anh,2111,Funcionamiento,2754945900000.0,2754945900000.0
2026,Minas y energía,21,Agencia nacional de hidrocarburos - anh,2111,Inversión,423760700000.0,423760700000.0
2026,Minas y energía,21,Agencia nacional de minería - anm,2112,Funcionamiento,127513269391.0,127513269391.0
2026,Minas y energía,21,Agencia nacional de minería - anm,2112,Inversión,90423293000.0,90423293000.0
2026,Minas y energía,21,Instituto de planificación y promoción de soluciones  energéticas para las zonas no interconectadas - ipse,2110,Funcionamiento,22713274000.0,22713274000.0
2026,Minas y energía,21,Instituto de planificación y promoción de soluciones  energéticas para las zonas no interconectadas - ipse,2110,Inversión,50000000000.0,50000000000.0
2026,Minas y energía,21,Ministerio de minas y energía,2101,Funcionamiento,219504900000.0,219504900000.0
2026,Minas y energía,21,Ministerio de minas y energía,2101,Inversión,9454741911809.0,9454741911809.0
2026,Minas y energía,21,Ministerio de minas y energía,2101,Deuda,3459700000.0,3459700000.0
2026,Minas y energía,21,Servicio geológico colombiano,2103,Funcionamiento,76428064081.0,76428064081.0
2026,Minas y energía,21,Servicio geológico colombiano,2103,Inversión,80000000000.0,80000000000.0
2026,Minas y energía,21,Unidad de planeacion minero energética - upme,2109,Funcionamiento,42155600000.0,42155600000.0
2026,Minas y energía,21,Unidad de planeacion minero energética - upme,2109,Inversión,42894252832.0,42894252832.0
2026,Organismos de control,25,Defensoría del pueblo,2502,Funcionamiento,1107599530926.0,1107599530926.0
2026,Organismos de control,25,Defensoría del pueblo,2502,Inversión,85610000000.0,85610000000.0
2026,Organismos de control,25,Procuraduría general de la nación,2501,Funcionamiento,1440892078008.0,1440892078008.0
2026,Organismos de control,25,Procuraduría general de la nación,2501,Inversión,661498000000.0,661498000000.0
2026,Organismos de control,26,Contraloría general de la república,2601,Funcionamiento,1367874000000.0,1367874000000.0
2026,Organismos de control,26,Contraloría general de la república,2601,Inversión,130690928818.0,130690928818.0
2026,Organismos de control,26,Fondo de bienestar social de la contraloría general de la república,2602,Funcionamiento,157254950824.0,157254950824.0
2026,Organismos de control,26,Fondo de bienestar social de la contraloría general de la república,2602,Inversión,1041226669.0,1041226669.0
2026,Organismos de control,34,Auditoría general de la republica,3401,Funcionamiento,51919673120.0,51919673120.0
2026,Organismos de control,34,Auditoría general de la republica,3401,Inversión,11188264269.0,11188264269.0
2026,Planeación,3,Departamento administrativo nacional de planeación,301,Funcionamiento,109291555403.0,109291555403.0
2026,Planeación,3,Departamento administrativo nacional de planeación,301,Inversión,925503557273.0,925503557273.0
2026,Planeación,3,Superintendencia de servicios públicos domiciliarios,324,Funcionamiento,462878497000.0,462878497000.0
2026,Planeación,3,Superintendencia de servicios públicos domiciliarios,324,Inversión,33195536331.0,33195536331.0
2026,Planeación,3,Unidad administrativa especial  - agencia nacional de contratación pública - colombia compra eficiente,303,Funcionamiento,27651481441.0,27651481441.0
2026,Planeación,3,Unidad administrativa especial  - agencia nacional de contratación pública - colombia compra eficiente,303,Inversión,68443978983.0,68443978983.0
2026,Presidencia de la república,2,Agencia de renovación del territorio – art,214,Funcionamiento,74970000000.0,74970000000.0
2026,Presidencia de la república,2,Agencia de renovación del territorio – art,214,Inversión,118308579275.0,118308579275.0
2026,Presidencia de la república,2,Agencia nacional inmobiliaria virgilio barco vargas,213,Funcionamiento,14111913356.0,14111913356.0
2026,Presidencia de la república,2,Agencia nacional inmobiliaria virgilio barco vargas,213,Inversión,15000000000.0,15000000000.0
2026,Presidencia de la república,2,Agencia para la reincorporación y la normalización - arn,212,Funcionamiento,357622000000.0,357622000000.0
2026,Presidencia de la república,2,Agencia para la reincorporación y la normalización - arn,212,Inversión,2000000000.0,2000000000.0
2026,Presidencia de la república,2,"Agencia presidencial de cooperación internacional de colombia, apc - colombia",209,Funcionamiento,49887000000.0,49887000000.0
2026,Presidencia de la república,2,"Agencia presidencial de cooperación internacional de colombia, apc - colombia",209,Inversión,58249784996.0,58249784996.0
2026,Presidencia de la república,2,Presidencia de la república,201,Funcionamiento,1286301000000.0,1286301000000.0
2026,Presidencia de la república,2,Presidencia de la república,201,Inversión,121314601013.0,121314601013.0
2026,Presidencia de la república,2,Unidad nacional para la gestión del riesgo de desastres,211,Funcionamiento,689019000000.0,689019000000.0
2026,Presidencia de la república,2,Unidad nacional para la gestión del riesgo de desastres,211,Inversión,10000000000.0,10000000000.0
2026,Rama judicial,27,Rama judicial,2701,Funcionamiento,9459483033632.0,9459483033632.0
2026,Rama judicial,27,Rama judicial,2701,Inversión,1449610576324.0,1449610576324.0
2026,Rama judicial,27,Rama judicial,2701,Deuda,17695578134.0,17695578134.0
2026,Registraduría,28,Consejo nacional electoral,2804,Funcionamiento,1103673234000.0,1103673234000.0
2026,Registraduría,28,Consejo nacional electoral,2804,Inversión,8000000000.0,8000000000.0
2026,Registraduría,28,Fondo rotatorio de la registraduría,2802,Funcionamiento,72704515000.0,72704515000.0
2026,Registraduría,28,Fondo rotatorio de la registraduría,2802,Inversión,173250572845.0,173250572845.0
2026,Registraduría,28,Fondo social de vivienda de la registraduría nacional del estado civil,2803,Funcionamiento,15943944000.0,15943944000.0
2026,Registraduría,28,Registraduría nacional del estado civil,2801,Funcionamiento,5370847552000.0,5370847552000.0
2026,Registraduría,28,Registraduría nacional del estado civil,2801,Inversión,215312056738.0,215312056738.0
2026,Relaciones exteriores,11,Fondo rotatorio del ministerio de relaciones exteriores,1102,Funcionamiento,756101646753.0,756101646753.0
2026,Relaciones exteriores,11,Fondo rotatorio del ministerio de relaciones exteriores,1102,Inversión,132459000000.0,132459000000.0
2026,Relaciones exteriores,11,Ministerio de relaciones exteriores,1101,Funcionamiento,732652960750.0,732652960750.0
2026,Relaciones exteriores,11,Unidad administrativa especial migración colombia,1104,Funcionamiento,198935807966.0,198935807966.0
2026,Relaciones exteriores,11,Unidad administrativa especial migración colombia,1104,Inversión,68633961587.0,68633961587.0
2026,Salud y protección social,19,Fondo de previsión social del congreso ,1913,Funcionamiento,453623038700.0,453623038700.0
2026,Salud y protección social,19,Fondo pasivo social de ferrocarriles nacionales de colombia ,1914,Funcionamiento,846834156665.0,846834156665.0
2026,Salud y protección social,19,Fondo pasivo social de ferrocarriles nacionales de colombia ,1914,Inversión,2000000000.0,2000000000.0
2026,Salud y protección social,19,Instituto nacional de salud (ins),1903,Funcionamiento,63567456438.0,63567456438.0
2026,Salud y protección social,19,Instituto nacional de salud (ins),1903,Inversión,57763576000.0,57763576000.0
2026,Salud y protección social,19,Instituto nacional de vigilancia de medicamentos y alimentos - invima,1912,Funcionamiento,194139096000.0,194139096000.0
2026,Salud y protección social,19,Instituto nacional de vigilancia de medicamentos y alimentos - invima,1912,Inversión,83500000000.0,83500000000.0
2026,Salud y protección social,19,Ministerio de salud y protección social,1901,Funcionamiento,73719443649041.0,73719443649041.0
2026,Salud y protección social,19,Ministerio de salud y protección social,1901,Inversión,2187282465247.0,2187282465247.0
2026,Salud y protección social,19,Superintendencia nacional de salud,1910,Funcionamiento,270486183000.0,270486183000.0
2026,Salud y protección social,19,Superintendencia nacional de salud,1910,Inversión,292248473000.0,292248473000.0
2026,Servicio de la deuda pública nacional,14,Servicio de la deuda pública nacional,1401,Deuda,97191505905792.0,97191505905792.0
2026,"Sistema integral de verdad, justicia, reparación y no repetición",44,Jurisdicción especial para la paz,4401,Funcionamiento,555137602334.0,555137602334.0
2026,"Sistema integral de verdad, justicia, reparación y no repetición",44,Jurisdicción especial para la paz,4401,Inversión,189521300973.0,189521300973.0
2026,"Sistema integral de verdad, justicia, reparación y no repetición",44,Unidad de búsqueda de personas dadas por desaparecidas en el contexto y en razón del conflicto armado (ubpd),4403,Funcionamiento,120018789155.0,120018789155.0
2026,"Sistema integral de verdad, justicia, reparación y no repetición",44,Unidad de búsqueda de personas dadas por desaparecidas en el contexto y en razón del conflicto armado (ubpd),4403,Inversión,76273000000.0,76273000000.0
2026,Tecnologías de la información y las comunicaciones,23,Agencia nacional del espectro - ane,2309,Funcionamiento,26413423000.0,26413423000.0
2026,Tecnologías de la información y las comunicaciones,23,Agencia nacional del espectro - ane,2309,Inversión,20458787000.0,20458787000.0
2026,Tecnologías de la información y las comunicaciones,23,Computadores para educar cpe,2311,Funcionamiento,29515356000.0,29515356000.0
2026,Tecnologías de la información y las comunicaciones,23,Computadores para educar cpe,2311,Inversión,38120402000.0,38120402000.0
2026,Tecnologías de la información y las comunicaciones,23,Corporación agencia nacional de gobierno digital - and,2312,Funcionamiento,6028896000.0,6028896000.0
2026,Tecnologías de la información y las comunicaciones,23,Corporación agencia nacional de gobierno digital - and,2312,Inversión,144253247581.0,144253247581.0
2026,Tecnologías de la información y las comunicaciones,23,Fondo único de tecnologías de la información y las comunicaciones,2306,Funcionamiento,368070684000.0,368070684000.0
2026,Tecnologías de la información y las comunicaciones,23,Fondo único de tecnologías de la información y las comunicaciones,2306,Inversión,1485146818000.0,1485146818000.0
2026,Tecnologías de la información y las comunicaciones,23,Ministerio de tecnologías de la información y las comunicaciones,2301,Funcionamiento,105787329570.0,105787329570.0
2026,Tecnologías de la información y las comunicaciones,23,Unidad administrativa especial comisión de regulación de las comunicaciones ,2308,Funcionamiento,39201973000.0,39201973000.0
2026,Tecnologías de la información y las comunicaciones,23,Unidad administrativa especial comisión de regulación de las comunicaciones ,2308,Inversión,19872218000.0,19872218000.0
2026,Trabajo,36,Ministerio del trabajo,3601,Funcionamiento,49845707597920.0,49845707597920.0
2026,Trabajo,36,Ministerio del trabajo,3601,Inversión,466973702382.0,466973702382.0
2026,Trabajo,36,Servicio nacional de aprendizaje (sena),3602,Funcionamiento,136827084000.0,136827084000.0
2026,Trabajo,36,Servicio nacional de aprendizaje (sena),3602,Inversión,6254634141447.0,6254634141447.0
2026,Trabajo,36,Unidad administrativa especial de organizaciones solidarias,3612,Funcionamiento,10729123640.0,10729123640.0
2026,Trabajo,36,Unidad administrativa especial de organizaciones solidarias,3612,Inversión,44458557030.0,44458557030.0
2026,Trabajo,36,Unidad administrativa especial del servicio público de empleo,3613,Funcionamiento,15514995069.0,15514995069.0
2026,Trabajo,36,Unidad administrativa especial del servicio público de empleo,3613,Inversión,16099690804.0,16099690804.0
2026,Transporte,24,Agencia nacional de infraestructura,2413,Funcionamiento,139501322130.0,139501322130.0
2026,Transporte,24,Agencia nacional de infraestructura,2413,Inversión,7733782075177.0,7733782075177.0
2026,Transporte,24,Agencia nacional de infraestructura,2413,Deuda,2723269063087.0,2723269063087.0
2026,Transporte,24,Agencia nacional de seguridad vial,2416,Funcionamiento,31832825000.0,31832825000.0
2026,Transporte,24,Agencia nacional de seguridad vial,2416,Inversión,238743316887.0,238743316887.0
2026,Transporte,24,Comisión de regulación de infraestructura y transporte,2415,Funcionamiento,1407199000.0,1407199000.0
2026,Transporte,24,Instituto nacional de vías,2402,Funcionamiento,389835633504.0,389835633504.0
2026,Transporte,24,Instituto nacional de vías,2402,Inversión,5236922134010.0,5236922134010.0
2026,Transporte,24,Instituto nacional de vías,2402,Deuda,601876014.0,601876014.0
2026,Transporte,24,Ministerio de transporte,2401,Funcionamiento,318618478299.0,318618478299.0
2026,Transporte,24,Ministerio de transporte,2401,Inversión,152722000000.0,152722000000.0
2026,Transporte,24,Ministerio de transporte,2401,Deuda,6797215826.0,6797215826.0
2026,Transporte,24,Superintendencia de puertos y transporte,2417,Funcionamiento,71634302477.0,71634302477.0
2026,Transporte,24,Superintendencia de puertos y transporte,2417,Inversión,40619000000.0,40619000000.0
2026,Transporte,24,Unidad administrativa especial de la aeronáutica civil,2412,Funcionamiento,1266851601398.0,1266851601398.0
2026,Transporte,24,Unidad administrativa especial de la aeronáutica civil,2412,Inversión,2136607794828.0,2136607794828.0
2026,Transporte,24,Unidad de planeación del sector de infraestructura de transporte,2414,Funcionamiento,18936834324.0,18936834324.0
2026,Transporte,24,Unidad de planeación del sector de infraestructura de transporte,2414,Inversión,16000000000.0,16000000000.0
2026,"Vivienda, ciudad y territorio",40,Fondo nacional de vivienda - fonvivienda,4002,Funcionamiento,9864000000.0,9864000000.0
2026,"Vivienda, ciudad y territorio",40,Fondo nacional de vivienda - fonvivienda,4002,Inversión,1741542808261.0,1741542808261.0
2026,"Vivienda, ciudad y territorio",40,"Ministerio de vivienda, ciudad y territorio",4001,Funcionamiento,4688757505748.0,4688757505748.0
2026,"Vivienda, ciudad y territorio",40,"Ministerio de vivienda, ciudad y territorio",4001,Inversión,836708155098.0,836708155098.0
